repository	commit	path	lines	matched_terms	url
microsoft/MS_UEFI	ce5608b1f0d45bf2bab8b00b95982829abb60a36	AppPkg/Applications/Python/Python-2.7.10/Modules/cjkcodecs/mappings_cn.h	12,131,262,336,431,1037,1038,1296,1925,2951,3019,3420,3538,3985	2836	https://github.com/microsoft/MS_UEFI/blob/ce5608b1f0d45bf2bab8b00b95982829abb60a36/AppPkg/Applications/Python/Python-2.7.10/Modules/cjkcodecs/mappings_cn.h#L12
microsoft/MS_UEFI	ce5608b1f0d45bf2bab8b00b95982829abb60a36	AppPkg/Applications/Python/Python-2.7.10/Modules/cjkcodecs/mappings_hk.h	13,282,312	2836	https://github.com/microsoft/MS_UEFI/blob/ce5608b1f0d45bf2bab8b00b95982829abb60a36/AppPkg/Applications/Python/Python-2.7.10/Modules/cjkcodecs/mappings_hk.h#L13
microsoft/MS_UEFI	ce5608b1f0d45bf2bab8b00b95982829abb60a36	AppPkg/Applications/Python/Python-2.7.10/Modules/cjkcodecs/mappings_jp.h	68,128,375,377,785,882,1500,1628,1798,2967,3137,4199	2836	https://github.com/microsoft/MS_UEFI/blob/ce5608b1f0d45bf2bab8b00b95982829abb60a36/AppPkg/Applications/Python/Python-2.7.10/Modules/cjkcodecs/mappings_jp.h#L68
microsoft/MS_UEFI	ce5608b1f0d45bf2bab8b00b95982829abb60a36	AppPkg/Applications/Python/Python-2.7.10/Modules/cjkcodecs/mappings_kr.h	507,558,608,617,618,1236,1592,2337,2901	2836	https://github.com/microsoft/MS_UEFI/blob/ce5608b1f0d45bf2bab8b00b95982829abb60a36/AppPkg/Applications/Python/Python-2.7.10/Modules/cjkcodecs/mappings_kr.h#L507
microsoft/MS_UEFI	ce5608b1f0d45bf2bab8b00b95982829abb60a36	AppPkg/Applications/Python/Python-2.7.10/Modules/cjkcodecs/mappings_tw.h	254,289,326,774,775,776,829,1320,1426,2414	2836	https://github.com/microsoft/MS_UEFI/blob/ce5608b1f0d45bf2bab8b00b95982829abb60a36/AppPkg/Applications/Python/Python-2.7.10/Modules/cjkcodecs/mappings_tw.h#L254
microsoft/MS_UEFI	ce5608b1f0d45bf2bab8b00b95982829abb60a36	AppPkg/Applications/Python/Python-2.7.10/Modules/unicodedata_db.h	2973,3038,3475	2836	https://github.com/microsoft/MS_UEFI/blob/ce5608b1f0d45bf2bab8b00b95982829abb60a36/AppPkg/Applications/Python/Python-2.7.10/Modules/unicodedata_db.h#L2973
microsoft/MS_UEFI	ce5608b1f0d45bf2bab8b00b95982829abb60a36	AppPkg/Applications/Python/Python-2.7.10/Modules/unicodename_db.h	4436,4523,12968,12969,14430,15455,15780,16186	2836	https://github.com/microsoft/MS_UEFI/blob/ce5608b1f0d45bf2bab8b00b95982829abb60a36/AppPkg/Applications/Python/Python-2.7.10/Modules/unicodename_db.h#L4436
microsoft/MS_UEFI	ce5608b1f0d45bf2bab8b00b95982829abb60a36	AppPkg/Applications/Python/Python-2.7.2/Lib/test/decimaltestdata/ddDivide.decTest	658,783,804	2836	https://github.com/microsoft/MS_UEFI/blob/ce5608b1f0d45bf2bab8b00b95982829abb60a36/AppPkg/Applications/Python/Python-2.7.2/Lib/test/decimaltestdata/ddDivide.decTest#L658
microsoft/MS_UEFI	ce5608b1f0d45bf2bab8b00b95982829abb60a36	AppPkg/Applications/Python/Python-2.7.2/Lib/test/decimaltestdata/ddFMA.decTest	522	2836	https://github.com/microsoft/MS_UEFI/blob/ce5608b1f0d45bf2bab8b00b95982829abb60a36/AppPkg/Applications/Python/Python-2.7.2/Lib/test/decimaltestdata/ddFMA.decTest#L522
microsoft/MS_UEFI	ce5608b1f0d45bf2bab8b00b95982829abb60a36	AppPkg/Applications/Python/Python-2.7.2/Lib/test/decimaltestdata/dqFMA.decTest	540	2836	https://github.com/microsoft/MS_UEFI/blob/ce5608b1f0d45bf2bab8b00b95982829abb60a36/AppPkg/Applications/Python/Python-2.7.2/Lib/test/decimaltestdata/dqFMA.decTest#L540
microsoft/MS_UEFI	ce5608b1f0d45bf2bab8b00b95982829abb60a36	AppPkg/Applications/Python/Python-2.7.2/Lib/test/decimaltestdata/fma.decTest	691	2836	https://github.com/microsoft/MS_UEFI/blob/ce5608b1f0d45bf2bab8b00b95982829abb60a36/AppPkg/Applications/Python/Python-2.7.2/Lib/test/decimaltestdata/fma.decTest#L691
microsoft/MS_UEFI	ce5608b1f0d45bf2bab8b00b95982829abb60a36	AppPkg/Applications/Python/Python-2.7.2/Lib/test/decimaltestdata/power.decTest	1324	2836	https://github.com/microsoft/MS_UEFI/blob/ce5608b1f0d45bf2bab8b00b95982829abb60a36/AppPkg/Applications/Python/Python-2.7.2/Lib/test/decimaltestdata/power.decTest#L1324
microsoft/MS_UEFI	ce5608b1f0d45bf2bab8b00b95982829abb60a36	AppPkg/Applications/Python/Python-2.7.2/Lib/test/decimaltestdata/powersqrt.decTest	869	2836	https://github.com/microsoft/MS_UEFI/blob/ce5608b1f0d45bf2bab8b00b95982829abb60a36/AppPkg/Applications/Python/Python-2.7.2/Lib/test/decimaltestdata/powersqrt.decTest#L869
microsoft/MS_UEFI	ce5608b1f0d45bf2bab8b00b95982829abb60a36	AppPkg/Applications/Python/Python-2.7.2/Lib/test/decimaltestdata/randomBound32.decTest	124,1182,1183,1184,1185,1186,1187,1188,1189,1692,1693,1694,1695,1696,1698,1699,1904	2836	https://github.com/microsoft/MS_UEFI/blob/ce5608b1f0d45bf2bab8b00b95982829abb60a36/AppPkg/Applications/Python/Python-2.7.2/Lib/test/decimaltestdata/randomBound32.decTest#L124
microsoft/MS_UEFI	ce5608b1f0d45bf2bab8b00b95982829abb60a36	AppPkg/Applications/Python/Python-2.7.2/Lib/test/decimaltestdata/randoms.decTest	147,1118,1119,1120,1121,1122,1123,1124,1125,3896	2836	https://github.com/microsoft/MS_UEFI/blob/ce5608b1f0d45bf2bab8b00b95982829abb60a36/AppPkg/Applications/Python/Python-2.7.2/Lib/test/decimaltestdata/randoms.decTest#L147
microsoft/MS_UEFI	ce5608b1f0d45bf2bab8b00b95982829abb60a36	AppPkg/Applications/Python/Python-2.7.2/Lib/test/decimaltestdata/squareroot.decTest	860	2836	https://github.com/microsoft/MS_UEFI/blob/ce5608b1f0d45bf2bab8b00b95982829abb60a36/AppPkg/Applications/Python/Python-2.7.2/Lib/test/decimaltestdata/squareroot.decTest#L860
microsoft/MS_UEFI	ce5608b1f0d45bf2bab8b00b95982829abb60a36	AppPkg/Applications/Python/Python-2.7.2/Lib/test/floating_points.txt	462,1017	2836	https://github.com/microsoft/MS_UEFI/blob/ce5608b1f0d45bf2bab8b00b95982829abb60a36/AppPkg/Applications/Python/Python-2.7.2/Lib/test/floating_points.txt#L462
microsoft/MS_UEFI	ce5608b1f0d45bf2bab8b00b95982829abb60a36	AppPkg/Applications/Python/Python-2.7.2/Lib/test/test_exceptions.py	171,181,187	pi2	https://github.com/microsoft/MS_UEFI/blob/ce5608b1f0d45bf2bab8b00b95982829abb60a36/AppPkg/Applications/Python/Python-2.7.2/Lib/test/test_exceptions.py#L171
microsoft/MS_UEFI	ce5608b1f0d45bf2bab8b00b95982829abb60a36	AppPkg/Applications/Python/Python-2.7.2/Lib/test/test_sys.py	650	Pi2	https://github.com/microsoft/MS_UEFI/blob/ce5608b1f0d45bf2bab8b00b95982829abb60a36/AppPkg/Applications/Python/Python-2.7.2/Lib/test/test_sys.py#L650
microsoft/MS_UEFI	ce5608b1f0d45bf2bab8b00b95982829abb60a36	AppPkg/Applications/Python/Python-2.7.2/Modules/cjkcodecs/mappings_cn.h	12,131,262,336,431,1037,1038,1296,1925,2951,3019,3420,3538,3985	2836	https://github.com/microsoft/MS_UEFI/blob/ce5608b1f0d45bf2bab8b00b95982829abb60a36/AppPkg/Applications/Python/Python-2.7.2/Modules/cjkcodecs/mappings_cn.h#L12
microsoft/MS_UEFI	ce5608b1f0d45bf2bab8b00b95982829abb60a36	AppPkg/Applications/Python/Python-2.7.2/Modules/cjkcodecs/mappings_hk.h	13,282,312	2836	https://github.com/microsoft/MS_UEFI/blob/ce5608b1f0d45bf2bab8b00b95982829abb60a36/AppPkg/Applications/Python/Python-2.7.2/Modules/cjkcodecs/mappings_hk.h#L13
microsoft/MS_UEFI	ce5608b1f0d45bf2bab8b00b95982829abb60a36	AppPkg/Applications/Python/Python-2.7.2/Modules/cjkcodecs/mappings_jp.h	68,128,375,377,785,882,1500,1628,1798,2967,3137,4199	2836	https://github.com/microsoft/MS_UEFI/blob/ce5608b1f0d45bf2bab8b00b95982829abb60a36/AppPkg/Applications/Python/Python-2.7.2/Modules/cjkcodecs/mappings_jp.h#L68
microsoft/MS_UEFI	ce5608b1f0d45bf2bab8b00b95982829abb60a36	AppPkg/Applications/Python/Python-2.7.2/Modules/cjkcodecs/mappings_kr.h	507,558,608,617,618,1236,1592,2337,2901	2836	https://github.com/microsoft/MS_UEFI/blob/ce5608b1f0d45bf2bab8b00b95982829abb60a36/AppPkg/Applications/Python/Python-2.7.2/Modules/cjkcodecs/mappings_kr.h#L507
microsoft/MS_UEFI	ce5608b1f0d45bf2bab8b00b95982829abb60a36	AppPkg/Applications/Python/Python-2.7.2/Modules/cjkcodecs/mappings_tw.h	254,289,326,774,775,776,829,1320,1426,2414	2836	https://github.com/microsoft/MS_UEFI/blob/ce5608b1f0d45bf2bab8b00b95982829abb60a36/AppPkg/Applications/Python/Python-2.7.2/Modules/cjkcodecs/mappings_tw.h#L254
microsoft/MS_UEFI	ce5608b1f0d45bf2bab8b00b95982829abb60a36	AppPkg/Applications/Python/Python-2.7.2/Modules/unicodedata_db.h	2973,3038,3475	2836	https://github.com/microsoft/MS_UEFI/blob/ce5608b1f0d45bf2bab8b00b95982829abb60a36/AppPkg/Applications/Python/Python-2.7.2/Modules/unicodedata_db.h#L2973
microsoft/MS_UEFI	ce5608b1f0d45bf2bab8b00b95982829abb60a36	AppPkg/Applications/Python/Python-2.7.2/Modules/unicodename_db.h	4436,4523,12968,12969,14430,15455,15780,16186	2836	https://github.com/microsoft/MS_UEFI/blob/ce5608b1f0d45bf2bab8b00b95982829abb60a36/AppPkg/Applications/Python/Python-2.7.2/Modules/unicodename_db.h#L4436
microsoft/MS_UEFI	ce5608b1f0d45bf2bab8b00b95982829abb60a36	ArmPkg/ArmPkg.dsc	34,35	armv7	https://github.com/microsoft/MS_UEFI/blob/ce5608b1f0d45bf2bab8b00b95982829abb60a36/ArmPkg/ArmPkg.dsc#L34
microsoft/MS_UEFI	ce5608b1f0d45bf2bab8b00b95982829abb60a36	ArmPkg/Drivers/ArmGic/GicV3/Arm/ArmGicV3.asm	14	ARMv7	https://github.com/microsoft/MS_UEFI/blob/ce5608b1f0d45bf2bab8b00b95982829abb60a36/ArmPkg/Drivers/ArmGic/GicV3/Arm/ArmGicV3.asm#L14
microsoft/MS_UEFI	ce5608b1f0d45bf2bab8b00b95982829abb60a36	ArmPkg/Drivers/ArmGic/GicV3/Arm/ArmGicV3.S	17	ARMv7	https://github.com/microsoft/MS_UEFI/blob/ce5608b1f0d45bf2bab8b00b95982829abb60a36/ArmPkg/Drivers/ArmGic/GicV3/Arm/ArmGicV3.S#L17
microsoft/MS_UEFI	ce5608b1f0d45bf2bab8b00b95982829abb60a36	ArmPkg/Include/Chipset/ArmCortexA9.h	18	ArmV7	https://github.com/microsoft/MS_UEFI/blob/ce5608b1f0d45bf2bab8b00b95982829abb60a36/ArmPkg/Include/Chipset/ArmCortexA9.h#L18
microsoft/MS_UEFI	ce5608b1f0d45bf2bab8b00b95982829abb60a36	ArmPkg/Include/Chipset/ArmV7.h	19	ArmV7	https://github.com/microsoft/MS_UEFI/blob/ce5608b1f0d45bf2bab8b00b95982829abb60a36/ArmPkg/Include/Chipset/ArmV7.h#L19
microsoft/MS_UEFI	ce5608b1f0d45bf2bab8b00b95982829abb60a36	ArmPkg/Include/Chipset/ArmV7Mmu.h	15,16	ARMV7	https://github.com/microsoft/MS_UEFI/blob/ce5608b1f0d45bf2bab8b00b95982829abb60a36/ArmPkg/Include/Chipset/ArmV7Mmu.h#L15
microsoft/MS_UEFI	ce5608b1f0d45bf2bab8b00b95982829abb60a36	ArmPkg/Include/Library/ArmLib.h	22	ArmV7	https://github.com/microsoft/MS_UEFI/blob/ce5608b1f0d45bf2bab8b00b95982829abb60a36/ArmPkg/Include/Library/ArmLib.h#L22
microsoft/MS_UEFI	ce5608b1f0d45bf2bab8b00b95982829abb60a36	ArmPkg/Library/ArmArchTimerLib/ArmArchTimerLib.c	60	ARMv7	https://github.com/microsoft/MS_UEFI/blob/ce5608b1f0d45bf2bab8b00b95982829abb60a36/ArmPkg/Library/ArmArchTimerLib/ArmArchTimerLib.c#L60
microsoft/MS_UEFI	ce5608b1f0d45bf2bab8b00b95982829abb60a36	ArmPkg/Library/ArmExceptionLib/Arm/ArmException.c	20	ArmV7	https://github.com/microsoft/MS_UEFI/blob/ce5608b1f0d45bf2bab8b00b95982829abb60a36/ArmPkg/Library/ArmExceptionLib/Arm/ArmException.c#L20
microsoft/MS_UEFI	ce5608b1f0d45bf2bab8b00b95982829abb60a36	ArmPkg/Library/ArmLib/Arm/ArmV7Lib.c	16,20,24,33,49,59,69	ArmV7	https://github.com/microsoft/MS_UEFI/blob/ce5608b1f0d45bf2bab8b00b95982829abb60a36/ArmPkg/Library/ArmLib/Arm/ArmV7Lib.c#L16
microsoft/MS_UEFI	ce5608b1f0d45bf2bab8b00b95982829abb60a36	ArmPkg/Library/ArmLib/Arm/ArmV7Lib.h	35	ArmV7	https://github.com/microsoft/MS_UEFI/blob/ce5608b1f0d45bf2bab8b00b95982829abb60a36/ArmPkg/Library/ArmLib/Arm/ArmV7Lib.h#L35
microsoft/MS_UEFI	ce5608b1f0d45bf2bab8b00b95982829abb60a36	ArmPkg/Library/ArmLib/Arm/ArmV7Support.asm	179	ArmV7	https://github.com/microsoft/MS_UEFI/blob/ce5608b1f0d45bf2bab8b00b95982829abb60a36/ArmPkg/Library/ArmLib/Arm/ArmV7Support.asm#L179
microsoft/MS_UEFI	ce5608b1f0d45bf2bab8b00b95982829abb60a36	ArmPkg/Library/ArmLib/Arm/ArmV7Support.S	178	ArmV7	https://github.com/microsoft/MS_UEFI/blob/ce5608b1f0d45bf2bab8b00b95982829abb60a36/ArmPkg/Library/ArmLib/Arm/ArmV7Support.S#L178
microsoft/MS_UEFI	ce5608b1f0d45bf2bab8b00b95982829abb60a36	ArmPkg/Library/ArmLib/ArmBaseLib.inf	29,33,34,38,39	ArmV7	https://github.com/microsoft/MS_UEFI/blob/ce5608b1f0d45bf2bab8b00b95982829abb60a36/ArmPkg/Library/ArmLib/ArmBaseLib.inf#L29
microsoft/MS_UEFI	ce5608b1f0d45bf2bab8b00b95982829abb60a36	ArmPkg/Library/ArmMmuLib/Arm/ArmMmuLibCore.c	2,17	ARMv7;ArmV7	https://github.com/microsoft/MS_UEFI/blob/ce5608b1f0d45bf2bab8b00b95982829abb60a36/ArmPkg/Library/ArmMmuLib/Arm/ArmMmuLibCore.c#L2
microsoft/MS_UEFI	ce5608b1f0d45bf2bab8b00b95982829abb60a36	ArmPkg/Library/SemihostLib/Arm/GccSemihost.S	21,22	ARMv7	https://github.com/microsoft/MS_UEFI/blob/ce5608b1f0d45bf2bab8b00b95982829abb60a36/ArmPkg/Library/SemihostLib/Arm/GccSemihost.S#L21
microsoft/MS_UEFI	ce5608b1f0d45bf2bab8b00b95982829abb60a36	ArmPlatformPkg/Library/EblCmdLib/Arm/EblCmdMmu.c	18	ArmV7	https://github.com/microsoft/MS_UEFI/blob/ce5608b1f0d45bf2bab8b00b95982829abb60a36/ArmPlatformPkg/Library/EblCmdLib/Arm/EblCmdMmu.c#L18
microsoft/MS_UEFI	ce5608b1f0d45bf2bab8b00b95982829abb60a36	ArmPlatformPkg/PrePi/Arm/ModuleEntryPoint.asm	15	ArmV7	https://github.com/microsoft/MS_UEFI/blob/ce5608b1f0d45bf2bab8b00b95982829abb60a36/ArmPlatformPkg/PrePi/Arm/ModuleEntryPoint.asm#L15
microsoft/MS_UEFI	ce5608b1f0d45bf2bab8b00b95982829abb60a36	ArmPlatformPkg/PrePi/Arm/ModuleEntryPoint.S	16	ArmV7	https://github.com/microsoft/MS_UEFI/blob/ce5608b1f0d45bf2bab8b00b95982829abb60a36/ArmPlatformPkg/PrePi/Arm/ModuleEntryPoint.S#L16
microsoft/MS_UEFI	ce5608b1f0d45bf2bab8b00b95982829abb60a36	ArmVirtPkg/Library/ArmVirtTimerFdtClientLib/ArmVirtTimerFdtClientLib.c	50	armv7	https://github.com/microsoft/MS_UEFI/blob/ce5608b1f0d45bf2bab8b00b95982829abb60a36/ArmVirtPkg/Library/ArmVirtTimerFdtClientLib/ArmVirtTimerFdtClientLib.c#L50
microsoft/MS_UEFI	ce5608b1f0d45bf2bab8b00b95982829abb60a36	BaseTools/Conf/tools_def.template	4698,4705,4806,4813,4943,4950,5080,5087,5235,5331,7207,7208,7209	armv7	https://github.com/microsoft/MS_UEFI/blob/ce5608b1f0d45bf2bab8b00b95982829abb60a36/BaseTools/Conf/tools_def.template#L4698
microsoft/MS_UEFI	ce5608b1f0d45bf2bab8b00b95982829abb60a36	BaseTools/Source/C/BrotliCompress/dec/port.h	39,40,61,136,143	ARMV7;ARMv7;armv7	https://github.com/microsoft/MS_UEFI/blob/ce5608b1f0d45bf2bab8b00b95982829abb60a36/BaseTools/Source/C/BrotliCompress/dec/port.h#L39
microsoft/MS_UEFI	ce5608b1f0d45bf2bab8b00b95982829abb60a36	BaseTools/Source/C/BrotliCompress/enc/port.h	85	ARMv7	https://github.com/microsoft/MS_UEFI/blob/ce5608b1f0d45bf2bab8b00b95982829abb60a36/BaseTools/Source/C/BrotliCompress/enc/port.h#L85
microsoft/MS_UEFI	ce5608b1f0d45bf2bab8b00b95982829abb60a36	BaseTools/Source/C/GenFw/GenFw.c	38	pi2	https://github.com/microsoft/MS_UEFI/blob/ce5608b1f0d45bf2bab8b00b95982829abb60a36/BaseTools/Source/C/GenFw/GenFw.c#L38
microsoft/MS_UEFI	ce5608b1f0d45bf2bab8b00b95982829abb60a36	BeagleBoardPkg/BeagleBoardPkg.dsc	223,224	armv7	https://github.com/microsoft/MS_UEFI/blob/ce5608b1f0d45bf2bab8b00b95982829abb60a36/BeagleBoardPkg/BeagleBoardPkg.dsc#L223
microsoft/MS_UEFI	ce5608b1f0d45bf2bab8b00b95982829abb60a36	BeagleBoardPkg/Library/BeagleBoardLib/PadConfiguration.c	234,235,236,237,238	PI2	https://github.com/microsoft/MS_UEFI/blob/ce5608b1f0d45bf2bab8b00b95982829abb60a36/BeagleBoardPkg/Library/BeagleBoardLib/PadConfiguration.c#L234
microsoft/MS_UEFI	ce5608b1f0d45bf2bab8b00b95982829abb60a36	DuetPkg/DxeIpl/HobGeneration.c	275	PI2	https://github.com/microsoft/MS_UEFI/blob/ce5608b1f0d45bf2bab8b00b95982829abb60a36/DuetPkg/DxeIpl/HobGeneration.c#L275
microsoft/MS_UEFI	ce5608b1f0d45bf2bab8b00b95982829abb60a36	DuetPkg/DxeIpl/HobGeneration.h	81	pi2	https://github.com/microsoft/MS_UEFI/blob/ce5608b1f0d45bf2bab8b00b95982829abb60a36/DuetPkg/DxeIpl/HobGeneration.h#L81
microsoft/MS_UEFI	ce5608b1f0d45bf2bab8b00b95982829abb60a36	DuetPkg/DxeIpl/LegacyTable.c	194,196,197,343	PI2;pi2	https://github.com/microsoft/MS_UEFI/blob/ce5608b1f0d45bf2bab8b00b95982829abb60a36/DuetPkg/DxeIpl/LegacyTable.c#L194
microsoft/MS_UEFI	ce5608b1f0d45bf2bab8b00b95982829abb60a36	DuetPkg/Library/DuetBdsLib/BdsPlatform.c	31,1413	pi2	https://github.com/microsoft/MS_UEFI/blob/ce5608b1f0d45bf2bab8b00b95982829abb60a36/DuetPkg/Library/DuetBdsLib/BdsPlatform.c#L31
microsoft/MS_UEFI	ce5608b1f0d45bf2bab8b00b95982829abb60a36	DuetPkg/Library/DuetBdsLib/PlatformBds.inf	56	pi2	https://github.com/microsoft/MS_UEFI/blob/ce5608b1f0d45bf2bab8b00b95982829abb60a36/DuetPkg/Library/DuetBdsLib/PlatformBds.inf#L56
microsoft/MS_UEFI	ce5608b1f0d45bf2bab8b00b95982829abb60a36	EdkCompatibilityPkg/Compatibility/PciCfg2OnPciCfgThunk/PciCfg2OnPciCfgThunk.c	2,56	pi2	https://github.com/microsoft/MS_UEFI/blob/ce5608b1f0d45bf2bab8b00b95982829abb60a36/EdkCompatibilityPkg/Compatibility/PciCfg2OnPciCfgThunk/PciCfg2OnPciCfgThunk.c#L2
microsoft/MS_UEFI	ce5608b1f0d45bf2bab8b00b95982829abb60a36	EdkCompatibilityPkg/Compatibility/PciCfg2OnPciCfgThunk/PciCfg2OnPciCfgThunk.inf	2,54	pi2	https://github.com/microsoft/MS_UEFI/blob/ce5608b1f0d45bf2bab8b00b95982829abb60a36/EdkCompatibilityPkg/Compatibility/PciCfg2OnPciCfgThunk/PciCfg2OnPciCfgThunk.inf#L2
microsoft/MS_UEFI	ce5608b1f0d45bf2bab8b00b95982829abb60a36	EdkCompatibilityPkg/Compatibility/PciCfgOnPciCfg2Thunk/PciCfgOnPciCfg2Thunk.c	2,7	pi2	https://github.com/microsoft/MS_UEFI/blob/ce5608b1f0d45bf2bab8b00b95982829abb60a36/EdkCompatibilityPkg/Compatibility/PciCfgOnPciCfg2Thunk/PciCfgOnPciCfg2Thunk.c#L2
microsoft/MS_UEFI	ce5608b1f0d45bf2bab8b00b95982829abb60a36	EdkCompatibilityPkg/Compatibility/PciCfgOnPciCfg2Thunk/PciCfgOnPciCfg2Thunk.inf	2,7	pi2	https://github.com/microsoft/MS_UEFI/blob/ce5608b1f0d45bf2bab8b00b95982829abb60a36/EdkCompatibilityPkg/Compatibility/PciCfgOnPciCfg2Thunk/PciCfgOnPciCfg2Thunk.inf#L2
microsoft/MS_UEFI	ce5608b1f0d45bf2bab8b00b95982829abb60a36	EdkCompatibilityPkg/Foundation/Efi/Guid/Acpi/Acpi.c	29,31	pi2	https://github.com/microsoft/MS_UEFI/blob/ce5608b1f0d45bf2bab8b00b95982829abb60a36/EdkCompatibilityPkg/Foundation/Efi/Guid/Acpi/Acpi.c#L29
microsoft/MS_UEFI	ce5608b1f0d45bf2bab8b00b95982829abb60a36	EdkCompatibilityPkg/Foundation/Efi/Guid/Acpi/Acpi.h	42	pi2	https://github.com/microsoft/MS_UEFI/blob/ce5608b1f0d45bf2bab8b00b95982829abb60a36/EdkCompatibilityPkg/Foundation/Efi/Guid/Acpi/Acpi.h#L42
microsoft/MS_UEFI	ce5608b1f0d45bf2bab8b00b95982829abb60a36	EdkCompatibilityPkg/Foundation/Include/IndustryStandard/Acpi.h	28	pi2	https://github.com/microsoft/MS_UEFI/blob/ce5608b1f0d45bf2bab8b00b95982829abb60a36/EdkCompatibilityPkg/Foundation/Include/IndustryStandard/Acpi.h#L28
microsoft/MS_UEFI	ce5608b1f0d45bf2bab8b00b95982829abb60a36	EdkCompatibilityPkg/Foundation/Include/IndustryStandard/Acpi2_0.h	14	pi2	https://github.com/microsoft/MS_UEFI/blob/ce5608b1f0d45bf2bab8b00b95982829abb60a36/EdkCompatibilityPkg/Foundation/Include/IndustryStandard/Acpi2_0.h#L14
microsoft/MS_UEFI	ce5608b1f0d45bf2bab8b00b95982829abb60a36	EdkCompatibilityPkg/Foundation/Include/IndustryStandard/AlertStandardFormatTable.h	26	pi2	https://github.com/microsoft/MS_UEFI/blob/ce5608b1f0d45bf2bab8b00b95982829abb60a36/EdkCompatibilityPkg/Foundation/Include/IndustryStandard/AlertStandardFormatTable.h#L26
microsoft/MS_UEFI	ce5608b1f0d45bf2bab8b00b95982829abb60a36	EdkCompatibilityPkg/Foundation/Include/IndustryStandard/HighPrecisionEventTimerTable.h	29	pi2	https://github.com/microsoft/MS_UEFI/blob/ce5608b1f0d45bf2bab8b00b95982829abb60a36/EdkCompatibilityPkg/Foundation/Include/IndustryStandard/HighPrecisionEventTimerTable.h#L29
microsoft/MS_UEFI	ce5608b1f0d45bf2bab8b00b95982829abb60a36	EdkCompatibilityPkg/Foundation/Include/IndustryStandard/ServerProcessorManagementInterfaceTable.h	26	pi2	https://github.com/microsoft/MS_UEFI/blob/ce5608b1f0d45bf2bab8b00b95982829abb60a36/EdkCompatibilityPkg/Foundation/Include/IndustryStandard/ServerProcessorManagementInterfaceTable.h#L26
microsoft/MS_UEFI	ce5608b1f0d45bf2bab8b00b95982829abb60a36	EdkCompatibilityPkg/Foundation/Include/IndustryStandard/WatchdogDescriptionTable.h	29	pi2	https://github.com/microsoft/MS_UEFI/blob/ce5608b1f0d45bf2bab8b00b95982829abb60a36/EdkCompatibilityPkg/Foundation/Include/IndustryStandard/WatchdogDescriptionTable.h#L29
microsoft/MS_UEFI	ce5608b1f0d45bf2bab8b00b95982829abb60a36	EdkShellPkg/ShellR33.patch	390,392,393,600,602,603,4719,4721,4722	pi2	https://github.com/microsoft/MS_UEFI/blob/ce5608b1f0d45bf2bab8b00b95982829abb60a36/EdkShellPkg/ShellR33.patch#L390
microsoft/MS_UEFI	ce5608b1f0d45bf2bab8b00b95982829abb60a36	EdkShellPkg/ShellR64.patch	3828,3834,3863,3865,3866,4124,4130,4161,4163,4164,6851,6857,6888,6890,6891	pi2	https://github.com/microsoft/MS_UEFI/blob/ce5608b1f0d45bf2bab8b00b95982829abb60a36/EdkShellPkg/ShellR64.patch#L3828
microsoft/MS_UEFI	ce5608b1f0d45bf2bab8b00b95982829abb60a36	EmbeddedPkg/Library/GdbDebugAgent/gdbnotes.txt	1	armv7	https://github.com/microsoft/MS_UEFI/blob/ce5608b1f0d45bf2bab8b00b95982829abb60a36/EmbeddedPkg/Library/GdbDebugAgent/gdbnotes.txt#L1
microsoft/MS_UEFI	ce5608b1f0d45bf2bab8b00b95982829abb60a36	IntelFrameworkModulePkg/Csm/LegacyBiosDxe/LegacyBiosDxe.inf	113,117	pi2	https://github.com/microsoft/MS_UEFI/blob/ce5608b1f0d45bf2bab8b00b95982829abb60a36/IntelFrameworkModulePkg/Csm/LegacyBiosDxe/LegacyBiosDxe.inf#L113
microsoft/MS_UEFI	ce5608b1f0d45bf2bab8b00b95982829abb60a36	IntelFrameworkModulePkg/Csm/LegacyBiosDxe/LegacyBootSupport.c	979	pi2	https://github.com/microsoft/MS_UEFI/blob/ce5608b1f0d45bf2bab8b00b95982829abb60a36/IntelFrameworkModulePkg/Csm/LegacyBiosDxe/LegacyBootSupport.c#L979
microsoft/MS_UEFI	ce5608b1f0d45bf2bab8b00b95982829abb60a36	MdeModulePkg/Core/Pei/PeiMain.inf	95	pi2	https://github.com/microsoft/MS_UEFI/blob/ce5608b1f0d45bf2bab8b00b95982829abb60a36/MdeModulePkg/Core/Pei/PeiMain.inf#L95
microsoft/MS_UEFI	ce5608b1f0d45bf2bab8b00b95982829abb60a36	MdeModulePkg/Library/BrotliCustomDecompressLib/dec/port.h	39,40,61,136,143	ARMV7;ARMv7;armv7	https://github.com/microsoft/MS_UEFI/blob/ce5608b1f0d45bf2bab8b00b95982829abb60a36/MdeModulePkg/Library/BrotliCustomDecompressLib/dec/port.h#L39
microsoft/MS_UEFI	ce5608b1f0d45bf2bab8b00b95982829abb60a36	MdeModulePkg/Universal/Acpi/S3SaveStateDxe/AcpiS3ContextSave.c	272	pi2	https://github.com/microsoft/MS_UEFI/blob/ce5608b1f0d45bf2bab8b00b95982829abb60a36/MdeModulePkg/Universal/Acpi/S3SaveStateDxe/AcpiS3ContextSave.c#L272
microsoft/MS_UEFI	ce5608b1f0d45bf2bab8b00b95982829abb60a36	MdeModulePkg/Universal/Acpi/S3SaveStateDxe/S3SaveStateDxe.inf	57	pi2	https://github.com/microsoft/MS_UEFI/blob/ce5608b1f0d45bf2bab8b00b95982829abb60a36/MdeModulePkg/Universal/Acpi/S3SaveStateDxe/S3SaveStateDxe.inf#L57
microsoft/MS_UEFI	ce5608b1f0d45bf2bab8b00b95982829abb60a36	MdeModulePkg/Universal/Network/IScsiDxe/IScsiDxe.inf	111	pi2	https://github.com/microsoft/MS_UEFI/blob/ce5608b1f0d45bf2bab8b00b95982829abb60a36/MdeModulePkg/Universal/Network/IScsiDxe/IScsiDxe.inf#L111
microsoft/MS_UEFI	ce5608b1f0d45bf2bab8b00b95982829abb60a36	MdePkg/Include/Guid/Acpi.h	44	pi2	https://github.com/microsoft/MS_UEFI/blob/ce5608b1f0d45bf2bab8b00b95982829abb60a36/MdePkg/Include/Guid/Acpi.h#L44
microsoft/MS_UEFI	ce5608b1f0d45bf2bab8b00b95982829abb60a36	MdePkg/Include/IndustryStandard/Acpi30.h	17	pi2	https://github.com/microsoft/MS_UEFI/blob/ce5608b1f0d45bf2bab8b00b95982829abb60a36/MdePkg/Include/IndustryStandard/Acpi30.h#L17
microsoft/MS_UEFI	ce5608b1f0d45bf2bab8b00b95982829abb60a36	MdePkg/Include/IndustryStandard/SmBios.h	724	ARMv7	https://github.com/microsoft/MS_UEFI/blob/ce5608b1f0d45bf2bab8b00b95982829abb60a36/MdePkg/Include/IndustryStandard/SmBios.h#L724
microsoft/MS_UEFI	ce5608b1f0d45bf2bab8b00b95982829abb60a36	MdePkg/Library/BaseCpuLib/Arm/CpuSleep.asm	3,9	ARMv7	https://github.com/microsoft/MS_UEFI/blob/ce5608b1f0d45bf2bab8b00b95982829abb60a36/MdePkg/Library/BaseCpuLib/Arm/CpuSleep.asm#L3
microsoft/MS_UEFI	ce5608b1f0d45bf2bab8b00b95982829abb60a36	MdePkg/Library/BaseCpuLib/Arm/CpuSleep.S	3,9	ARMv7	https://github.com/microsoft/MS_UEFI/blob/ce5608b1f0d45bf2bab8b00b95982829abb60a36/MdePkg/Library/BaseCpuLib/Arm/CpuSleep.S#L3
microsoft/MS_UEFI	ce5608b1f0d45bf2bab8b00b95982829abb60a36	MdePkg/Library/BaseLib/AArch64/CpuBreakpoint.S	36	Armv7	https://github.com/microsoft/MS_UEFI/blob/ce5608b1f0d45bf2bab8b00b95982829abb60a36/MdePkg/Library/BaseLib/AArch64/CpuBreakpoint.S#L36
microsoft/MS_UEFI	ce5608b1f0d45bf2bab8b00b95982829abb60a36	MdePkg/Library/BaseMemoryLibOptDxe/Arm/ScanMem.asm	36	ARMv7	https://github.com/microsoft/MS_UEFI/blob/ce5608b1f0d45bf2bab8b00b95982829abb60a36/MdePkg/Library/BaseMemoryLibOptDxe/Arm/ScanMem.asm#L36
microsoft/MS_UEFI	ce5608b1f0d45bf2bab8b00b95982829abb60a36	MdePkg/Library/BaseMemoryLibOptDxe/Arm/ScanMem.S	36	ARMv7	https://github.com/microsoft/MS_UEFI/blob/ce5608b1f0d45bf2bab8b00b95982829abb60a36/MdePkg/Library/BaseMemoryLibOptDxe/Arm/ScanMem.S#L36
microsoft/MS_UEFI	ce5608b1f0d45bf2bab8b00b95982829abb60a36	MdePkg/MdePkg.dec	315	pi2	https://github.com/microsoft/MS_UEFI/blob/ce5608b1f0d45bf2bab8b00b95982829abb60a36/MdePkg/MdePkg.dec#L315
microsoft/MS_UEFI	ce5608b1f0d45bf2bab8b00b95982829abb60a36	NetworkPkg/IScsiDxe/IScsiDxe.inf	126	pi2	https://github.com/microsoft/MS_UEFI/blob/ce5608b1f0d45bf2bab8b00b95982829abb60a36/NetworkPkg/IScsiDxe/IScsiDxe.inf#L126
microsoft/MS_UEFI	ce5608b1f0d45bf2bab8b00b95982829abb60a36	Omap35xxPkg/Include/Omap3530/Omap3530PadConfiguration.h	234,235,236,237,238	PI2	https://github.com/microsoft/MS_UEFI/blob/ce5608b1f0d45bf2bab8b00b95982829abb60a36/Omap35xxPkg/Include/Omap3530/Omap3530PadConfiguration.h#L234
microsoft/MS_UEFI	ce5608b1f0d45bf2bab8b00b95982829abb60a36	Omap35xxPkg/Omap35xxPkg.dsc	89,90,91,93,94	armv7	https://github.com/microsoft/MS_UEFI/blob/ce5608b1f0d45bf2bab8b00b95982829abb60a36/Omap35xxPkg/Omap35xxPkg.dsc#L89
microsoft/MS_UEFI	ce5608b1f0d45bf2bab8b00b95982829abb60a36	OvmfPkg/Library/QemuBootOrderLib/ExtraRootBusMap.c	65,68,70,71	pi2	https://github.com/microsoft/MS_UEFI/blob/ce5608b1f0d45bf2bab8b00b95982829abb60a36/OvmfPkg/Library/QemuBootOrderLib/ExtraRootBusMap.c#L65
microsoft/MS_UEFI	ce5608b1f0d45bf2bab8b00b95982829abb60a36	QuarkPlatformPkg/Acpi/AcpiTables/Facs/Facs.h	3	pi2	https://github.com/microsoft/MS_UEFI/blob/ce5608b1f0d45bf2bab8b00b95982829abb60a36/QuarkPlatformPkg/Acpi/AcpiTables/Facs/Facs.h#L3
microsoft/MS_UEFI	ce5608b1f0d45bf2bab8b00b95982829abb60a36	QuarkPlatformPkg/Acpi/AcpiTables/Fadt/Fadt.h	3	pi2	https://github.com/microsoft/MS_UEFI/blob/ce5608b1f0d45bf2bab8b00b95982829abb60a36/QuarkPlatformPkg/Acpi/AcpiTables/Fadt/Fadt.h#L3
microsoft/MS_UEFI	ce5608b1f0d45bf2bab8b00b95982829abb60a36	QuarkPlatformPkg/Acpi/AcpiTables/Fadt/Fadt1.0.aslc	3	pi2	https://github.com/microsoft/MS_UEFI/blob/ce5608b1f0d45bf2bab8b00b95982829abb60a36/QuarkPlatformPkg/Acpi/AcpiTables/Fadt/Fadt1.0.aslc#L3
microsoft/MS_UEFI	ce5608b1f0d45bf2bab8b00b95982829abb60a36	QuarkPlatformPkg/Acpi/AcpiTables/Fadt/Fadt2.0.aslc	3	pi2	https://github.com/microsoft/MS_UEFI/blob/ce5608b1f0d45bf2bab8b00b95982829abb60a36/QuarkPlatformPkg/Acpi/AcpiTables/Fadt/Fadt2.0.aslc#L3
microsoft/MS_UEFI	ce5608b1f0d45bf2bab8b00b95982829abb60a36	QuarkPlatformPkg/Acpi/AcpiTables/Hpet/Hpet.h	3	pi2	https://github.com/microsoft/MS_UEFI/blob/ce5608b1f0d45bf2bab8b00b95982829abb60a36/QuarkPlatformPkg/Acpi/AcpiTables/Hpet/Hpet.h#L3
microsoft/MS_UEFI	ce5608b1f0d45bf2bab8b00b95982829abb60a36	QuarkPlatformPkg/Acpi/AcpiTables/Mcfg/Mcfg.h	4	pi2	https://github.com/microsoft/MS_UEFI/blob/ce5608b1f0d45bf2bab8b00b95982829abb60a36/QuarkPlatformPkg/Acpi/AcpiTables/Mcfg/Mcfg.h#L4
microsoft/MS_UEFI	ce5608b1f0d45bf2bab8b00b95982829abb60a36	QuarkPlatformPkg/Acpi/Dxe/AcpiPlatform/Madt.h	4	pi2	https://github.com/microsoft/MS_UEFI/blob/ce5608b1f0d45bf2bab8b00b95982829abb60a36/QuarkPlatformPkg/Acpi/Dxe/AcpiPlatform/Madt.h#L4
microsoft/MS_UEFI	ce5608b1f0d45bf2bab8b00b95982829abb60a36	ShellPkg/Library/UefiShellCommandLib/ConsistMapping.c	362,369,370,374	pi2	https://github.com/microsoft/MS_UEFI/blob/ce5608b1f0d45bf2bab8b00b95982829abb60a36/ShellPkg/Library/UefiShellCommandLib/ConsistMapping.c#L362
microsoft/MS_UEFI	ce5608b1f0d45bf2bab8b00b95982829abb60a36	ShellPkg/Library/UefiShellDebug1CommandsLib/Dmem.c	112,175,181,182,218	pi2	https://github.com/microsoft/MS_UEFI/blob/ce5608b1f0d45bf2bab8b00b95982829abb60a36/ShellPkg/Library/UefiShellDebug1CommandsLib/Dmem.c#L112
microsoft/MS_UEFI	ce5608b1f0d45bf2bab8b00b95982829abb60a36	ShellPkg/Library/UefiShellDebug1CommandsLib/SmbiosView/PrintInfo.c	2258	ARMv7	https://github.com/microsoft/MS_UEFI/blob/ce5608b1f0d45bf2bab8b00b95982829abb60a36/ShellPkg/Library/UefiShellDebug1CommandsLib/SmbiosView/PrintInfo.c#L2258
microsoft/MS_UEFI	ce5608b1f0d45bf2bab8b00b95982829abb60a36	ShellPkg/Library/UefiShellDebug1CommandsLib/UefiShellDebug1CommandsLib.inf	138	pi2	https://github.com/microsoft/MS_UEFI/blob/ce5608b1f0d45bf2bab8b00b95982829abb60a36/ShellPkg/Library/UefiShellDebug1CommandsLib/UefiShellDebug1CommandsLib.inf#L138
microsoft/MS_UEFI	ce5608b1f0d45bf2bab8b00b95982829abb60a36	StdLib/Include/Aarch64/machine/limits.h	35	ARMv7	https://github.com/microsoft/MS_UEFI/blob/ce5608b1f0d45bf2bab8b00b95982829abb60a36/StdLib/Include/Aarch64/machine/limits.h#L35
microsoft/MS_UEFI	ce5608b1f0d45bf2bab8b00b95982829abb60a36	StdLib/Include/Aarch64/machine/param.h	38	ARMv7	https://github.com/microsoft/MS_UEFI/blob/ce5608b1f0d45bf2bab8b00b95982829abb60a36/StdLib/Include/Aarch64/machine/param.h#L38
microsoft/MS_UEFI	ce5608b1f0d45bf2bab8b00b95982829abb60a36	StdLib/Include/Aarch64/machine/types.h	68	ARMv7	https://github.com/microsoft/MS_UEFI/blob/ce5608b1f0d45bf2bab8b00b95982829abb60a36/StdLib/Include/Aarch64/machine/types.h#L68
microsoft/MS_UEFI	ce5608b1f0d45bf2bab8b00b95982829abb60a36	StdLib/Include/Arm/machine/types.h	68	ARMv7	https://github.com/microsoft/MS_UEFI/blob/ce5608b1f0d45bf2bab8b00b95982829abb60a36/StdLib/Include/Arm/machine/types.h#L68
microsoft/MS_UEFI	ce5608b1f0d45bf2bab8b00b95982829abb60a36	StdLib/Include/Ipf/machine/efi.h	40	PI2	https://github.com/microsoft/MS_UEFI/blob/ce5608b1f0d45bf2bab8b00b95982829abb60a36/StdLib/Include/Ipf/machine/efi.h#L40
microsoft/MS_UEFI	ce5608b1f0d45bf2bab8b00b95982829abb60a36	StdLib/LibC/StdLib/Rand.c	42,57	2836	https://github.com/microsoft/MS_UEFI/blob/ce5608b1f0d45bf2bab8b00b95982829abb60a36/StdLib/LibC/StdLib/Rand.c#L42
microsoft/MS_UEFI	ce5608b1f0d45bf2bab8b00b95982829abb60a36	UefiCpuPkg/Library/SmmCpuFeaturesLib/SmmCpuFeaturesLibStm.inf	78	pi2	https://github.com/microsoft/MS_UEFI/blob/ce5608b1f0d45bf2bab8b00b95982829abb60a36/UefiCpuPkg/Library/SmmCpuFeaturesLib/SmmCpuFeaturesLibStm.inf#L78
microsoft/MS_UEFI	ce5608b1f0d45bf2bab8b00b95982829abb60a36	UefiCpuPkg/Library/SmmCpuFeaturesLib/SmmStm.c	398	pi2	https://github.com/microsoft/MS_UEFI/blob/ce5608b1f0d45bf2bab8b00b95982829abb60a36/UefiCpuPkg/Library/SmmCpuFeaturesLib/SmmStm.c#L398
microsoft/MS_UEFI	ce5608b1f0d45bf2bab8b00b95982829abb60a36	UefiCpuPkg/PiSmmCommunication/PiSmmCommunicationSmm.inf	58	pi2	https://github.com/microsoft/MS_UEFI/blob/ce5608b1f0d45bf2bab8b00b95982829abb60a36/UefiCpuPkg/PiSmmCommunication/PiSmmCommunicationSmm.inf#L58
microsoft/MS_UEFI	ce5608b1f0d45bf2bab8b00b95982829abb60a36	UefiCpuPkg/PiSmmCpuDxeSmm/PiSmmCpuDxeSmm.inf	136	pi2	https://github.com/microsoft/MS_UEFI/blob/ce5608b1f0d45bf2bab8b00b95982829abb60a36/UefiCpuPkg/PiSmmCpuDxeSmm/PiSmmCpuDxeSmm.inf#L136
microsoft/MS_UEFI	ce5608b1f0d45bf2bab8b00b95982829abb60a36	UefiCpuPkg/PiSmmCpuDxeSmm/SmmProfile.c	786	pi2	https://github.com/microsoft/MS_UEFI/blob/ce5608b1f0d45bf2bab8b00b95982829abb60a36/UefiCpuPkg/PiSmmCpuDxeSmm/SmmProfile.c#L786
microsoft/MS_UEFI	ce5608b1f0d45bf2bab8b00b95982829abb60a36	Vlv2DeviceRefCodePkg/AcpiTablesPCAT/Madt/Madt.h	22,36	pi2	https://github.com/microsoft/MS_UEFI/blob/ce5608b1f0d45bf2bab8b00b95982829abb60a36/Vlv2DeviceRefCodePkg/AcpiTablesPCAT/Madt/Madt.h#L22
microsoft/MS_UEFI	ce5608b1f0d45bf2bab8b00b95982829abb60a36	Vlv2TbltDevicePkg/AcpiPlatform/AcpiPlatform.h	50	pi2	https://github.com/microsoft/MS_UEFI/blob/ce5608b1f0d45bf2bab8b00b95982829abb60a36/Vlv2TbltDevicePkg/AcpiPlatform/AcpiPlatform.h#L50
microsoft/MS_UEFI	ce5608b1f0d45bf2bab8b00b95982829abb60a36	Vlv2TbltDevicePkg/AcpiPlatform/Osfr.h	31	pi2	https://github.com/microsoft/MS_UEFI/blob/ce5608b1f0d45bf2bab8b00b95982829abb60a36/Vlv2TbltDevicePkg/AcpiPlatform/Osfr.h#L31
microsoft/MS_UEFI	ce5608b1f0d45bf2bab8b00b95982829abb60a36	Vlv2TbltDevicePkg/Include/AlertStandardFormatTable.h	28	pi2	https://github.com/microsoft/MS_UEFI/blob/ce5608b1f0d45bf2bab8b00b95982829abb60a36/Vlv2TbltDevicePkg/Include/AlertStandardFormatTable.h#L28
microsoft/MS_UEFI	ce5608b1f0d45bf2bab8b00b95982829abb60a36	Vlv2TbltDevicePkg/Include/Hpet.h	32	pi2	https://github.com/microsoft/MS_UEFI/blob/ce5608b1f0d45bf2bab8b00b95982829abb60a36/Vlv2TbltDevicePkg/Include/Hpet.h#L32
microsoft/MS_UEFI	ce5608b1f0d45bf2bab8b00b95982829abb60a36	Vlv2TbltDevicePkg/Include/Mcfg.h	33	pi2	https://github.com/microsoft/MS_UEFI/blob/ce5608b1f0d45bf2bab8b00b95982829abb60a36/Vlv2TbltDevicePkg/Include/Mcfg.h#L33
microsoft/MS_UEFI	ce5608b1f0d45bf2bab8b00b95982829abb60a36	Vlv2TbltDevicePkg/PlatformSetupDxe/VfrStrings.uni	383	PI2	https://github.com/microsoft/MS_UEFI/blob/ce5608b1f0d45bf2bab8b00b95982829abb60a36/Vlv2TbltDevicePkg/PlatformSetupDxe/VfrStrings.uni#L383
MicrosoftDocs/windows-iotcore-docs	5ce0ec708c82a33d6ba0900d9d6ba4a6d2ce5877	windows-iotcore/connect-to-cloud/ConnectDeviceToCloud.md	45	Raspberry Pi 2	https://github.com/MicrosoftDocs/windows-iotcore-docs/blob/5ce0ec708c82a33d6ba0900d9d6ba4a6d2ce5877/windows-iotcore/connect-to-cloud/ConnectDeviceToCloud.md#L45
MicrosoftDocs/windows-iotcore-docs	5ce0ec708c82a33d6ba0900d9d6ba4a6d2ce5877	windows-iotcore/connect-your-device/IoTDashboard.md	69,117	Pi2;Raspberry Pi 2	https://github.com/MicrosoftDocs/windows-iotcore-docs/blob/5ce0ec708c82a33d6ba0900d9d6ba4a6d2ce5877/windows-iotcore/connect-your-device/IoTDashboard.md#L69
MicrosoftDocs/windows-iotcore-docs	5ce0ec708c82a33d6ba0900d9d6ba4a6d2ce5877	windows-iotcore/connect-your-device/Miracast.md	40	Raspberry Pi 2	https://github.com/MicrosoftDocs/windows-iotcore-docs/blob/5ce0ec708c82a33d6ba0900d9d6ba4a6d2ce5877/windows-iotcore/connect-your-device/Miracast.md#L40
MicrosoftDocs/windows-iotcore-docs	5ce0ec708c82a33d6ba0900d9d6ba4a6d2ce5877	windows-iotcore/develop-your-app/AppDeployment.md	25	Raspberry Pi 2	https://github.com/MicrosoftDocs/windows-iotcore-docs/blob/5ce0ec708c82a33d6ba0900d9d6ba4a6d2ce5877/windows-iotcore/develop-your-app/AppDeployment.md#L25
MicrosoftDocs/windows-iotcore-docs	5ce0ec708c82a33d6ba0900d9d6ba4a6d2ce5877	windows-iotcore/develop-your-app/BusProviders.md	15	Raspberry Pi 2	https://github.com/MicrosoftDocs/windows-iotcore-docs/blob/5ce0ec708c82a33d6ba0900d9d6ba4a6d2ce5877/windows-iotcore/develop-your-app/BusProviders.md#L15
MicrosoftDocs/windows-iotcore-docs	5ce0ec708c82a33d6ba0900d9d6ba4a6d2ce5877	windows-iotcore/develop-your-app/LightningProviders.md	198	Raspberry Pi 2	https://github.com/MicrosoftDocs/windows-iotcore-docs/blob/5ce0ec708c82a33d6ba0900d9d6ba4a6d2ce5877/windows-iotcore/develop-your-app/LightningProviders.md#L198
MicrosoftDocs/windows-iotcore-docs	5ce0ec708c82a33d6ba0900d9d6ba4a6d2ce5877	windows-iotcore/Downloads.md	35,44,51	Raspberry Pi 2	https://github.com/MicrosoftDocs/windows-iotcore-docs/blob/5ce0ec708c82a33d6ba0900d9d6ba4a6d2ce5877/windows-iotcore/Downloads.md#L35
MicrosoftDocs/windows-iotcore-docs	5ce0ec708c82a33d6ba0900d9d6ba4a6d2ce5877	windows-iotcore/learn-about-hardware/ArduinoWiring.md	24	Pi2	https://github.com/MicrosoftDocs/windows-iotcore-docs/blob/5ce0ec708c82a33d6ba0900d9d6ba4a6d2ce5877/windows-iotcore/learn-about-hardware/ArduinoWiring.md#L24
MicrosoftDocs/windows-iotcore-docs	5ce0ec708c82a33d6ba0900d9d6ba4a6d2ce5877	windows-iotcore/learn-about-hardware/ArduinoWiringPortingGuide.md	13,23,39	Raspberry Pi 2	https://github.com/MicrosoftDocs/windows-iotcore-docs/blob/5ce0ec708c82a33d6ba0900d9d6ba4a6d2ce5877/windows-iotcore/learn-about-hardware/ArduinoWiringPortingGuide.md#L13
MicrosoftDocs/windows-iotcore-docs	5ce0ec708c82a33d6ba0900d9d6ba4a6d2ce5877	windows-iotcore/learn-about-hardware/ArduinoWiringProjectGuide.md	18,58	Pi2;Raspberry Pi 2	https://github.com/MicrosoftDocs/windows-iotcore-docs/blob/5ce0ec708c82a33d6ba0900d9d6ba4a6d2ce5877/windows-iotcore/learn-about-hardware/ArduinoWiringProjectGuide.md#L18
MicrosoftDocs/windows-iotcore-docs	5ce0ec708c82a33d6ba0900d9d6ba4a6d2ce5877	windows-iotcore/learn-about-hardware/PeripheralDrivers.md	38	RPi2;Rpi2	https://github.com/MicrosoftDocs/windows-iotcore-docs/blob/5ce0ec708c82a33d6ba0900d9d6ba4a6d2ce5877/windows-iotcore/learn-about-hardware/PeripheralDrivers.md#L38
MicrosoftDocs/windows-iotcore-docs	5ce0ec708c82a33d6ba0900d9d6ba4a6d2ce5877	windows-iotcore/learn-about-hardware/PinMappings/PinMappingsRPI.md	2,7,11,13,15,62,121,214	RPi2;Raspberry Pi 2	https://github.com/MicrosoftDocs/windows-iotcore-docs/blob/5ce0ec708c82a33d6ba0900d9d6ba4a6d2ce5877/windows-iotcore/learn-about-hardware/PinMappings/PinMappingsRPI.md#L2
MicrosoftDocs/windows-iotcore-docs	5ce0ec708c82a33d6ba0900d9d6ba4a6d2ce5877	windows-iotcore/learn-about-hardware/SoCsAndCustomBoards.md	8,32	BCM2836;Raspberry Pi 2	https://github.com/MicrosoftDocs/windows-iotcore-docs/blob/5ce0ec708c82a33d6ba0900d9d6ba4a6d2ce5877/windows-iotcore/learn-about-hardware/SoCsAndCustomBoards.md#L8
MicrosoftDocs/windows-iotcore-docs	5ce0ec708c82a33d6ba0900d9d6ba4a6d2ce5877	windows-iotcore/manage-your-device/WindowsDebugger.md	62,64,66,72,74,76,78,81,105,106,107,110,111,112,120,125	RPi2;Raspberry Pi 2	https://github.com/MicrosoftDocs/windows-iotcore-docs/blob/5ce0ec708c82a33d6ba0900d9d6ba4a6d2ce5877/windows-iotcore/manage-your-device/WindowsDebugger.md#L62
MicrosoftDocs/windows-iotcore-docs	5ce0ec708c82a33d6ba0900d9d6ba4a6d2ce5877	windows-iotcore/manufacture/add-a-driver-to-an-image.md	33	RPi2;Rpi2	https://github.com/MicrosoftDocs/windows-iotcore-docs/blob/5ce0ec708c82a33d6ba0900d9d6ba4a6d2ce5877/windows-iotcore/manufacture/add-a-driver-to-an-image.md#L33
MicrosoftDocs/windows-iotcore-docs	5ce0ec708c82a33d6ba0900d9d6ba4a6d2ce5877	windows-iotcore/manufacture/add-a-registry-setting-to-an-image.md	97,98	RPi2	https://github.com/MicrosoftDocs/windows-iotcore-docs/blob/5ce0ec708c82a33d6ba0900d9d6ba4a6d2ce5877/windows-iotcore/manufacture/add-a-registry-setting-to-an-image.md#L97
MicrosoftDocs/windows-iotcore-docs	5ce0ec708c82a33d6ba0900d9d6ba4a6d2ce5877	windows-iotcore/manufacture/BSPHardware.md	31,32,33	RPi2	https://github.com/MicrosoftDocs/windows-iotcore-docs/blob/5ce0ec708c82a33d6ba0900d9d6ba4a6d2ce5877/windows-iotcore/manufacture/BSPHardware.md#L31
MicrosoftDocs/windows-iotcore-docs	5ce0ec708c82a33d6ba0900d9d6ba4a6d2ce5877	windows-iotcore/manufacture/create-a-basic-image.md	78,79,86,89,90,98,204	RPi2;Raspberry Pi 2	https://github.com/MicrosoftDocs/windows-iotcore-docs/blob/5ce0ec708c82a33d6ba0900d9d6ba4a6d2ce5877/windows-iotcore/manufacture/create-a-basic-image.md#L78
MicrosoftDocs/windows-iotcore-docs	5ce0ec708c82a33d6ba0900d9d6ba4a6d2ce5877	windows-iotcore/manufacture/create-a-new-bsp.md	24,31,32,37,39,43,47,64,66,71,88	RPI2;RPi2;Raspberry Pi 2;Rpi2;bcm2836	https://github.com/MicrosoftDocs/windows-iotcore-docs/blob/5ce0ec708c82a33d6ba0900d9d6ba4a6d2ce5877/windows-iotcore/manufacture/create-a-new-bsp.md#L24
MicrosoftDocs/windows-iotcore-docs	5ce0ec708c82a33d6ba0900d9d6ba4a6d2ce5877	windows-iotcore/manufacture/create-install-package.md	116	RPi2;Rpi2	https://github.com/MicrosoftDocs/windows-iotcore-docs/blob/5ce0ec708c82a33d6ba0900d9d6ba4a6d2ce5877/windows-iotcore/manufacture/create-install-package.md#L116
MicrosoftDocs/windows-iotcore-docs	5ce0ec708c82a33d6ba0900d9d6ba4a6d2ce5877	windows-iotcore/manufacture/device-layout.md	18	Raspberry Pi 2	https://github.com/MicrosoftDocs/windows-iotcore-docs/blob/5ce0ec708c82a33d6ba0900d9d6ba4a6d2ce5877/windows-iotcore/manufacture/device-layout.md#L18
MicrosoftDocs/windows-iotcore-docs	5ce0ec708c82a33d6ba0900d9d6ba4a6d2ce5877	windows-iotcore/manufacture/iot-core-manufacturing-guide.md	88	RPi2;Raspberry Pi 2	https://github.com/MicrosoftDocs/windows-iotcore-docs/blob/5ce0ec708c82a33d6ba0900d9d6ba4a6d2ce5877/windows-iotcore/manufacture/iot-core-manufacturing-guide.md#L88
MicrosoftDocs/windows-iotcore-docs	5ce0ec708c82a33d6ba0900d9d6ba4a6d2ce5877	windows-iotcore/release-notes/commercial/17763.md	22,74,76,82	2836;Pi2;RPi2;Raspberry Pi 2	https://github.com/MicrosoftDocs/windows-iotcore-docs/blob/5ce0ec708c82a33d6ba0900d9d6ba4a6d2ce5877/windows-iotcore/release-notes/commercial/17763.md#L22
MicrosoftDocs/windows-iotcore-docs	5ce0ec708c82a33d6ba0900d9d6ba4a6d2ce5877	windows-iotcore/release-notes/commercial/CreatorsUpdate.md	19,82,84	Raspberry Pi 2	https://github.com/MicrosoftDocs/windows-iotcore-docs/blob/5ce0ec708c82a33d6ba0900d9d6ba4a6d2ce5877/windows-iotcore/release-notes/commercial/CreatorsUpdate.md#L19
MicrosoftDocs/windows-iotcore-docs	5ce0ec708c82a33d6ba0900d9d6ba4a6d2ce5877	windows-iotcore/release-notes/Insider/RPi3BP.md	24	RPi2	https://github.com/MicrosoftDocs/windows-iotcore-docs/blob/5ce0ec708c82a33d6ba0900d9d6ba4a6d2ce5877/windows-iotcore/release-notes/Insider/RPi3BP.md#L24
MicrosoftDocs/windows-iotcore-docs	5ce0ec708c82a33d6ba0900d9d6ba4a6d2ce5877	windows-iotcore/secure-your-device/SecureBootAndBitLocker.md	119	Raspberry Pi 2	https://github.com/MicrosoftDocs/windows-iotcore-docs/blob/5ce0ec708c82a33d6ba0900d9d6ba4a6d2ce5877/windows-iotcore/secure-your-device/SecureBootAndBitLocker.md#L119
MicrosoftDocs/windows-iotcore-docs	5ce0ec708c82a33d6ba0900d9d6ba4a6d2ce5877	windows-iotcore/secure-your-device/SetupTPM.md	15,148,150,164,318	Pi2;RPi2	https://github.com/MicrosoftDocs/windows-iotcore-docs/blob/5ce0ec708c82a33d6ba0900d9d6ba4a6d2ce5877/windows-iotcore/secure-your-device/SetupTPM.md#L15
MicrosoftDocs/windows-iotcore-docs	5ce0ec708c82a33d6ba0900d9d6ba4a6d2ce5877	windows-iotcore/secure-your-device/TPM.md	54	Raspberry Pi 2	https://github.com/MicrosoftDocs/windows-iotcore-docs/blob/5ce0ec708c82a33d6ba0900d9d6ba4a6d2ce5877/windows-iotcore/secure-your-device/TPM.md#L54
MicrosoftDocs/windows-iotcore-docs	5ce0ec708c82a33d6ba0900d9d6ba4a6d2ce5877	windows-iotcore/TOC.yml	43	Raspberry Pi 2	https://github.com/MicrosoftDocs/windows-iotcore-docs/blob/5ce0ec708c82a33d6ba0900d9d6ba4a6d2ce5877/windows-iotcore/TOC.yml#L43
MicrosoftDocs/windows-iotcore-docs	5ce0ec708c82a33d6ba0900d9d6ba4a6d2ce5877	windows-iotcore/Troubleshooting.md	148	Raspberry Pi 2	https://github.com/MicrosoftDocs/windows-iotcore-docs/blob/5ce0ec708c82a33d6ba0900d9d6ba4a6d2ce5877/windows-iotcore/Troubleshooting.md#L148
MicrosoftDocs/windows-iotcore-docs	5ce0ec708c82a33d6ba0900d9d6ba4a6d2ce5877	windows-iotcore/tutorials/adafruitkit.md	17	pi2	https://github.com/MicrosoftDocs/windows-iotcore-docs/blob/5ce0ec708c82a33d6ba0900d9d6ba4a6d2ce5877/windows-iotcore/tutorials/adafruitkit.md#L17
MicrosoftDocs/windows-iotcore-docs	5ce0ec708c82a33d6ba0900d9d6ba4a6d2ce5877	windows-iotcore/tutorials/quickstarter/PrototypeBoards.md	8,33	Raspberry Pi 2	https://github.com/MicrosoftDocs/windows-iotcore-docs/blob/5ce0ec708c82a33d6ba0900d9d6ba4a6d2ce5877/windows-iotcore/tutorials/quickstarter/PrototypeBoards.md#L8
MicrosoftDocs/windows-iotcore-docs	5ce0ec708c82a33d6ba0900d9d6ba4a6d2ce5877	windows-iotcore/tutorials/rpi.md	40	Raspberry Pi 2	https://github.com/MicrosoftDocs/windows-iotcore-docs/blob/5ce0ec708c82a33d6ba0900d9d6ba4a6d2ce5877/windows-iotcore/tutorials/rpi.md#L40
MicrosoftDocs/windows-iotcore-docs	5ce0ec708c82a33d6ba0900d9d6ba4a6d2ce5877	windows-iotcore/windows_ce/windows-ce-app-container-getting-started.md	67,69	ARMv7	https://github.com/MicrosoftDocs/windows-iotcore-docs/blob/5ce0ec708c82a33d6ba0900d9d6ba4a6d2ce5877/windows-iotcore/windows_ce/windows-ce-app-container-getting-started.md#L67
ms-iot/iot-adk-addonkit	3a9cf8d2ab3506f3dcd51940c48db7e5096575e0	Scripts/TestWorkspace.ps1	19	RPi2	https://github.com/ms-iot/iot-adk-addonkit/blob/3a9cf8d2ab3506f3dcd51940c48db7e5096575e0/Scripts/TestWorkspace.ps1#L19
ms-iot/iot-adk-addonkit	3a9cf8d2ab3506f3dcd51940c48db7e5096575e0	Tools/IoTCoreImaging/Docs/Add-IoTDriverPackage.md	35,38	RPi2	https://github.com/ms-iot/iot-adk-addonkit/blob/3a9cf8d2ab3506f3dcd51940c48db7e5096575e0/Tools/IoTCoreImaging/Docs/Add-IoTDriverPackage.md#L35
ms-iot/iot-adk-addonkit	3a9cf8d2ab3506f3dcd51940c48db7e5096575e0	Tools/IoTCoreImaging/Docs/Add-IoTProduct.md	28	RPi2	https://github.com/ms-iot/iot-adk-addonkit/blob/3a9cf8d2ab3506f3dcd51940c48db7e5096575e0/Tools/IoTCoreImaging/Docs/Add-IoTProduct.md#L28
ms-iot/iot-adk-addonkit	3a9cf8d2ab3506f3dcd51940c48db7e5096575e0	Tools/IoTCoreImaging/Docs/en-US/IoTCoreImaging-help.xml	731,733,1129,3148,3150,3176,3178	RPi2	https://github.com/ms-iot/iot-adk-addonkit/blob/3a9cf8d2ab3506f3dcd51940c48db7e5096575e0/Tools/IoTCoreImaging/Docs/en-US/IoTCoreImaging-help.xml#L731
ms-iot/iot-adk-addonkit	3a9cf8d2ab3506f3dcd51940c48db7e5096575e0	Tools/IoTCoreImaging/Docs/Import-IoTBSP.md	26,29,54,57	RPi2	https://github.com/ms-iot/iot-adk-addonkit/blob/3a9cf8d2ab3506f3dcd51940c48db7e5096575e0/Tools/IoTCoreImaging/Docs/Import-IoTBSP.md#L26
ms-iot/iot-adk-addonkit	3a9cf8d2ab3506f3dcd51940c48db7e5096575e0	Tools/IoTCoreImaging/IoTAddCommands.ps1	277,278,762	RPi2	https://github.com/ms-iot/iot-adk-addonkit/blob/3a9cf8d2ab3506f3dcd51940c48db7e5096575e0/Tools/IoTCoreImaging/IoTAddCommands.ps1#L277
ms-iot/iot-adk-addonkit	3a9cf8d2ab3506f3dcd51940c48db7e5096575e0	Tools/IoTCoreImaging/IoTWorkspace.ps1	930,931,946,947	RPi2	https://github.com/ms-iot/iot-adk-addonkit/blob/3a9cf8d2ab3506f3dcd51940c48db7e5096575e0/Tools/IoTCoreImaging/IoTWorkspace.ps1#L930
ms-iot/iot-adk-addonkit	3a9cf8d2ab3506f3dcd51940c48db7e5096575e0	Tools/README.md	93,96,97,98,99,126,129,130,425,426	RPi2	https://github.com/ms-iot/iot-adk-addonkit/blob/3a9cf8d2ab3506f3dcd51940c48db7e5096575e0/Tools/README.md#L93
ms-iot/iot-adk-addonkit	3a9cf8d2ab3506f3dcd51940c48db7e5096575e0	Workspace/Source-arm/BSP/CustomRpi2/OEMInputSamples/RetailOEMInput.xml	6,7,9,30,85,87	RPI2;RPi2	https://github.com/ms-iot/iot-adk-addonkit/blob/3a9cf8d2ab3506f3dcd51940c48db7e5096575e0/Workspace/Source-arm/BSP/CustomRpi2/OEMInputSamples/RetailOEMInput.xml#L6
ms-iot/iot-adk-addonkit	3a9cf8d2ab3506f3dcd51940c48db7e5096575e0	Workspace/Source-arm/BSP/CustomRpi2/OEMInputSamples/TestOEMInput.xml	6,7,9,30,96,98	RPI2;RPi2	https://github.com/ms-iot/iot-adk-addonkit/blob/3a9cf8d2ab3506f3dcd51940c48db7e5096575e0/Workspace/Source-arm/BSP/CustomRpi2/OEMInputSamples/TestOEMInput.xml#L6
ms-iot/iot-adk-addonkit	3a9cf8d2ab3506f3dcd51940c48db7e5096575e0	Workspace/Source-arm/BSP/CustomRpi2/Packages/CustomRPi2.GPIO/CustomRPi2.GPIO.wm.xml	2	RPi2	https://github.com/ms-iot/iot-adk-addonkit/blob/3a9cf8d2ab3506f3dcd51940c48db7e5096575e0/Workspace/Source-arm/BSP/CustomRpi2/Packages/CustomRPi2.GPIO/CustomRPi2.GPIO.wm.xml#L2
ms-iot/iot-adk-addonkit	3a9cf8d2ab3506f3dcd51940c48db7e5096575e0	Workspace/Source-arm/BSP/CustomRpi2/Packages/CustomRPi2FM.xml	10,15,17,25,27,31,33,40,42,47,52,57,58,61,63,64,69,74,79,82,84,87,89	RPI2;RPi2;bcm2836	https://github.com/ms-iot/iot-adk-addonkit/blob/3a9cf8d2ab3506f3dcd51940c48db7e5096575e0/Workspace/Source-arm/BSP/CustomRpi2/Packages/CustomRPi2FM.xml#L10
ms-iot/iot-adk-addonkit	3a9cf8d2ab3506f3dcd51940c48db7e5096575e0	Workspace/Source-arm/BSP/CustomRpi2/Packages/CustomRPi2FMFileList.xml	5	RPi2	https://github.com/ms-iot/iot-adk-addonkit/blob/3a9cf8d2ab3506f3dcd51940c48db7e5096575e0/Workspace/Source-arm/BSP/CustomRpi2/Packages/CustomRPi2FMFileList.xml#L5
ms-iot/iot-adk-addonkit	3a9cf8d2ab3506f3dcd51940c48db7e5096575e0	Workspace/Source-arm/Products/MultiLangSample/MultiLangSampleSettings.xml	5	RPi2	https://github.com/ms-iot/iot-adk-addonkit/blob/3a9cf8d2ab3506f3dcd51940c48db7e5096575e0/Workspace/Source-arm/Products/MultiLangSample/MultiLangSampleSettings.xml#L5
ms-iot/iot-adk-addonkit	3a9cf8d2ab3506f3dcd51940c48db7e5096575e0	Workspace/Source-arm/Products/MultiLangSample/RetailOEMInput.xml	6,7,9,45,100	RPI2;RPi2	https://github.com/ms-iot/iot-adk-addonkit/blob/3a9cf8d2ab3506f3dcd51940c48db7e5096575e0/Workspace/Source-arm/Products/MultiLangSample/RetailOEMInput.xml#L6
ms-iot/iot-adk-addonkit	3a9cf8d2ab3506f3dcd51940c48db7e5096575e0	Workspace/Source-arm/Products/MultiLangSample/TestOEMInput.xml	6,7,9,45,111	RPI2;RPi2	https://github.com/ms-iot/iot-adk-addonkit/blob/3a9cf8d2ab3506f3dcd51940c48db7e5096575e0/Workspace/Source-arm/Products/MultiLangSample/TestOEMInput.xml#L6
ms-iot/iot-adk-addonkit	3a9cf8d2ab3506f3dcd51940c48db7e5096575e0	Workspace/Source-arm/Products/RPiRecovery/RetailOEMInput.xml	6,7,9,30,79	RPI2;RPi2	https://github.com/ms-iot/iot-adk-addonkit/blob/3a9cf8d2ab3506f3dcd51940c48db7e5096575e0/Workspace/Source-arm/Products/RPiRecovery/RetailOEMInput.xml#L6
ms-iot/iot-adk-addonkit	3a9cf8d2ab3506f3dcd51940c48db7e5096575e0	Workspace/Source-arm/Products/RPiRecovery/RPiRecoverySettings.xml	5	RPi2	https://github.com/ms-iot/iot-adk-addonkit/blob/3a9cf8d2ab3506f3dcd51940c48db7e5096575e0/Workspace/Source-arm/Products/RPiRecovery/RPiRecoverySettings.xml#L5
ms-iot/iot-adk-addonkit	3a9cf8d2ab3506f3dcd51940c48db7e5096575e0	Workspace/Source-arm/Products/RPiRecovery/TestOEMInput.xml	6,7,9,30,89	RPI2;RPi2	https://github.com/ms-iot/iot-adk-addonkit/blob/3a9cf8d2ab3506f3dcd51940c48db7e5096575e0/Workspace/Source-arm/Products/RPiRecovery/TestOEMInput.xml#L6
ms-iot/iot-adk-addonkit	3a9cf8d2ab3506f3dcd51940c48db7e5096575e0	Workspace/Source-arm/Products/SampleA/RetailOEMInput.xml	6,7,9,30,79	RPI2;RPi2	https://github.com/ms-iot/iot-adk-addonkit/blob/3a9cf8d2ab3506f3dcd51940c48db7e5096575e0/Workspace/Source-arm/Products/SampleA/RetailOEMInput.xml#L6
ms-iot/iot-adk-addonkit	3a9cf8d2ab3506f3dcd51940c48db7e5096575e0	Workspace/Source-arm/Products/SampleA/SampleASettings.xml	5	RPi2	https://github.com/ms-iot/iot-adk-addonkit/blob/3a9cf8d2ab3506f3dcd51940c48db7e5096575e0/Workspace/Source-arm/Products/SampleA/SampleASettings.xml#L5
ms-iot/iot-adk-addonkit	3a9cf8d2ab3506f3dcd51940c48db7e5096575e0	Workspace/Source-arm/Products/SampleA/TestOEMInput.xml	6,7,9,30,89	RPI2;RPi2	https://github.com/ms-iot/iot-adk-addonkit/blob/3a9cf8d2ab3506f3dcd51940c48db7e5096575e0/Workspace/Source-arm/Products/SampleA/TestOEMInput.xml#L6
ms-iot/iot-adk-addonkit	3a9cf8d2ab3506f3dcd51940c48db7e5096575e0	Workspace/Source-arm/Products/SampleB/RetailOEMInput.xml	6,7,9,30,77,79	RPI2;RPi2	https://github.com/ms-iot/iot-adk-addonkit/blob/3a9cf8d2ab3506f3dcd51940c48db7e5096575e0/Workspace/Source-arm/Products/SampleB/RetailOEMInput.xml#L6
ms-iot/iot-adk-addonkit	3a9cf8d2ab3506f3dcd51940c48db7e5096575e0	Workspace/Source-arm/Products/SampleB/SampleBSettings.xml	5	RPi2	https://github.com/ms-iot/iot-adk-addonkit/blob/3a9cf8d2ab3506f3dcd51940c48db7e5096575e0/Workspace/Source-arm/Products/SampleB/SampleBSettings.xml#L5
ms-iot/iot-adk-addonkit	3a9cf8d2ab3506f3dcd51940c48db7e5096575e0	Workspace/Source-arm/Products/SampleB/TestOEMInput.xml	6,7,9,30,87,89	RPI2;RPi2	https://github.com/ms-iot/iot-adk-addonkit/blob/3a9cf8d2ab3506f3dcd51940c48db7e5096575e0/Workspace/Source-arm/Products/SampleB/TestOEMInput.xml#L6
ms-iot/iot-adk-addonkit	3a9cf8d2ab3506f3dcd51940c48db7e5096575e0	Workspace/Source-arm/Products/SingleLangSample/RetailOEMInput.xml	6,7,9,31,81	RPI2;RPi2	https://github.com/ms-iot/iot-adk-addonkit/blob/3a9cf8d2ab3506f3dcd51940c48db7e5096575e0/Workspace/Source-arm/Products/SingleLangSample/RetailOEMInput.xml#L6
ms-iot/iot-adk-addonkit	3a9cf8d2ab3506f3dcd51940c48db7e5096575e0	Workspace/Source-arm/Products/SingleLangSample/SingleLangSampleSettings.xml	5	RPi2	https://github.com/ms-iot/iot-adk-addonkit/blob/3a9cf8d2ab3506f3dcd51940c48db7e5096575e0/Workspace/Source-arm/Products/SingleLangSample/SingleLangSampleSettings.xml#L5
ms-iot/iot-adk-addonkit	3a9cf8d2ab3506f3dcd51940c48db7e5096575e0	Workspace/Source-arm/Products/SingleLangSample/TestOEMInput.xml	6,7,9,31,91	RPI2;RPi2	https://github.com/ms-iot/iot-adk-addonkit/blob/3a9cf8d2ab3506f3dcd51940c48db7e5096575e0/Workspace/Source-arm/Products/SingleLangSample/TestOEMInput.xml#L6
ms-iot/rpi-iotcore	31e89330c37564d96e246a64210cfeaf8c45007c	bspfiles/OEMInputSamples/RetailOEMInput.xml	53	Pi2;RPi2	https://github.com/ms-iot/rpi-iotcore/blob/31e89330c37564d96e246a64210cfeaf8c45007c/bspfiles/OEMInputSamples/RetailOEMInput.xml#L53
ms-iot/rpi-iotcore	31e89330c37564d96e246a64210cfeaf8c45007c	bspfiles/OEMInputSamples/TestOEMInput.xml	77	Pi2;RPi2	https://github.com/ms-iot/rpi-iotcore/blob/31e89330c37564d96e246a64210cfeaf8c45007c/bspfiles/OEMInputSamples/TestOEMInput.xml#L77
ms-iot/rpi-iotcore	31e89330c37564d96e246a64210cfeaf8c45007c	bspfiles/Packages/RPi.Drivers/bcm2836pwm.wm.xml	3,6,13	2836;BCM2836	https://github.com/ms-iot/rpi-iotcore/blob/31e89330c37564d96e246a64210cfeaf8c45007c/bspfiles/Packages/RPi.Drivers/bcm2836pwm.wm.xml#L3
ms-iot/rpi-iotcore	31e89330c37564d96e246a64210cfeaf8c45007c	bspfiles/Packages/RPi.Drivers/bcm2836sdhc.wm.xml	3,6,13	2836;BCM2836	https://github.com/ms-iot/rpi-iotcore/blob/31e89330c37564d96e246a64210cfeaf8c45007c/bspfiles/Packages/RPi.Drivers/bcm2836sdhc.wm.xml#L3
ms-iot/rpi-iotcore	31e89330c37564d96e246a64210cfeaf8c45007c	bspfiles/Packages/RPi.Drivers/SV.PlatExtensions.wm.xml	13	2836;BCM2836	https://github.com/ms-iot/rpi-iotcore/blob/31e89330c37564d96e246a64210cfeaf8c45007c/bspfiles/Packages/RPi.Drivers/SV.PlatExtensions.wm.xml#L13
ms-iot/rpi-iotcore	31e89330c37564d96e246a64210cfeaf8c45007c	bspfiles/Packages/RPiFM.xml	10,17,19,43,45,50,55,60,61,66,71,76,79,81,84,86	2836;BCM2836;Pi2;RPi2	https://github.com/ms-iot/rpi-iotcore/blob/31e89330c37564d96e246a64210cfeaf8c45007c/bspfiles/Packages/RPiFM.xml#L10
ms-iot/rpi-iotcore	31e89330c37564d96e246a64210cfeaf8c45007c	build/bcm2836/buildbcm2836.sln	6,8,10,12,14,16,18,23,27,29,31,35	2836;BCM2836	https://github.com/ms-iot/rpi-iotcore/blob/31e89330c37564d96e246a64210cfeaf8c45007c/build/bcm2836/buildbcm2836.sln#L6
ms-iot/rpi-iotcore	31e89330c37564d96e246a64210cfeaf8c45007c	drivers/audio/bcm2836/EndpointsCommon/EndpointsCommon.vcxproj	81,86	2836;BCM2836	https://github.com/ms-iot/rpi-iotcore/blob/31e89330c37564d96e246a64210cfeaf8c45007c/drivers/audio/bcm2836/EndpointsCommon/EndpointsCommon.vcxproj#L81
ms-iot/rpi-iotcore	31e89330c37564d96e246a64210cfeaf8c45007c	drivers/audio/bcm2836/EndpointsCommon/sources.props	7	Pi2;RPi2	https://github.com/ms-iot/rpi-iotcore/blob/31e89330c37564d96e246a64210cfeaf8c45007c/drivers/audio/bcm2836/EndpointsCommon/sources.props#L7
ms-iot/rpi-iotcore	31e89330c37564d96e246a64210cfeaf8c45007c	drivers/audio/bcm2836/License.txt	2	2836;BCM2836;Raspberry Pi 2	https://github.com/ms-iot/rpi-iotcore/blob/31e89330c37564d96e246a64210cfeaf8c45007c/drivers/audio/bcm2836/License.txt#L2
ms-iot/rpi-iotcore	31e89330c37564d96e246a64210cfeaf8c45007c	drivers/audio/bcm2836/README.md	1,6	2836;BCM2836;Raspberry Pi 2	https://github.com/ms-iot/rpi-iotcore/blob/31e89330c37564d96e246a64210cfeaf8c45007c/drivers/audio/bcm2836/README.md#L1
ms-iot/rpi-iotcore	31e89330c37564d96e246a64210cfeaf8c45007c	drivers/audio/bcm2836/rpiwav.h	20	2836;BCM2836	https://github.com/ms-iot/rpi-iotcore/blob/31e89330c37564d96e246a64210cfeaf8c45007c/drivers/audio/bcm2836/rpiwav.h#L20
ms-iot/rpi-iotcore	31e89330c37564d96e246a64210cfeaf8c45007c	drivers/audio/bcm2836/rpiwav.rc	12	Pi2;RPi2	https://github.com/ms-iot/rpi-iotcore/blob/31e89330c37564d96e246a64210cfeaf8c45007c/drivers/audio/bcm2836/rpiwav.rc#L12
ms-iot/rpi-iotcore	31e89330c37564d96e246a64210cfeaf8c45007c	drivers/audio/bcm2836/rpiwav/rpiwav.vcxproj	79,88	2836;BCM2836	https://github.com/ms-iot/rpi-iotcore/blob/31e89330c37564d96e246a64210cfeaf8c45007c/drivers/audio/bcm2836/rpiwav/rpiwav.vcxproj#L79
ms-iot/rpi-iotcore	31e89330c37564d96e246a64210cfeaf8c45007c	drivers/audio/bcm2836/rpiwav/sources.props	17	Pi2;RPi2	https://github.com/ms-iot/rpi-iotcore/blob/31e89330c37564d96e246a64210cfeaf8c45007c/drivers/audio/bcm2836/rpiwav/sources.props#L17
ms-iot/rpi-iotcore	31e89330c37564d96e246a64210cfeaf8c45007c	drivers/gpio/bcm2836/BcmGpio.cpp	11	2836	https://github.com/ms-iot/rpi-iotcore/blob/31e89330c37564d96e246a64210cfeaf8c45007c/drivers/gpio/bcm2836/BcmGpio.cpp#L11
ms-iot/rpi-iotcore	31e89330c37564d96e246a64210cfeaf8c45007c	drivers/gpio/bcm2836/BcmGpio.hpp	13	2836;BCM2836	https://github.com/ms-iot/rpi-iotcore/blob/31e89330c37564d96e246a64210cfeaf8c45007c/drivers/gpio/bcm2836/BcmGpio.hpp#L13
ms-iot/rpi-iotcore	31e89330c37564d96e246a64210cfeaf8c45007c	drivers/gpio/bcm2836/bcmgpio.rc	11	2836;BCM2836	https://github.com/ms-iot/rpi-iotcore/blob/31e89330c37564d96e246a64210cfeaf8c45007c/drivers/gpio/bcm2836/bcmgpio.rc#L11
ms-iot/rpi-iotcore	31e89330c37564d96e246a64210cfeaf8c45007c	drivers/gpio/bcm2836/License.txt	2	2836;BCM2836;Raspberry Pi 2	https://github.com/ms-iot/rpi-iotcore/blob/31e89330c37564d96e246a64210cfeaf8c45007c/drivers/gpio/bcm2836/License.txt#L2
ms-iot/rpi-iotcore	31e89330c37564d96e246a64210cfeaf8c45007c	drivers/gpio/bcm2836/README.md	1	2836;BCM2836;Raspberry Pi 2	https://github.com/ms-iot/rpi-iotcore/blob/31e89330c37564d96e246a64210cfeaf8c45007c/drivers/gpio/bcm2836/README.md#L1
ms-iot/rpi-iotcore	31e89330c37564d96e246a64210cfeaf8c45007c	drivers/i2c/bcm2836/License.txt	2	2836;BCM2836;Raspberry Pi 2	https://github.com/ms-iot/rpi-iotcore/blob/31e89330c37564d96e246a64210cfeaf8c45007c/drivers/i2c/bcm2836/License.txt#L2
ms-iot/rpi-iotcore	31e89330c37564d96e246a64210cfeaf8c45007c	drivers/i2c/bcm2836/README.md	1	2836;BCM2836;Raspberry Pi 2	https://github.com/ms-iot/rpi-iotcore/blob/31e89330c37564d96e246a64210cfeaf8c45007c/drivers/i2c/bcm2836/README.md#L1
ms-iot/rpi-iotcore	31e89330c37564d96e246a64210cfeaf8c45007c	drivers/mailbox/bcm2836/License.txt	2	2836;BCM2836;Raspberry Pi 2	https://github.com/ms-iot/rpi-iotcore/blob/31e89330c37564d96e246a64210cfeaf8c45007c/drivers/mailbox/bcm2836/License.txt#L2
ms-iot/rpi-iotcore	31e89330c37564d96e246a64210cfeaf8c45007c	drivers/mailbox/bcm2836/README.md	1	2836;BCM2836;Raspberry Pi 2	https://github.com/ms-iot/rpi-iotcore/blob/31e89330c37564d96e246a64210cfeaf8c45007c/drivers/mailbox/bcm2836/README.md#L1
ms-iot/rpi-iotcore	31e89330c37564d96e246a64210cfeaf8c45007c	drivers/mailbox/bcm2836/rpiq.h	26	2836	https://github.com/ms-iot/rpi-iotcore/blob/31e89330c37564d96e246a64210cfeaf8c45007c/drivers/mailbox/bcm2836/rpiq.h#L26
ms-iot/rpi-iotcore	31e89330c37564d96e246a64210cfeaf8c45007c	drivers/mailbox/bcm2836/rpiq.rc	9	2836;BCM2836	https://github.com/ms-iot/rpi-iotcore/blob/31e89330c37564d96e246a64210cfeaf8c45007c/drivers/mailbox/bcm2836/rpiq.rc#L9
ms-iot/rpi-iotcore	31e89330c37564d96e246a64210cfeaf8c45007c	drivers/misc/vchiq/sources.props	11	2836;BCM2836	https://github.com/ms-iot/rpi-iotcore/blob/31e89330c37564d96e246a64210cfeaf8c45007c/drivers/misc/vchiq/sources.props#L11
ms-iot/rpi-iotcore	31e89330c37564d96e246a64210cfeaf8c45007c	drivers/pwm/bcm2836/bcm2836pwm.h	8,12,13,25	2836;BCM2836	https://github.com/ms-iot/rpi-iotcore/blob/31e89330c37564d96e246a64210cfeaf8c45007c/drivers/pwm/bcm2836/bcm2836pwm.h#L8
ms-iot/rpi-iotcore	31e89330c37564d96e246a64210cfeaf8c45007c	drivers/pwm/bcm2836/bcm2836pwm.pkg.xml	8,12,13,17	2836;BCM2836	https://github.com/ms-iot/rpi-iotcore/blob/31e89330c37564d96e246a64210cfeaf8c45007c/drivers/pwm/bcm2836/bcm2836pwm.pkg.xml#L8
ms-iot/rpi-iotcore	31e89330c37564d96e246a64210cfeaf8c45007c	drivers/pwm/bcm2836/bcm2836pwm.vcxproj	20,112	2836;BCM2836	https://github.com/ms-iot/rpi-iotcore/blob/31e89330c37564d96e246a64210cfeaf8c45007c/drivers/pwm/bcm2836/bcm2836pwm.vcxproj#L20
ms-iot/rpi-iotcore	31e89330c37564d96e246a64210cfeaf8c45007c	drivers/pwm/bcm2836/clockmgr.h	7	2836;BCM2836	https://github.com/ms-iot/rpi-iotcore/blob/31e89330c37564d96e246a64210cfeaf8c45007c/drivers/pwm/bcm2836/clockmgr.h#L7
ms-iot/rpi-iotcore	31e89330c37564d96e246a64210cfeaf8c45007c	drivers/pwm/bcm2836/dma.h	7	2836;BCM2836	https://github.com/ms-iot/rpi-iotcore/blob/31e89330c37564d96e246a64210cfeaf8c45007c/drivers/pwm/bcm2836/dma.h#L7
ms-iot/rpi-iotcore	31e89330c37564d96e246a64210cfeaf8c45007c	drivers/pwm/bcm2836/driver.cpp	67	2836;BCM2836	https://github.com/ms-iot/rpi-iotcore/blob/31e89330c37564d96e246a64210cfeaf8c45007c/drivers/pwm/bcm2836/driver.cpp#L67
ms-iot/rpi-iotcore	31e89330c37564d96e246a64210cfeaf8c45007c	drivers/pwm/bcm2836/driver.h	20	2836;BCM2836	https://github.com/ms-iot/rpi-iotcore/blob/31e89330c37564d96e246a64210cfeaf8c45007c/drivers/pwm/bcm2836/driver.h#L20
ms-iot/rpi-iotcore	31e89330c37564d96e246a64210cfeaf8c45007c	drivers/pwm/bcm2836/License.txt	2	2836;BCM2836;Raspberry Pi 2	https://github.com/ms-iot/rpi-iotcore/blob/31e89330c37564d96e246a64210cfeaf8c45007c/drivers/pwm/bcm2836/License.txt#L2
ms-iot/rpi-iotcore	31e89330c37564d96e246a64210cfeaf8c45007c	drivers/pwm/bcm2836/pwm.h	7	2836;BCM2836	https://github.com/ms-iot/rpi-iotcore/blob/31e89330c37564d96e246a64210cfeaf8c45007c/drivers/pwm/bcm2836/pwm.h#L7
ms-iot/rpi-iotcore	31e89330c37564d96e246a64210cfeaf8c45007c	drivers/pwm/bcm2836/README.md	1,5,10	2836;BCM2836;Raspberry Pi 2	https://github.com/ms-iot/rpi-iotcore/blob/31e89330c37564d96e246a64210cfeaf8c45007c/drivers/pwm/bcm2836/README.md#L1
ms-iot/rpi-iotcore	31e89330c37564d96e246a64210cfeaf8c45007c	drivers/pwm/bcm2836/resource.rc	4,5	2836;BCM2836	https://github.com/ms-iot/rpi-iotcore/blob/31e89330c37564d96e246a64210cfeaf8c45007c/drivers/pwm/bcm2836/resource.rc#L4
ms-iot/rpi-iotcore	31e89330c37564d96e246a64210cfeaf8c45007c	drivers/pwm/bcm2836/sources.props	4	2836;BCM2836	https://github.com/ms-iot/rpi-iotcore/blob/31e89330c37564d96e246a64210cfeaf8c45007c/drivers/pwm/bcm2836/sources.props#L4
ms-iot/rpi-iotcore	31e89330c37564d96e246a64210cfeaf8c45007c	drivers/sd/bcm2836/bcm2836sdhc/bcm2836sdhc.c	12,26,30,48,62,153,335	2836;BCM2836;Pi2;RPi2	https://github.com/ms-iot/rpi-iotcore/blob/31e89330c37564d96e246a64210cfeaf8c45007c/drivers/sd/bcm2836/bcm2836sdhc/bcm2836sdhc.c#L12
ms-iot/rpi-iotcore	31e89330c37564d96e246a64210cfeaf8c45007c	drivers/sd/bcm2836/bcm2836sdhc/bcm2836sdhc.pkg.xml	8,12,13,17	2836;BCM2836	https://github.com/ms-iot/rpi-iotcore/blob/31e89330c37564d96e246a64210cfeaf8c45007c/drivers/sd/bcm2836/bcm2836sdhc/bcm2836sdhc.pkg.xml#L8
ms-iot/rpi-iotcore	31e89330c37564d96e246a64210cfeaf8c45007c	drivers/sd/bcm2836/bcm2836sdhc/bcm2836sdhc.rc	10,11,12	2836;BCM2836	https://github.com/ms-iot/rpi-iotcore/blob/31e89330c37564d96e246a64210cfeaf8c45007c/drivers/sd/bcm2836/bcm2836sdhc/bcm2836sdhc.rc#L10
ms-iot/rpi-iotcore	31e89330c37564d96e246a64210cfeaf8c45007c	drivers/sd/bcm2836/bcm2836sdhc/bcm2836sdhc.vcxproj	20,72,134	2836;BCM2836	https://github.com/ms-iot/rpi-iotcore/blob/31e89330c37564d96e246a64210cfeaf8c45007c/drivers/sd/bcm2836/bcm2836sdhc/bcm2836sdhc.vcxproj#L20
ms-iot/rpi-iotcore	31e89330c37564d96e246a64210cfeaf8c45007c	drivers/sd/bcm2836/bcm2836sdhc/README.md	2,4	Pi2	https://github.com/ms-iot/rpi-iotcore/blob/31e89330c37564d96e246a64210cfeaf8c45007c/drivers/sd/bcm2836/bcm2836sdhc/README.md#L2
ms-iot/rpi-iotcore	31e89330c37564d96e246a64210cfeaf8c45007c	drivers/sd/bcm2836/bcm2836sdhc/sources.props	4,10,11	2836;BCM2836	https://github.com/ms-iot/rpi-iotcore/blob/31e89330c37564d96e246a64210cfeaf8c45007c/drivers/sd/bcm2836/bcm2836sdhc/sources.props#L4
ms-iot/rpi-iotcore	31e89330c37564d96e246a64210cfeaf8c45007c	drivers/sd/bcm2836/bcm2836sdhc/trace.h	54,89,103	2836;BCM2836	https://github.com/ms-iot/rpi-iotcore/blob/31e89330c37564d96e246a64210cfeaf8c45007c/drivers/sd/bcm2836/bcm2836sdhc/trace.h#L54
ms-iot/rpi-iotcore	31e89330c37564d96e246a64210cfeaf8c45007c	drivers/sd/bcm2836/rpisdhc/README.md	5	Pi2;RPi2	https://github.com/ms-iot/rpi-iotcore/blob/31e89330c37564d96e246a64210cfeaf8c45007c/drivers/sd/bcm2836/rpisdhc/README.md#L5
ms-iot/rpi-iotcore	31e89330c37564d96e246a64210cfeaf8c45007c	drivers/spi/bcm2836/bcmspi.h	33	2836;BCM2836	https://github.com/ms-iot/rpi-iotcore/blob/31e89330c37564d96e246a64210cfeaf8c45007c/drivers/spi/bcm2836/bcmspi.h#L33
ms-iot/rpi-iotcore	31e89330c37564d96e246a64210cfeaf8c45007c	drivers/spi/bcm2836/License.txt	2	2836;BCM2836;Raspberry Pi 2	https://github.com/ms-iot/rpi-iotcore/blob/31e89330c37564d96e246a64210cfeaf8c45007c/drivers/spi/bcm2836/License.txt#L2
ms-iot/rpi-iotcore	31e89330c37564d96e246a64210cfeaf8c45007c	drivers/spi/bcm2836/README.md	1	2836;BCM2836;Raspberry Pi 2	https://github.com/ms-iot/rpi-iotcore/blob/31e89330c37564d96e246a64210cfeaf8c45007c/drivers/spi/bcm2836/README.md#L1
ms-iot/rpi-iotcore	31e89330c37564d96e246a64210cfeaf8c45007c	drivers/spi/bcm2836/spitrace.h	12	2836;BCM2836	https://github.com/ms-iot/rpi-iotcore/blob/31e89330c37564d96e246a64210cfeaf8c45007c/drivers/spi/bcm2836/spitrace.h#L12
ms-iot/rpi-iotcore	31e89330c37564d96e246a64210cfeaf8c45007c	drivers/spi/bcmauxspi/bcmauxspi-hw.h	29,41,141,153	Pi2	https://github.com/ms-iot/rpi-iotcore/blob/31e89330c37564d96e246a64210cfeaf8c45007c/drivers/spi/bcmauxspi/bcmauxspi-hw.h#L29
ms-iot/rpi-iotcore	31e89330c37564d96e246a64210cfeaf8c45007c	drivers/spi/bcmauxspi/bcmauxspi.cpp	63,64,2080,2084,2088,2091,2123,2124,2125	Pi2	https://github.com/ms-iot/rpi-iotcore/blob/31e89330c37564d96e246a64210cfeaf8c45007c/drivers/spi/bcmauxspi/bcmauxspi.cpp#L63
ms-iot/rpi-iotcore	31e89330c37564d96e246a64210cfeaf8c45007c	drivers/spi/bcmauxspi/License.txt	2	2836;BCM2836	https://github.com/ms-iot/rpi-iotcore/blob/31e89330c37564d96e246a64210cfeaf8c45007c/drivers/spi/bcmauxspi/License.txt#L2
ms-iot/rpi-iotcore	31e89330c37564d96e246a64210cfeaf8c45007c	drivers/spi/bcmauxspi/README.md	1	2836;BCM2836;Raspberry Pi 2	https://github.com/ms-iot/rpi-iotcore/blob/31e89330c37564d96e246a64210cfeaf8c45007c/drivers/spi/bcmauxspi/README.md#L1
ms-iot/rpi-iotcore	31e89330c37564d96e246a64210cfeaf8c45007c	drivers/spi/bcmauxspi/sources.props	9	2836;BCM2836	https://github.com/ms-iot/rpi-iotcore/blob/31e89330c37564d96e246a64210cfeaf8c45007c/drivers/spi/bcmauxspi/sources.props#L9
ms-iot/rpi-iotcore	31e89330c37564d96e246a64210cfeaf8c45007c	drivers/uart/bcm2836/miniUart/License.txt	2	2836;BCM2836;Raspberry Pi 2	https://github.com/ms-iot/rpi-iotcore/blob/31e89330c37564d96e246a64210cfeaf8c45007c/drivers/uart/bcm2836/miniUart/License.txt#L2
ms-iot/rpi-iotcore	31e89330c37564d96e246a64210cfeaf8c45007c	drivers/uart/bcm2836/miniUart/README.md	1	2836;BCM2836;Raspberry Pi 2	https://github.com/ms-iot/rpi-iotcore/blob/31e89330c37564d96e246a64210cfeaf8c45007c/drivers/uart/bcm2836/miniUart/README.md#L1
ms-iot/rpi-iotcore	31e89330c37564d96e246a64210cfeaf8c45007c	drivers/uart/bcm2836/serPL011/License.txt	2	2836;BCM2836;Raspberry Pi 2	https://github.com/ms-iot/rpi-iotcore/blob/31e89330c37564d96e246a64210cfeaf8c45007c/drivers/uart/bcm2836/serPL011/License.txt#L2
ms-iot/rpi-iotcore	31e89330c37564d96e246a64210cfeaf8c45007c	drivers/uart/bcm2836/serPL011/PL011device.cpp	1297	Pi2;RPi2	https://github.com/ms-iot/rpi-iotcore/blob/31e89330c37564d96e246a64210cfeaf8c45007c/drivers/uart/bcm2836/serPL011/PL011device.cpp#L1297
ms-iot/rpi-iotcore	31e89330c37564d96e246a64210cfeaf8c45007c	drivers/uart/bcm2836/serPL011/PL011hw.h	72,274,275	Pi2	https://github.com/ms-iot/rpi-iotcore/blob/31e89330c37564d96e246a64210cfeaf8c45007c/drivers/uart/bcm2836/serPL011/PL011hw.h#L72
ms-iot/rpi-iotcore	31e89330c37564d96e246a64210cfeaf8c45007c	drivers/uart/bcm2836/serPL011/PL011ioctl.cpp	948	Pi2	https://github.com/ms-iot/rpi-iotcore/blob/31e89330c37564d96e246a64210cfeaf8c45007c/drivers/uart/bcm2836/serPL011/PL011ioctl.cpp#L948
ms-iot/rpi-iotcore	31e89330c37564d96e246a64210cfeaf8c45007c	drivers/uart/bcm2836/serPL011/PL011uart.cpp	341	Pi2	https://github.com/ms-iot/rpi-iotcore/blob/31e89330c37564d96e246a64210cfeaf8c45007c/drivers/uart/bcm2836/serPL011/PL011uart.cpp#L341
ms-iot/rpi-iotcore	31e89330c37564d96e246a64210cfeaf8c45007c	drivers/uart/bcm2836/serPL011/README.md	1,2,6	2836;BCM2836;Pi2;Raspberry Pi 2	https://github.com/ms-iot/rpi-iotcore/blob/31e89330c37564d96e246a64210cfeaf8c45007c/drivers/uart/bcm2836/serPL011/README.md#L1
ms-iot/rpi-iotcore	31e89330c37564d96e246a64210cfeaf8c45007c	README.md	11,34,38	2836;BCM2836;Raspberry Pi 2	https://github.com/ms-iot/rpi-iotcore/blob/31e89330c37564d96e246a64210cfeaf8c45007c/README.md#L11
ms-iot/rpi-iotcore	31e89330c37564d96e246a64210cfeaf8c45007c	tools/binexport.cmd	41	2836;BCM2836	https://github.com/ms-iot/rpi-iotcore/blob/31e89330c37564d96e246a64210cfeaf8c45007c/tools/binexport.cmd#L41
ms-iot/rpi-iotcore	31e89330c37564d96e246a64210cfeaf8c45007c	tools/binexport.ps1	30	2836;BCM2836	https://github.com/ms-iot/rpi-iotcore/blob/31e89330c37564d96e246a64210cfeaf8c45007c/tools/binexport.ps1#L30
ms-iot/RPi-UEFI	5bfd48d674e6c7efea6e31f9eb97b9da90c20263	AppPkg/Applications/Python/Python-2.7.2/Lib/test/decimaltestdata/ddDivide.decTest	658,783,804	2836	https://github.com/ms-iot/RPi-UEFI/blob/5bfd48d674e6c7efea6e31f9eb97b9da90c20263/AppPkg/Applications/Python/Python-2.7.2/Lib/test/decimaltestdata/ddDivide.decTest#L658
ms-iot/RPi-UEFI	5bfd48d674e6c7efea6e31f9eb97b9da90c20263	AppPkg/Applications/Python/Python-2.7.2/Lib/test/decimaltestdata/ddFMA.decTest	522	2836	https://github.com/ms-iot/RPi-UEFI/blob/5bfd48d674e6c7efea6e31f9eb97b9da90c20263/AppPkg/Applications/Python/Python-2.7.2/Lib/test/decimaltestdata/ddFMA.decTest#L522
ms-iot/RPi-UEFI	5bfd48d674e6c7efea6e31f9eb97b9da90c20263	AppPkg/Applications/Python/Python-2.7.2/Lib/test/decimaltestdata/dqFMA.decTest	540	2836	https://github.com/ms-iot/RPi-UEFI/blob/5bfd48d674e6c7efea6e31f9eb97b9da90c20263/AppPkg/Applications/Python/Python-2.7.2/Lib/test/decimaltestdata/dqFMA.decTest#L540
ms-iot/RPi-UEFI	5bfd48d674e6c7efea6e31f9eb97b9da90c20263	AppPkg/Applications/Python/Python-2.7.2/Lib/test/decimaltestdata/fma.decTest	691	2836	https://github.com/ms-iot/RPi-UEFI/blob/5bfd48d674e6c7efea6e31f9eb97b9da90c20263/AppPkg/Applications/Python/Python-2.7.2/Lib/test/decimaltestdata/fma.decTest#L691
ms-iot/RPi-UEFI	5bfd48d674e6c7efea6e31f9eb97b9da90c20263	AppPkg/Applications/Python/Python-2.7.2/Lib/test/decimaltestdata/power.decTest	1324	2836	https://github.com/ms-iot/RPi-UEFI/blob/5bfd48d674e6c7efea6e31f9eb97b9da90c20263/AppPkg/Applications/Python/Python-2.7.2/Lib/test/decimaltestdata/power.decTest#L1324
ms-iot/RPi-UEFI	5bfd48d674e6c7efea6e31f9eb97b9da90c20263	AppPkg/Applications/Python/Python-2.7.2/Lib/test/decimaltestdata/powersqrt.decTest	869	2836	https://github.com/ms-iot/RPi-UEFI/blob/5bfd48d674e6c7efea6e31f9eb97b9da90c20263/AppPkg/Applications/Python/Python-2.7.2/Lib/test/decimaltestdata/powersqrt.decTest#L869
ms-iot/RPi-UEFI	5bfd48d674e6c7efea6e31f9eb97b9da90c20263	AppPkg/Applications/Python/Python-2.7.2/Lib/test/decimaltestdata/randomBound32.decTest	124,1182,1183,1184,1185,1186,1187,1188,1189,1692,1693,1694,1695,1696,1698,1699,1904	2836	https://github.com/ms-iot/RPi-UEFI/blob/5bfd48d674e6c7efea6e31f9eb97b9da90c20263/AppPkg/Applications/Python/Python-2.7.2/Lib/test/decimaltestdata/randomBound32.decTest#L124
ms-iot/RPi-UEFI	5bfd48d674e6c7efea6e31f9eb97b9da90c20263	AppPkg/Applications/Python/Python-2.7.2/Lib/test/decimaltestdata/randoms.decTest	147,1118,1119,1120,1121,1122,1123,1124,1125,3896	2836	https://github.com/ms-iot/RPi-UEFI/blob/5bfd48d674e6c7efea6e31f9eb97b9da90c20263/AppPkg/Applications/Python/Python-2.7.2/Lib/test/decimaltestdata/randoms.decTest#L147
ms-iot/RPi-UEFI	5bfd48d674e6c7efea6e31f9eb97b9da90c20263	AppPkg/Applications/Python/Python-2.7.2/Lib/test/decimaltestdata/squareroot.decTest	860	2836	https://github.com/ms-iot/RPi-UEFI/blob/5bfd48d674e6c7efea6e31f9eb97b9da90c20263/AppPkg/Applications/Python/Python-2.7.2/Lib/test/decimaltestdata/squareroot.decTest#L860
ms-iot/RPi-UEFI	5bfd48d674e6c7efea6e31f9eb97b9da90c20263	AppPkg/Applications/Python/Python-2.7.2/Lib/test/floating_points.txt	462,1017	2836	https://github.com/ms-iot/RPi-UEFI/blob/5bfd48d674e6c7efea6e31f9eb97b9da90c20263/AppPkg/Applications/Python/Python-2.7.2/Lib/test/floating_points.txt#L462
ms-iot/RPi-UEFI	5bfd48d674e6c7efea6e31f9eb97b9da90c20263	AppPkg/Applications/Python/Python-2.7.2/Lib/test/test_exceptions.py	171,181,187	Pi2	https://github.com/ms-iot/RPi-UEFI/blob/5bfd48d674e6c7efea6e31f9eb97b9da90c20263/AppPkg/Applications/Python/Python-2.7.2/Lib/test/test_exceptions.py#L171
ms-iot/RPi-UEFI	5bfd48d674e6c7efea6e31f9eb97b9da90c20263	AppPkg/Applications/Python/Python-2.7.2/Lib/test/test_sys.py	650	Pi2	https://github.com/ms-iot/RPi-UEFI/blob/5bfd48d674e6c7efea6e31f9eb97b9da90c20263/AppPkg/Applications/Python/Python-2.7.2/Lib/test/test_sys.py#L650
ms-iot/RPi-UEFI	5bfd48d674e6c7efea6e31f9eb97b9da90c20263	AppPkg/Applications/Python/Python-2.7.2/Modules/cjkcodecs/mappings_cn.h	12,131,262,336,431,1037,1038,1296,1925,2951,3019,3420,3538,3985	2836	https://github.com/ms-iot/RPi-UEFI/blob/5bfd48d674e6c7efea6e31f9eb97b9da90c20263/AppPkg/Applications/Python/Python-2.7.2/Modules/cjkcodecs/mappings_cn.h#L12
ms-iot/RPi-UEFI	5bfd48d674e6c7efea6e31f9eb97b9da90c20263	AppPkg/Applications/Python/Python-2.7.2/Modules/cjkcodecs/mappings_hk.h	13,282,312	2836	https://github.com/ms-iot/RPi-UEFI/blob/5bfd48d674e6c7efea6e31f9eb97b9da90c20263/AppPkg/Applications/Python/Python-2.7.2/Modules/cjkcodecs/mappings_hk.h#L13
ms-iot/RPi-UEFI	5bfd48d674e6c7efea6e31f9eb97b9da90c20263	AppPkg/Applications/Python/Python-2.7.2/Modules/cjkcodecs/mappings_jp.h	68,128,375,377,785,882,1500,1628,1798,2967,3137,4199	2836	https://github.com/ms-iot/RPi-UEFI/blob/5bfd48d674e6c7efea6e31f9eb97b9da90c20263/AppPkg/Applications/Python/Python-2.7.2/Modules/cjkcodecs/mappings_jp.h#L68
ms-iot/RPi-UEFI	5bfd48d674e6c7efea6e31f9eb97b9da90c20263	AppPkg/Applications/Python/Python-2.7.2/Modules/cjkcodecs/mappings_kr.h	507,558,608,617,618,1236,1592,2337,2901	2836	https://github.com/ms-iot/RPi-UEFI/blob/5bfd48d674e6c7efea6e31f9eb97b9da90c20263/AppPkg/Applications/Python/Python-2.7.2/Modules/cjkcodecs/mappings_kr.h#L507
ms-iot/RPi-UEFI	5bfd48d674e6c7efea6e31f9eb97b9da90c20263	AppPkg/Applications/Python/Python-2.7.2/Modules/cjkcodecs/mappings_tw.h	254,289,326,774,775,776,829,1320,1426,2414	2836	https://github.com/ms-iot/RPi-UEFI/blob/5bfd48d674e6c7efea6e31f9eb97b9da90c20263/AppPkg/Applications/Python/Python-2.7.2/Modules/cjkcodecs/mappings_tw.h#L254
ms-iot/RPi-UEFI	5bfd48d674e6c7efea6e31f9eb97b9da90c20263	AppPkg/Applications/Python/Python-2.7.2/Modules/unicodedata_db.h	2973,3038,3475	2836	https://github.com/ms-iot/RPi-UEFI/blob/5bfd48d674e6c7efea6e31f9eb97b9da90c20263/AppPkg/Applications/Python/Python-2.7.2/Modules/unicodedata_db.h#L2973
ms-iot/RPi-UEFI	5bfd48d674e6c7efea6e31f9eb97b9da90c20263	AppPkg/Applications/Python/Python-2.7.2/Modules/unicodename_db.h	4436,4523,12968,12969,14430,15455,15780,16186	2836	https://github.com/ms-iot/RPi-UEFI/blob/5bfd48d674e6c7efea6e31f9eb97b9da90c20263/AppPkg/Applications/Python/Python-2.7.2/Modules/unicodename_db.h#L4436
ms-iot/RPi-UEFI	5bfd48d674e6c7efea6e31f9eb97b9da90c20263	ArmPkg/ArmPkg.dsc	33,34,86,160,161	ARMv7	https://github.com/ms-iot/RPi-UEFI/blob/5bfd48d674e6c7efea6e31f9eb97b9da90c20263/ArmPkg/ArmPkg.dsc#L33
ms-iot/RPi-UEFI	5bfd48d674e6c7efea6e31f9eb97b9da90c20263	ArmPkg/Drivers/ArmCpuLib/ArmCortexA8Lib/ArmCortexA8Lib.c	20	ARMv7	https://github.com/ms-iot/RPi-UEFI/blob/5bfd48d674e6c7efea6e31f9eb97b9da90c20263/ArmPkg/Drivers/ArmCpuLib/ArmCortexA8Lib/ArmCortexA8Lib.c#L20
ms-iot/RPi-UEFI	5bfd48d674e6c7efea6e31f9eb97b9da90c20263	ArmPkg/Drivers/ArmGic/GicV3/Arm/ArmGicV3.asm	14	ARMv7	https://github.com/ms-iot/RPi-UEFI/blob/5bfd48d674e6c7efea6e31f9eb97b9da90c20263/ArmPkg/Drivers/ArmGic/GicV3/Arm/ArmGicV3.asm#L14
ms-iot/RPi-UEFI	5bfd48d674e6c7efea6e31f9eb97b9da90c20263	ArmPkg/Drivers/ArmGic/GicV3/Arm/ArmGicV3.S	17	ARMv7	https://github.com/ms-iot/RPi-UEFI/blob/5bfd48d674e6c7efea6e31f9eb97b9da90c20263/ArmPkg/Drivers/ArmGic/GicV3/Arm/ArmGicV3.S#L17
ms-iot/RPi-UEFI	5bfd48d674e6c7efea6e31f9eb97b9da90c20263	ArmPkg/Drivers/CpuDxe/ArmV6/Exception.c	18,19	ARMv7	https://github.com/ms-iot/RPi-UEFI/blob/5bfd48d674e6c7efea6e31f9eb97b9da90c20263/ArmPkg/Drivers/CpuDxe/ArmV6/Exception.c#L18
ms-iot/RPi-UEFI	5bfd48d674e6c7efea6e31f9eb97b9da90c20263	ArmPkg/Drivers/CpuDxe/ArmV6/Mmu.c	470,595	ARMv7	https://github.com/ms-iot/RPi-UEFI/blob/5bfd48d674e6c7efea6e31f9eb97b9da90c20263/ArmPkg/Drivers/CpuDxe/ArmV6/Mmu.c#L470
ms-iot/RPi-UEFI	5bfd48d674e6c7efea6e31f9eb97b9da90c20263	ArmPkg/Include/Chipset/ArmCortexA15.h	18	ARMv7	https://github.com/ms-iot/RPi-UEFI/blob/5bfd48d674e6c7efea6e31f9eb97b9da90c20263/ArmPkg/Include/Chipset/ArmCortexA15.h#L18
ms-iot/RPi-UEFI	5bfd48d674e6c7efea6e31f9eb97b9da90c20263	ArmPkg/Include/Chipset/ArmCortexA9.h	18	ARMv7	https://github.com/ms-iot/RPi-UEFI/blob/5bfd48d674e6c7efea6e31f9eb97b9da90c20263/ArmPkg/Include/Chipset/ArmCortexA9.h#L18
ms-iot/RPi-UEFI	5bfd48d674e6c7efea6e31f9eb97b9da90c20263	ArmPkg/Include/Chipset/ArmV7.h	20	ARMv7	https://github.com/ms-iot/RPi-UEFI/blob/5bfd48d674e6c7efea6e31f9eb97b9da90c20263/ArmPkg/Include/Chipset/ArmV7.h#L20
ms-iot/RPi-UEFI	5bfd48d674e6c7efea6e31f9eb97b9da90c20263	ArmPkg/Include/Chipset/ArmV7Mmu.h	15,16	ARMv7	https://github.com/ms-iot/RPi-UEFI/blob/5bfd48d674e6c7efea6e31f9eb97b9da90c20263/ArmPkg/Include/Chipset/ArmV7Mmu.h#L15
ms-iot/RPi-UEFI	5bfd48d674e6c7efea6e31f9eb97b9da90c20263	ArmPkg/Include/Library/ArmLib.h	26	ARMv7	https://github.com/ms-iot/RPi-UEFI/blob/5bfd48d674e6c7efea6e31f9eb97b9da90c20263/ArmPkg/Include/Library/ArmLib.h#L26
ms-iot/RPi-UEFI	5bfd48d674e6c7efea6e31f9eb97b9da90c20263	ArmPkg/Library/ArmArchTimerLib/ArmArchTimerLib.c	47	ARMv7	https://github.com/ms-iot/RPi-UEFI/blob/5bfd48d674e6c7efea6e31f9eb97b9da90c20263/ArmPkg/Library/ArmArchTimerLib/ArmArchTimerLib.c#L47
ms-iot/RPi-UEFI	5bfd48d674e6c7efea6e31f9eb97b9da90c20263	ArmPkg/Library/ArmLib/ArmV7/ArmV7ArchTimer.c	16,22	ARMv7	https://github.com/ms-iot/RPi-UEFI/blob/5bfd48d674e6c7efea6e31f9eb97b9da90c20263/ArmPkg/Library/ArmLib/ArmV7/ArmV7ArchTimer.c#L16
ms-iot/RPi-UEFI	5bfd48d674e6c7efea6e31f9eb97b9da90c20263	ArmPkg/Library/ArmLib/ArmV7/ArmV7ArchTimerSupport.asm	36	ARMv7	https://github.com/ms-iot/RPi-UEFI/blob/5bfd48d674e6c7efea6e31f9eb97b9da90c20263/ArmPkg/Library/ArmLib/ArmV7/ArmV7ArchTimerSupport.asm#L36
ms-iot/RPi-UEFI	5bfd48d674e6c7efea6e31f9eb97b9da90c20263	ArmPkg/Library/ArmLib/ArmV7/ArmV7Lib.c	16,20,193,202,213,222,238,248,258,268	ARMv7	https://github.com/ms-iot/RPi-UEFI/blob/5bfd48d674e6c7efea6e31f9eb97b9da90c20263/ArmPkg/Library/ArmLib/ArmV7/ArmV7Lib.c#L16
ms-iot/RPi-UEFI	5bfd48d674e6c7efea6e31f9eb97b9da90c20263	ArmPkg/Library/ArmLib/ArmV7/ArmV7Lib.h	22,27	ARMv7	https://github.com/ms-iot/RPi-UEFI/blob/5bfd48d674e6c7efea6e31f9eb97b9da90c20263/ArmPkg/Library/ArmLib/ArmV7/ArmV7Lib.h#L22
ms-iot/RPi-UEFI	5bfd48d674e6c7efea6e31f9eb97b9da90c20263	ArmPkg/Library/ArmLib/ArmV7/ArmV7Lib.inf	18,32,33,35,36,38,39,40	ARMv7	https://github.com/ms-iot/RPi-UEFI/blob/5bfd48d674e6c7efea6e31f9eb97b9da90c20263/ArmPkg/Library/ArmLib/ArmV7/ArmV7Lib.inf#L18
ms-iot/RPi-UEFI	5bfd48d674e6c7efea6e31f9eb97b9da90c20263	ArmPkg/Library/ArmLib/ArmV7/ArmV7LibPrePi.inf	18,32,33,35,36,38,39,40	ARMv7	https://github.com/ms-iot/RPi-UEFI/blob/5bfd48d674e6c7efea6e31f9eb97b9da90c20263/ArmPkg/Library/ArmLib/ArmV7/ArmV7LibPrePi.inf#L18
ms-iot/RPi-UEFI	5bfd48d674e6c7efea6e31f9eb97b9da90c20263	ArmPkg/Library/ArmLib/ArmV7/ArmV7LibSec.inf	16,30,31,33,35,36,37	ARMv7	https://github.com/ms-iot/RPi-UEFI/blob/5bfd48d674e6c7efea6e31f9eb97b9da90c20263/ArmPkg/Library/ArmLib/ArmV7/ArmV7LibSec.inf#L16
ms-iot/RPi-UEFI	5bfd48d674e6c7efea6e31f9eb97b9da90c20263	ArmPkg/Library/ArmLib/ArmV7/ArmV7Mmu.c	2,18,24	ARMv7	https://github.com/ms-iot/RPi-UEFI/blob/5bfd48d674e6c7efea6e31f9eb97b9da90c20263/ArmPkg/Library/ArmLib/ArmV7/ArmV7Mmu.c#L2
ms-iot/RPi-UEFI	5bfd48d674e6c7efea6e31f9eb97b9da90c20263	ArmPkg/Library/ArmLib/ArmV7/ArmV7Support.asm	37,38,53,216,265	ARMv7	https://github.com/ms-iot/RPi-UEFI/blob/5bfd48d674e6c7efea6e31f9eb97b9da90c20263/ArmPkg/Library/ArmLib/ArmV7/ArmV7Support.asm#L37
ms-iot/RPi-UEFI	5bfd48d674e6c7efea6e31f9eb97b9da90c20263	ArmPkg/Library/ArmLib/ArmV7/ArmV7Support.S	40,41,218,271	ARMv7	https://github.com/ms-iot/RPi-UEFI/blob/5bfd48d674e6c7efea6e31f9eb97b9da90c20263/ArmPkg/Library/ArmLib/ArmV7/ArmV7Support.S#L40
ms-iot/RPi-UEFI	5bfd48d674e6c7efea6e31f9eb97b9da90c20263	ArmPkg/Library/BaseMemoryLibVstm/BaseMemoryLibVstm.inf	6	ARMv7	https://github.com/ms-iot/RPi-UEFI/blob/5bfd48d674e6c7efea6e31f9eb97b9da90c20263/ArmPkg/Library/BaseMemoryLibVstm/BaseMemoryLibVstm.inf#L6
ms-iot/RPi-UEFI	5bfd48d674e6c7efea6e31f9eb97b9da90c20263	ArmPkg/Library/SemihostLib/Arm/GccSemihost.S	25,26	ARMv7	https://github.com/ms-iot/RPi-UEFI/blob/5bfd48d674e6c7efea6e31f9eb97b9da90c20263/ArmPkg/Library/SemihostLib/Arm/GccSemihost.S#L25
ms-iot/RPi-UEFI	5bfd48d674e6c7efea6e31f9eb97b9da90c20263	ArmPlatformPkg/APMXGenePkg/Drivers/SnpDxe/ethernet/apm_enet_csr.h	621,622,623,624,625,626,627,628,629,630,631,632,633,634,635,636,637,638,639,640,641,642,643,644,645,646,647,648,649,650,651,652,653,654,655,656,5566,5567,5568,5569,5570,5571,5572,5573,5576,5577,5578,5579,5580,5581,5582,5583,5585,5586,5587,5588,5589,5590,5591,5593,5594,5595,5596,5597,5598,5599,5602,5603,5604,5605,5606,5607,5608,5609,5612,5613,5614,5615,5616,5617,5618,5619,5621,5622,5623,5624,5625,5626,5627,5629,5630,5631,5632,5633,5634,5635,5638,5639,5640,5641,5642,5643,5644,5645,5648,5649,5650,5651,5652,5653,5654,5655,5657,5658,5659,5660,5661,5662,5663,5665,5666,5667,5668,5669,5670,5671,5674,5692,5718,5728,5738,5829,5925,5941,5950,5959,5982,5998,6033	Pi2	https://github.com/ms-iot/RPi-UEFI/blob/5bfd48d674e6c7efea6e31f9eb97b9da90c20263/ArmPlatformPkg/APMXGenePkg/Drivers/SnpDxe/ethernet/apm_enet_csr.h#L621
ms-iot/RPi-UEFI	5bfd48d674e6c7efea6e31f9eb97b9da90c20263	ArmPlatformPkg/APMXGenePkg/Drivers/SnpDxe/ethernet/apm_enet_misc.c	253,900,903,926	Pi2	https://github.com/ms-iot/RPi-UEFI/blob/5bfd48d674e6c7efea6e31f9eb97b9da90c20263/ArmPlatformPkg/APMXGenePkg/Drivers/SnpDxe/ethernet/apm_enet_misc.c#L253
ms-iot/RPi-UEFI	5bfd48d674e6c7efea6e31f9eb97b9da90c20263	ArmPlatformPkg/APMXGenePkg/Include/APMXGeneSlimPROCSR.h	13300,13380	Pi2	https://github.com/ms-iot/RPi-UEFI/blob/5bfd48d674e6c7efea6e31f9eb97b9da90c20263/ArmPlatformPkg/APMXGenePkg/Include/APMXGeneSlimPROCSR.h#L13300
ms-iot/RPi-UEFI	5bfd48d674e6c7efea6e31f9eb97b9da90c20263	ArmPlatformPkg/APMXGenePkg/Include/ipp_csr.h	13926,14018	Pi2	https://github.com/ms-iot/RPi-UEFI/blob/5bfd48d674e6c7efea6e31f9eb97b9da90c20263/ArmPlatformPkg/APMXGenePkg/Include/ipp_csr.h#L13926
ms-iot/RPi-UEFI	5bfd48d674e6c7efea6e31f9eb97b9da90c20263	ArmPlatformPkg/APMXGenePkg/Modules/ArmPkg/Library/ArmArchTimerLib/ArmArchTimerLib.c	47	ARMv7	https://github.com/ms-iot/RPi-UEFI/blob/5bfd48d674e6c7efea6e31f9eb97b9da90c20263/ArmPlatformPkg/APMXGenePkg/Modules/ArmPkg/Library/ArmArchTimerLib/ArmArchTimerLib.c#L47
ms-iot/RPi-UEFI	5bfd48d674e6c7efea6e31f9eb97b9da90c20263	ArmPlatformPkg/APMXGenePkg/Modules/ArmPlatformPkg/Library/EblCmdLib/Arm/EblCmdMmu.c	18	ARMv7	https://github.com/ms-iot/RPi-UEFI/blob/5bfd48d674e6c7efea6e31f9eb97b9da90c20263/ArmPlatformPkg/APMXGenePkg/Modules/ArmPlatformPkg/Library/EblCmdLib/Arm/EblCmdMmu.c#L18
ms-iot/RPi-UEFI	5bfd48d674e6c7efea6e31f9eb97b9da90c20263	ArmPlatformPkg/APMXGenePkg/Sec/Helper.S	130	ARMv7	https://github.com/ms-iot/RPi-UEFI/blob/5bfd48d674e6c7efea6e31f9eb97b9da90c20263/ArmPlatformPkg/APMXGenePkg/Sec/Helper.S#L130
ms-iot/RPi-UEFI	5bfd48d674e6c7efea6e31f9eb97b9da90c20263	ArmPlatformPkg/ArmJunoPkg/ArmJuno.dsc	58	ARMv7	https://github.com/ms-iot/RPi-UEFI/blob/5bfd48d674e6c7efea6e31f9eb97b9da90c20263/ArmPlatformPkg/ArmJunoPkg/ArmJuno.dsc#L58
ms-iot/RPi-UEFI	5bfd48d674e6c7efea6e31f9eb97b9da90c20263	ArmPlatformPkg/ArmPlatformPkg-2ndstage.dsc	118,191,193	ARMv7	https://github.com/ms-iot/RPi-UEFI/blob/5bfd48d674e6c7efea6e31f9eb97b9da90c20263/ArmPlatformPkg/ArmPlatformPkg-2ndstage.dsc#L118
ms-iot/RPi-UEFI	5bfd48d674e6c7efea6e31f9eb97b9da90c20263	ArmPlatformPkg/ArmPlatformPkg.dsc	119,139,225,227	ARMv7	https://github.com/ms-iot/RPi-UEFI/blob/5bfd48d674e6c7efea6e31f9eb97b9da90c20263/ArmPlatformPkg/ArmPlatformPkg.dsc#L119
ms-iot/RPi-UEFI	5bfd48d674e6c7efea6e31f9eb97b9da90c20263	ArmPlatformPkg/ArmRealViewEbPkg/ArmRealViewEb-RTSM-A8.dsc	33,38,47,154	ARMv7	https://github.com/ms-iot/RPi-UEFI/blob/5bfd48d674e6c7efea6e31f9eb97b9da90c20263/ArmPlatformPkg/ArmRealViewEbPkg/ArmRealViewEb-RTSM-A8.dsc#L33
ms-iot/RPi-UEFI	5bfd48d674e6c7efea6e31f9eb97b9da90c20263	ArmPlatformPkg/ArmRealViewEbPkg/ArmRealViewEb-RTSM-A9x2.dsc	33,38,47,157	ARMv7	https://github.com/ms-iot/RPi-UEFI/blob/5bfd48d674e6c7efea6e31f9eb97b9da90c20263/ArmPlatformPkg/ArmRealViewEbPkg/ArmRealViewEb-RTSM-A9x2.dsc#L33
ms-iot/RPi-UEFI	5bfd48d674e6c7efea6e31f9eb97b9da90c20263	ArmPlatformPkg/ArmVExpressPkg/ArmVExpress-CTA15-A7.dsc	38,217	ARMv7	https://github.com/ms-iot/RPi-UEFI/blob/5bfd48d674e6c7efea6e31f9eb97b9da90c20263/ArmPlatformPkg/ArmVExpressPkg/ArmVExpress-CTA15-A7.dsc#L38
ms-iot/RPi-UEFI	5bfd48d674e6c7efea6e31f9eb97b9da90c20263	ArmPlatformPkg/ArmVExpressPkg/ArmVExpress-CTA9x4.dsc	47,66,227	ARMv7	https://github.com/ms-iot/RPi-UEFI/blob/5bfd48d674e6c7efea6e31f9eb97b9da90c20263/ArmPlatformPkg/ArmVExpressPkg/ArmVExpress-CTA9x4.dsc#L47
ms-iot/RPi-UEFI	5bfd48d674e6c7efea6e31f9eb97b9da90c20263	ArmPlatformPkg/ArmVExpressPkg/ArmVExpress-RTSM-A15_MPCore.dsc	37,54,194	ARMv7	https://github.com/ms-iot/RPi-UEFI/blob/5bfd48d674e6c7efea6e31f9eb97b9da90c20263/ArmPlatformPkg/ArmVExpressPkg/ArmVExpress-RTSM-A15_MPCore.dsc#L37
ms-iot/RPi-UEFI	5bfd48d674e6c7efea6e31f9eb97b9da90c20263	ArmPlatformPkg/ArmVExpressPkg/ArmVExpress-RTSM-A15.dsc	37,54,192	ARMv7	https://github.com/ms-iot/RPi-UEFI/blob/5bfd48d674e6c7efea6e31f9eb97b9da90c20263/ArmPlatformPkg/ArmVExpressPkg/ArmVExpress-RTSM-A15.dsc#L37
ms-iot/RPi-UEFI	5bfd48d674e6c7efea6e31f9eb97b9da90c20263	ArmPlatformPkg/ArmVExpressPkg/ArmVExpress-RTSM-A9x4.dsc	37,53,65,204	ARMv7	https://github.com/ms-iot/RPi-UEFI/blob/5bfd48d674e6c7efea6e31f9eb97b9da90c20263/ArmPlatformPkg/ArmVExpressPkg/ArmVExpress-RTSM-A9x4.dsc#L37
ms-iot/RPi-UEFI	5bfd48d674e6c7efea6e31f9eb97b9da90c20263	ArmPlatformPkg/ArmVExpressPkg/dts/fvp-base-gicv2-psci.dts	114	ARMv7	https://github.com/ms-iot/RPi-UEFI/blob/5bfd48d674e6c7efea6e31f9eb97b9da90c20263/ArmPlatformPkg/ArmVExpressPkg/dts/fvp-base-gicv2-psci.dts#L114
ms-iot/RPi-UEFI	5bfd48d674e6c7efea6e31f9eb97b9da90c20263	ArmPlatformPkg/ArmVExpressPkg/dts/fvp-foundation-gicv2-psci.dts	86	ARMv7	https://github.com/ms-iot/RPi-UEFI/blob/5bfd48d674e6c7efea6e31f9eb97b9da90c20263/ArmPlatformPkg/ArmVExpressPkg/dts/fvp-foundation-gicv2-psci.dts#L86
ms-iot/RPi-UEFI	5bfd48d674e6c7efea6e31f9eb97b9da90c20263	ArmPlatformPkg/ArmVirtualizationPkg/ArmVirtualizationQemu.dsc	42,72	ARMv7	https://github.com/ms-iot/RPi-UEFI/blob/5bfd48d674e6c7efea6e31f9eb97b9da90c20263/ArmPlatformPkg/ArmVirtualizationPkg/ArmVirtualizationQemu.dsc#L42
ms-iot/RPi-UEFI	5bfd48d674e6c7efea6e31f9eb97b9da90c20263	ArmPlatformPkg/ArmVirtualizationPkg/VirtFdtDxe/VirtFdtDxe.c	61	ARMv7	https://github.com/ms-iot/RPi-UEFI/blob/5bfd48d674e6c7efea6e31f9eb97b9da90c20263/ArmPlatformPkg/ArmVirtualizationPkg/VirtFdtDxe/VirtFdtDxe.c#L61
ms-iot/RPi-UEFI	5bfd48d674e6c7efea6e31f9eb97b9da90c20263	ArmPlatformPkg/Library/EblCmdLib/Arm/EblCmdMmu.c	18	ARMv7	https://github.com/ms-iot/RPi-UEFI/blob/5bfd48d674e6c7efea6e31f9eb97b9da90c20263/ArmPlatformPkg/Library/EblCmdLib/Arm/EblCmdMmu.c#L18
ms-iot/RPi-UEFI	5bfd48d674e6c7efea6e31f9eb97b9da90c20263	ArmPlatformPkg/PrePi/Arm/ModuleEntryPoint.asm	19	ARMv7	https://github.com/ms-iot/RPi-UEFI/blob/5bfd48d674e6c7efea6e31f9eb97b9da90c20263/ArmPlatformPkg/PrePi/Arm/ModuleEntryPoint.asm#L19
ms-iot/RPi-UEFI	5bfd48d674e6c7efea6e31f9eb97b9da90c20263	ArmPlatformPkg/PrePi/Arm/ModuleEntryPoint.S	20	ARMv7	https://github.com/ms-iot/RPi-UEFI/blob/5bfd48d674e6c7efea6e31f9eb97b9da90c20263/ArmPlatformPkg/PrePi/Arm/ModuleEntryPoint.S#L20
ms-iot/RPi-UEFI	5bfd48d674e6c7efea6e31f9eb97b9da90c20263	ArmPlatformPkg/Sec/AArch64/Helper.S	59	ARMv7	https://github.com/ms-iot/RPi-UEFI/blob/5bfd48d674e6c7efea6e31f9eb97b9da90c20263/ArmPlatformPkg/Sec/AArch64/Helper.S#L59
ms-iot/RPi-UEFI	5bfd48d674e6c7efea6e31f9eb97b9da90c20263	ArmPlatformPkg/Sec/Arm/Arch.c	15	ARMv7	https://github.com/ms-iot/RPi-UEFI/blob/5bfd48d674e6c7efea6e31f9eb97b9da90c20263/ArmPlatformPkg/Sec/Arm/Arch.c#L15
ms-iot/RPi-UEFI	5bfd48d674e6c7efea6e31f9eb97b9da90c20263	BaseTools/Conf/tools_def.template	4230,4236,4327,4333,4450,4456,4573,4579,6356,6357,6358,6713,6807	ARMv7	https://github.com/ms-iot/RPi-UEFI/blob/5bfd48d674e6c7efea6e31f9eb97b9da90c20263/BaseTools/Conf/tools_def.template#L4230
ms-iot/RPi-UEFI	5bfd48d674e6c7efea6e31f9eb97b9da90c20263	BaseTools/Source/C/GenFw/GenFw.c	38	Pi2	https://github.com/ms-iot/RPi-UEFI/blob/5bfd48d674e6c7efea6e31f9eb97b9da90c20263/BaseTools/Source/C/GenFw/GenFw.c#L38
ms-iot/RPi-UEFI	5bfd48d674e6c7efea6e31f9eb97b9da90c20263	BeagleBoardPkg/BeagleBoardPkg.dsc	34,131,214,216	ARMv7	https://github.com/ms-iot/RPi-UEFI/blob/5bfd48d674e6c7efea6e31f9eb97b9da90c20263/BeagleBoardPkg/BeagleBoardPkg.dsc#L34
ms-iot/RPi-UEFI	5bfd48d674e6c7efea6e31f9eb97b9da90c20263	BeagleBoardPkg/Library/BeagleBoardLib/PadConfiguration.c	234,235,236,237,238	Pi2	https://github.com/ms-iot/RPi-UEFI/blob/5bfd48d674e6c7efea6e31f9eb97b9da90c20263/BeagleBoardPkg/Library/BeagleBoardLib/PadConfiguration.c#L234
ms-iot/RPi-UEFI	5bfd48d674e6c7efea6e31f9eb97b9da90c20263	BeagleBoardPkg/Sec/PadConfiguration.c	237,238,239,240,241	Pi2	https://github.com/ms-iot/RPi-UEFI/blob/5bfd48d674e6c7efea6e31f9eb97b9da90c20263/BeagleBoardPkg/Sec/PadConfiguration.c#L237
ms-iot/RPi-UEFI	5bfd48d674e6c7efea6e31f9eb97b9da90c20263	BuildPi2Board.bat	22,24	Pi2	https://github.com/ms-iot/RPi-UEFI/blob/5bfd48d674e6c7efea6e31f9eb97b9da90c20263/BuildPi2Board.bat#L22
ms-iot/RPi-UEFI	5bfd48d674e6c7efea6e31f9eb97b9da90c20263	BuildPi2Pi3Board.bat	22,25	Pi2	https://github.com/ms-iot/RPi-UEFI/blob/5bfd48d674e6c7efea6e31f9eb97b9da90c20263/BuildPi2Pi3Board.bat#L22
ms-iot/RPi-UEFI	5bfd48d674e6c7efea6e31f9eb97b9da90c20263	DuetPkg/DxeIpl/HobGeneration.c	275	Pi2	https://github.com/ms-iot/RPi-UEFI/blob/5bfd48d674e6c7efea6e31f9eb97b9da90c20263/DuetPkg/DxeIpl/HobGeneration.c#L275
ms-iot/RPi-UEFI	5bfd48d674e6c7efea6e31f9eb97b9da90c20263	DuetPkg/DxeIpl/HobGeneration.h	81	Pi2	https://github.com/ms-iot/RPi-UEFI/blob/5bfd48d674e6c7efea6e31f9eb97b9da90c20263/DuetPkg/DxeIpl/HobGeneration.h#L81
ms-iot/RPi-UEFI	5bfd48d674e6c7efea6e31f9eb97b9da90c20263	DuetPkg/DxeIpl/LegacyTable.c	194,196,197,343	Pi2	https://github.com/ms-iot/RPi-UEFI/blob/5bfd48d674e6c7efea6e31f9eb97b9da90c20263/DuetPkg/DxeIpl/LegacyTable.c#L194
ms-iot/RPi-UEFI	5bfd48d674e6c7efea6e31f9eb97b9da90c20263	DuetPkg/Library/DuetBdsLib/BdsPlatform.c	31,1413	Pi2	https://github.com/ms-iot/RPi-UEFI/blob/5bfd48d674e6c7efea6e31f9eb97b9da90c20263/DuetPkg/Library/DuetBdsLib/BdsPlatform.c#L31
ms-iot/RPi-UEFI	5bfd48d674e6c7efea6e31f9eb97b9da90c20263	DuetPkg/Library/DuetBdsLib/PlatformBds.inf	56	Pi2	https://github.com/ms-iot/RPi-UEFI/blob/5bfd48d674e6c7efea6e31f9eb97b9da90c20263/DuetPkg/Library/DuetBdsLib/PlatformBds.inf#L56
ms-iot/RPi-UEFI	5bfd48d674e6c7efea6e31f9eb97b9da90c20263	EdkCompatibilityPkg/Compatibility/PciCfg2OnPciCfgThunk/PciCfg2OnPciCfgThunk.c	2,56	Pi2	https://github.com/ms-iot/RPi-UEFI/blob/5bfd48d674e6c7efea6e31f9eb97b9da90c20263/EdkCompatibilityPkg/Compatibility/PciCfg2OnPciCfgThunk/PciCfg2OnPciCfgThunk.c#L2
ms-iot/RPi-UEFI	5bfd48d674e6c7efea6e31f9eb97b9da90c20263	EdkCompatibilityPkg/Compatibility/PciCfg2OnPciCfgThunk/PciCfg2OnPciCfgThunk.inf	2,54	Pi2	https://github.com/ms-iot/RPi-UEFI/blob/5bfd48d674e6c7efea6e31f9eb97b9da90c20263/EdkCompatibilityPkg/Compatibility/PciCfg2OnPciCfgThunk/PciCfg2OnPciCfgThunk.inf#L2
ms-iot/RPi-UEFI	5bfd48d674e6c7efea6e31f9eb97b9da90c20263	EdkCompatibilityPkg/Compatibility/PciCfgOnPciCfg2Thunk/PciCfgOnPciCfg2Thunk.c	2,7	Pi2	https://github.com/ms-iot/RPi-UEFI/blob/5bfd48d674e6c7efea6e31f9eb97b9da90c20263/EdkCompatibilityPkg/Compatibility/PciCfgOnPciCfg2Thunk/PciCfgOnPciCfg2Thunk.c#L2
ms-iot/RPi-UEFI	5bfd48d674e6c7efea6e31f9eb97b9da90c20263	EdkCompatibilityPkg/Compatibility/PciCfgOnPciCfg2Thunk/PciCfgOnPciCfg2Thunk.inf	2,7	Pi2	https://github.com/ms-iot/RPi-UEFI/blob/5bfd48d674e6c7efea6e31f9eb97b9da90c20263/EdkCompatibilityPkg/Compatibility/PciCfgOnPciCfg2Thunk/PciCfgOnPciCfg2Thunk.inf#L2
ms-iot/RPi-UEFI	5bfd48d674e6c7efea6e31f9eb97b9da90c20263	EdkCompatibilityPkg/Foundation/Efi/Guid/Acpi/Acpi.c	29,31	Pi2	https://github.com/ms-iot/RPi-UEFI/blob/5bfd48d674e6c7efea6e31f9eb97b9da90c20263/EdkCompatibilityPkg/Foundation/Efi/Guid/Acpi/Acpi.c#L29
ms-iot/RPi-UEFI	5bfd48d674e6c7efea6e31f9eb97b9da90c20263	EdkCompatibilityPkg/Foundation/Efi/Guid/Acpi/Acpi.h	42	Pi2	https://github.com/ms-iot/RPi-UEFI/blob/5bfd48d674e6c7efea6e31f9eb97b9da90c20263/EdkCompatibilityPkg/Foundation/Efi/Guid/Acpi/Acpi.h#L42
ms-iot/RPi-UEFI	5bfd48d674e6c7efea6e31f9eb97b9da90c20263	EdkCompatibilityPkg/Foundation/Include/IndustryStandard/Acpi.h	28	Pi2	https://github.com/ms-iot/RPi-UEFI/blob/5bfd48d674e6c7efea6e31f9eb97b9da90c20263/EdkCompatibilityPkg/Foundation/Include/IndustryStandard/Acpi.h#L28
ms-iot/RPi-UEFI	5bfd48d674e6c7efea6e31f9eb97b9da90c20263	EdkCompatibilityPkg/Foundation/Include/IndustryStandard/Acpi2_0.h	14	Pi2	https://github.com/ms-iot/RPi-UEFI/blob/5bfd48d674e6c7efea6e31f9eb97b9da90c20263/EdkCompatibilityPkg/Foundation/Include/IndustryStandard/Acpi2_0.h#L14
ms-iot/RPi-UEFI	5bfd48d674e6c7efea6e31f9eb97b9da90c20263	EdkCompatibilityPkg/Foundation/Include/IndustryStandard/AlertStandardFormatTable.h	26	Pi2	https://github.com/ms-iot/RPi-UEFI/blob/5bfd48d674e6c7efea6e31f9eb97b9da90c20263/EdkCompatibilityPkg/Foundation/Include/IndustryStandard/AlertStandardFormatTable.h#L26
ms-iot/RPi-UEFI	5bfd48d674e6c7efea6e31f9eb97b9da90c20263	EdkCompatibilityPkg/Foundation/Include/IndustryStandard/HighPrecisionEventTimerTable.h	29	Pi2	https://github.com/ms-iot/RPi-UEFI/blob/5bfd48d674e6c7efea6e31f9eb97b9da90c20263/EdkCompatibilityPkg/Foundation/Include/IndustryStandard/HighPrecisionEventTimerTable.h#L29
ms-iot/RPi-UEFI	5bfd48d674e6c7efea6e31f9eb97b9da90c20263	EdkCompatibilityPkg/Foundation/Include/IndustryStandard/ServerProcessorManagementInterfaceTable.h	26	Pi2	https://github.com/ms-iot/RPi-UEFI/blob/5bfd48d674e6c7efea6e31f9eb97b9da90c20263/EdkCompatibilityPkg/Foundation/Include/IndustryStandard/ServerProcessorManagementInterfaceTable.h#L26
ms-iot/RPi-UEFI	5bfd48d674e6c7efea6e31f9eb97b9da90c20263	EdkCompatibilityPkg/Foundation/Include/IndustryStandard/WatchdogDescriptionTable.h	29	Pi2	https://github.com/ms-iot/RPi-UEFI/blob/5bfd48d674e6c7efea6e31f9eb97b9da90c20263/EdkCompatibilityPkg/Foundation/Include/IndustryStandard/WatchdogDescriptionTable.h#L29
ms-iot/RPi-UEFI	5bfd48d674e6c7efea6e31f9eb97b9da90c20263	EdkShellPkg/ShellR33.patch	390,392,393,600,602,603,4719,4721,4722	Pi2	https://github.com/ms-iot/RPi-UEFI/blob/5bfd48d674e6c7efea6e31f9eb97b9da90c20263/EdkShellPkg/ShellR33.patch#L390
ms-iot/RPi-UEFI	5bfd48d674e6c7efea6e31f9eb97b9da90c20263	EdkShellPkg/ShellR64.patch	3828,3834,3863,3865,3866,4124,4130,4161,4163,4164,6851,6857,6888,6890,6891	Pi2	https://github.com/ms-iot/RPi-UEFI/blob/5bfd48d674e6c7efea6e31f9eb97b9da90c20263/EdkShellPkg/ShellR64.patch#L3828
ms-iot/RPi-UEFI	5bfd48d674e6c7efea6e31f9eb97b9da90c20263	EmbeddedPkg/EmbeddedPkg.dsc	136	ARMv7	https://github.com/ms-iot/RPi-UEFI/blob/5bfd48d674e6c7efea6e31f9eb97b9da90c20263/EmbeddedPkg/EmbeddedPkg.dsc#L136
ms-iot/RPi-UEFI	5bfd48d674e6c7efea6e31f9eb97b9da90c20263	EmbeddedPkg/Library/GdbDebugAgent/gdbnotes.txt	1	ARMv7	https://github.com/ms-iot/RPi-UEFI/blob/5bfd48d674e6c7efea6e31f9eb97b9da90c20263/EmbeddedPkg/Library/GdbDebugAgent/gdbnotes.txt#L1
ms-iot/RPi-UEFI	5bfd48d674e6c7efea6e31f9eb97b9da90c20263	HisiPkg/D01BoardPkg/D01BoardPkg.dsc	38,63,71,73,222	ARMv7	https://github.com/ms-iot/RPi-UEFI/blob/5bfd48d674e6c7efea6e31f9eb97b9da90c20263/HisiPkg/D01BoardPkg/D01BoardPkg.dsc#L38
ms-iot/RPi-UEFI	5bfd48d674e6c7efea6e31f9eb97b9da90c20263	HisiPkg/D01BoardPkg/Sec/Sec/Arm/Arch.c	15	ARMv7	https://github.com/ms-iot/RPi-UEFI/blob/5bfd48d674e6c7efea6e31f9eb97b9da90c20263/HisiPkg/D01BoardPkg/Sec/Sec/Arm/Arch.c#L15
ms-iot/RPi-UEFI	5bfd48d674e6c7efea6e31f9eb97b9da90c20263	IntelFrameworkModulePkg/Csm/LegacyBiosDxe/LegacyBiosDxe.inf	111,115	Pi2	https://github.com/ms-iot/RPi-UEFI/blob/5bfd48d674e6c7efea6e31f9eb97b9da90c20263/IntelFrameworkModulePkg/Csm/LegacyBiosDxe/LegacyBiosDxe.inf#L111
ms-iot/RPi-UEFI	5bfd48d674e6c7efea6e31f9eb97b9da90c20263	IntelFrameworkModulePkg/Csm/LegacyBiosDxe/LegacyBootSupport.c	979	Pi2	https://github.com/ms-iot/RPi-UEFI/blob/5bfd48d674e6c7efea6e31f9eb97b9da90c20263/IntelFrameworkModulePkg/Csm/LegacyBiosDxe/LegacyBootSupport.c#L979
ms-iot/RPi-UEFI	5bfd48d674e6c7efea6e31f9eb97b9da90c20263	IntelFrameworkModulePkg/Universal/Acpi/AcpiS3SaveDxe/AcpiS3Save.c	297	Pi2	https://github.com/ms-iot/RPi-UEFI/blob/5bfd48d674e6c7efea6e31f9eb97b9da90c20263/IntelFrameworkModulePkg/Universal/Acpi/AcpiS3SaveDxe/AcpiS3Save.c#L297
ms-iot/RPi-UEFI	5bfd48d674e6c7efea6e31f9eb97b9da90c20263	IntelFrameworkModulePkg/Universal/Acpi/AcpiS3SaveDxe/AcpiS3SaveDxe.inf	58	Pi2	https://github.com/ms-iot/RPi-UEFI/blob/5bfd48d674e6c7efea6e31f9eb97b9da90c20263/IntelFrameworkModulePkg/Universal/Acpi/AcpiS3SaveDxe/AcpiS3SaveDxe.inf#L58
ms-iot/RPi-UEFI	5bfd48d674e6c7efea6e31f9eb97b9da90c20263	MdeModulePkg/Core/Pei/PeiMain.inf	95	Pi2	https://github.com/ms-iot/RPi-UEFI/blob/5bfd48d674e6c7efea6e31f9eb97b9da90c20263/MdeModulePkg/Core/Pei/PeiMain.inf#L95
ms-iot/RPi-UEFI	5bfd48d674e6c7efea6e31f9eb97b9da90c20263	MdeModulePkg/Universal/Network/IScsiDxe/IScsiDxe.inf	111	Pi2	https://github.com/ms-iot/RPi-UEFI/blob/5bfd48d674e6c7efea6e31f9eb97b9da90c20263/MdeModulePkg/Universal/Network/IScsiDxe/IScsiDxe.inf#L111
ms-iot/RPi-UEFI	5bfd48d674e6c7efea6e31f9eb97b9da90c20263	MdeModulePkg/Universal/Network/IScsiDxe/IScsiIbft.c	453	Pi2	https://github.com/ms-iot/RPi-UEFI/blob/5bfd48d674e6c7efea6e31f9eb97b9da90c20263/MdeModulePkg/Universal/Network/IScsiDxe/IScsiIbft.c#L453
ms-iot/RPi-UEFI	5bfd48d674e6c7efea6e31f9eb97b9da90c20263	MdePkg/Include/Guid/Acpi.h	44	Pi2	https://github.com/ms-iot/RPi-UEFI/blob/5bfd48d674e6c7efea6e31f9eb97b9da90c20263/MdePkg/Include/Guid/Acpi.h#L44
ms-iot/RPi-UEFI	5bfd48d674e6c7efea6e31f9eb97b9da90c20263	MdePkg/Include/IndustryStandard/Acpi30.h	17	Pi2	https://github.com/ms-iot/RPi-UEFI/blob/5bfd48d674e6c7efea6e31f9eb97b9da90c20263/MdePkg/Include/IndustryStandard/Acpi30.h#L17
ms-iot/RPi-UEFI	5bfd48d674e6c7efea6e31f9eb97b9da90c20263	MdePkg/Library/BaseCpuLib/Arm/CpuSleep.asm	3,9	ARMv7	https://github.com/ms-iot/RPi-UEFI/blob/5bfd48d674e6c7efea6e31f9eb97b9da90c20263/MdePkg/Library/BaseCpuLib/Arm/CpuSleep.asm#L3
ms-iot/RPi-UEFI	5bfd48d674e6c7efea6e31f9eb97b9da90c20263	MdePkg/Library/BaseCpuLib/Arm/CpuSleep.S	3,9	ARMv7	https://github.com/ms-iot/RPi-UEFI/blob/5bfd48d674e6c7efea6e31f9eb97b9da90c20263/MdePkg/Library/BaseCpuLib/Arm/CpuSleep.S#L3
ms-iot/RPi-UEFI	5bfd48d674e6c7efea6e31f9eb97b9da90c20263	MdePkg/Library/BaseLib/AArch64/CpuBreakpoint.S	36	ARMv7	https://github.com/ms-iot/RPi-UEFI/blob/5bfd48d674e6c7efea6e31f9eb97b9da90c20263/MdePkg/Library/BaseLib/AArch64/CpuBreakpoint.S#L36
ms-iot/RPi-UEFI	5bfd48d674e6c7efea6e31f9eb97b9da90c20263	MdePkg/MdePkg.dec	294	Pi2	https://github.com/ms-iot/RPi-UEFI/blob/5bfd48d674e6c7efea6e31f9eb97b9da90c20263/MdePkg/MdePkg.dec#L294
ms-iot/RPi-UEFI	5bfd48d674e6c7efea6e31f9eb97b9da90c20263	NetworkPkg/IScsiDxe/IScsiDxe.inf	116	Pi2	https://github.com/ms-iot/RPi-UEFI/blob/5bfd48d674e6c7efea6e31f9eb97b9da90c20263/NetworkPkg/IScsiDxe/IScsiDxe.inf#L116
ms-iot/RPi-UEFI	5bfd48d674e6c7efea6e31f9eb97b9da90c20263	NetworkPkg/IScsiDxe/IScsiIbft.c	473	Pi2	https://github.com/ms-iot/RPi-UEFI/blob/5bfd48d674e6c7efea6e31f9eb97b9da90c20263/NetworkPkg/IScsiDxe/IScsiIbft.c#L473
ms-iot/RPi-UEFI	5bfd48d674e6c7efea6e31f9eb97b9da90c20263	Omap35xxPkg/Include/Omap3530/Omap3530PadConfiguration.h	234,235,236,237,238	Pi2	https://github.com/ms-iot/RPi-UEFI/blob/5bfd48d674e6c7efea6e31f9eb97b9da90c20263/Omap35xxPkg/Include/Omap3530/Omap3530PadConfiguration.h#L234
ms-iot/RPi-UEFI	5bfd48d674e6c7efea6e31f9eb97b9da90c20263	Omap35xxPkg/Omap35xxPkg.dsc	36,92,93,94,96,97	ARMv7	https://github.com/ms-iot/RPi-UEFI/blob/5bfd48d674e6c7efea6e31f9eb97b9da90c20263/Omap35xxPkg/Omap35xxPkg.dsc#L36
ms-iot/RPi-UEFI	5bfd48d674e6c7efea6e31f9eb97b9da90c20263	Omap44xxPkg/Omap44xxPkg.dsc	36,91,92,93,95,96	ARMv7	https://github.com/ms-iot/RPi-UEFI/blob/5bfd48d674e6c7efea6e31f9eb97b9da90c20263/Omap44xxPkg/Omap44xxPkg.dsc#L36
ms-iot/RPi-UEFI	5bfd48d674e6c7efea6e31f9eb97b9da90c20263	OvmfPkg/AcpiS3SaveDxe/AcpiS3Save.c	283	Pi2	https://github.com/ms-iot/RPi-UEFI/blob/5bfd48d674e6c7efea6e31f9eb97b9da90c20263/OvmfPkg/AcpiS3SaveDxe/AcpiS3Save.c#L283
ms-iot/RPi-UEFI	5bfd48d674e6c7efea6e31f9eb97b9da90c20263	OvmfPkg/AcpiS3SaveDxe/AcpiS3SaveDxe.inf	59	Pi2	https://github.com/ms-iot/RPi-UEFI/blob/5bfd48d674e6c7efea6e31f9eb97b9da90c20263/OvmfPkg/AcpiS3SaveDxe/AcpiS3SaveDxe.inf#L59
ms-iot/RPi-UEFI	5bfd48d674e6c7efea6e31f9eb97b9da90c20263	PandaBoardPkg/Library/PandaBoardLib/Clock.c	215	Pi2	https://github.com/ms-iot/RPi-UEFI/blob/5bfd48d674e6c7efea6e31f9eb97b9da90c20263/PandaBoardPkg/Library/PandaBoardLib/Clock.c#L215
ms-iot/RPi-UEFI	5bfd48d674e6c7efea6e31f9eb97b9da90c20263	PandaBoardPkg/PandaBoardPkg.dsc	34,139,225,227	ARMv7	https://github.com/ms-iot/RPi-UEFI/blob/5bfd48d674e6c7efea6e31f9eb97b9da90c20263/PandaBoardPkg/PandaBoardPkg.dsc#L34
ms-iot/RPi-UEFI	5bfd48d674e6c7efea6e31f9eb97b9da90c20263	Pi2BoardPkg/AcpiTables/Common/CSRT.aslc	4,17,35,44,55,64,71,75,99,100,140,143	2836;Pi2;RPi2	https://github.com/ms-iot/RPi-UEFI/blob/5bfd48d674e6c7efea6e31f9eb97b9da90c20263/Pi2BoardPkg/AcpiTables/Common/CSRT.aslc#L4
ms-iot/RPi-UEFI	5bfd48d674e6c7efea6e31f9eb97b9da90c20263	Pi2BoardPkg/AcpiTables/Common/DSDT.asl	401,402	Pi2	https://github.com/ms-iot/RPi-UEFI/blob/5bfd48d674e6c7efea6e31f9eb97b9da90c20263/Pi2BoardPkg/AcpiTables/Common/DSDT.asl#L401
ms-iot/RPi-UEFI	5bfd48d674e6c7efea6e31f9eb97b9da90c20263	Pi2BoardPkg/AcpiTables/Common/Madt.aslc	17,18	2836;BCM2836;Pi2	https://github.com/ms-iot/RPi-UEFI/blob/5bfd48d674e6c7efea6e31f9eb97b9da90c20263/Pi2BoardPkg/AcpiTables/Common/Madt.aslc#L17
ms-iot/RPi-UEFI	5bfd48d674e6c7efea6e31f9eb97b9da90c20263	Pi2BoardPkg/AcpiTables/Common/PEP.asl	15,17	Pi2;RPi2	https://github.com/ms-iot/RPi-UEFI/blob/5bfd48d674e6c7efea6e31f9eb97b9da90c20263/Pi2BoardPkg/AcpiTables/Common/PEP.asl#L15
ms-iot/RPi-UEFI	5bfd48d674e6c7efea6e31f9eb97b9da90c20263	Pi2BoardPkg/AcpiTables/Common/pep.h	2,5,6	Pi2;RPi2	https://github.com/ms-iot/RPi-UEFI/blob/5bfd48d674e6c7efea6e31f9eb97b9da90c20263/Pi2BoardPkg/AcpiTables/Common/pep.h#L2
ms-iot/RPi-UEFI	5bfd48d674e6c7efea6e31f9eb97b9da90c20263	Pi2BoardPkg/AcpiTables/Common/pepd.source.cxx	65,84,107	Pi2;RPi2	https://github.com/ms-iot/RPi-UEFI/blob/5bfd48d674e6c7efea6e31f9eb97b9da90c20263/Pi2BoardPkg/AcpiTables/Common/pepd.source.cxx#L65
ms-iot/RPi-UEFI	5bfd48d674e6c7efea6e31f9eb97b9da90c20263	Pi2BoardPkg/AcpiTables/Common/Platform.h	2,22,23	Pi2;RPi2	https://github.com/ms-iot/RPi-UEFI/blob/5bfd48d674e6c7efea6e31f9eb97b9da90c20263/Pi2BoardPkg/AcpiTables/Common/Platform.h#L2
ms-iot/RPi-UEFI	5bfd48d674e6c7efea6e31f9eb97b9da90c20263	Pi2BoardPkg/AcpiTables/Uart.asl	38,74,79	2836;BCM2836;Pi2	https://github.com/ms-iot/RPi-UEFI/blob/5bfd48d674e6c7efea6e31f9eb97b9da90c20263/Pi2BoardPkg/AcpiTables/Uart.asl#L38
ms-iot/RPi-UEFI	5bfd48d674e6c7efea6e31f9eb97b9da90c20263	Pi2BoardPkg/Drivers/ArasanMmcHostDxe/ArasanMmcHostDxe.h	36	2836;BCM2836	https://github.com/ms-iot/RPi-UEFI/blob/5bfd48d674e6c7efea6e31f9eb97b9da90c20263/Pi2BoardPkg/Drivers/ArasanMmcHostDxe/ArasanMmcHostDxe.h#L36
ms-iot/RPi-UEFI	5bfd48d674e6c7efea6e31f9eb97b9da90c20263	Pi2BoardPkg/Drivers/ArasanMmcHostDxe/ArasanMmcHostDxe.inf	28,47,48	Pi2	https://github.com/ms-iot/RPi-UEFI/blob/5bfd48d674e6c7efea6e31f9eb97b9da90c20263/Pi2BoardPkg/Drivers/ArasanMmcHostDxe/ArasanMmcHostDxe.inf#L28
ms-iot/RPi-UEFI	5bfd48d674e6c7efea6e31f9eb97b9da90c20263	Pi2BoardPkg/Drivers/DisplayDxe/DisplayDxe.c	61,62,64,65,275,276,279,280,287,292,293,294,297,298,299,306,311,312,313,316,317,318,326,327,330,331,334,335,336,419,439,447	Pi2	https://github.com/ms-iot/RPi-UEFI/blob/5bfd48d674e6c7efea6e31f9eb97b9da90c20263/Pi2BoardPkg/Drivers/DisplayDxe/DisplayDxe.c#L61
ms-iot/RPi-UEFI	5bfd48d674e6c7efea6e31f9eb97b9da90c20263	Pi2BoardPkg/Drivers/DisplayDxe/DisplayDxe.inf	40	Pi2	https://github.com/ms-iot/RPi-UEFI/blob/5bfd48d674e6c7efea6e31f9eb97b9da90c20263/Pi2BoardPkg/Drivers/DisplayDxe/DisplayDxe.inf#L40
ms-iot/RPi-UEFI	5bfd48d674e6c7efea6e31f9eb97b9da90c20263	Pi2BoardPkg/Drivers/InterruptDxe/InterruptDxe.c	3,31,168	2836;BCM2836;Pi2;RPi2	https://github.com/ms-iot/RPi-UEFI/blob/5bfd48d674e6c7efea6e31f9eb97b9da90c20263/Pi2BoardPkg/Drivers/InterruptDxe/InterruptDxe.c#L3
ms-iot/RPi-UEFI	5bfd48d674e6c7efea6e31f9eb97b9da90c20263	Pi2BoardPkg/Drivers/InterruptDxe/InterruptDxe.inf	19,34	2836;BCM2836;Pi2	https://github.com/ms-iot/RPi-UEFI/blob/5bfd48d674e6c7efea6e31f9eb97b9da90c20263/Pi2BoardPkg/Drivers/InterruptDxe/InterruptDxe.inf#L19
ms-iot/RPi-UEFI	5bfd48d674e6c7efea6e31f9eb97b9da90c20263	Pi2BoardPkg/Drivers/PlatformSmbiosDxe/PlatformSmbiosDxe.c	145,148,180,676,677	Pi2;RPi2;Raspberry Pi 2	https://github.com/ms-iot/RPi-UEFI/blob/5bfd48d674e6c7efea6e31f9eb97b9da90c20263/Pi2BoardPkg/Drivers/PlatformSmbiosDxe/PlatformSmbiosDxe.c#L145
ms-iot/RPi-UEFI	5bfd48d674e6c7efea6e31f9eb97b9da90c20263	Pi2BoardPkg/Drivers/PlatformSmbiosDxe/PlatformSmbiosDxe.inf	43	Pi2	https://github.com/ms-iot/RPi-UEFI/blob/5bfd48d674e6c7efea6e31f9eb97b9da90c20263/Pi2BoardPkg/Drivers/PlatformSmbiosDxe/PlatformSmbiosDxe.inf#L43
ms-iot/RPi-UEFI	5bfd48d674e6c7efea6e31f9eb97b9da90c20263	Pi2BoardPkg/Drivers/SdHostDxe/SdHostDxe.c	33,34	2836;BCM2836	https://github.com/ms-iot/RPi-UEFI/blob/5bfd48d674e6c7efea6e31f9eb97b9da90c20263/Pi2BoardPkg/Drivers/SdHostDxe/SdHostDxe.c#L33
ms-iot/RPi-UEFI	5bfd48d674e6c7efea6e31f9eb97b9da90c20263	Pi2BoardPkg/Drivers/SdHostDxe/SdHostDxe.inf	28	Pi2	https://github.com/ms-iot/RPi-UEFI/blob/5bfd48d674e6c7efea6e31f9eb97b9da90c20263/Pi2BoardPkg/Drivers/SdHostDxe/SdHostDxe.inf#L28
ms-iot/RPi-UEFI	5bfd48d674e6c7efea6e31f9eb97b9da90c20263	Pi2BoardPkg/Include/Bcm2836.h	15,16,21,22,23,24,25,26,27,29	2836;BCM2836	https://github.com/ms-iot/RPi-UEFI/blob/5bfd48d674e6c7efea6e31f9eb97b9da90c20263/Pi2BoardPkg/Include/Bcm2836.h#L15
ms-iot/RPi-UEFI	5bfd48d674e6c7efea6e31f9eb97b9da90c20263	Pi2BoardPkg/Include/Bcm2836Gpio.h	15,16,46	2836;BCM2836	https://github.com/ms-iot/RPi-UEFI/blob/5bfd48d674e6c7efea6e31f9eb97b9da90c20263/Pi2BoardPkg/Include/Bcm2836Gpio.h#L15
ms-iot/RPi-UEFI	5bfd48d674e6c7efea6e31f9eb97b9da90c20263	Pi2BoardPkg/Include/Bcm2836Interrupt.h	15,16,19,41	2836;BCM2836	https://github.com/ms-iot/RPi-UEFI/blob/5bfd48d674e6c7efea6e31f9eb97b9da90c20263/Pi2BoardPkg/Include/Bcm2836Interrupt.h#L15
ms-iot/RPi-UEFI	5bfd48d674e6c7efea6e31f9eb97b9da90c20263	Pi2BoardPkg/Include/Bcm2836Mailbox.h	15,16,167	2836;BCM2836	https://github.com/ms-iot/RPi-UEFI/blob/5bfd48d674e6c7efea6e31f9eb97b9da90c20263/Pi2BoardPkg/Include/Bcm2836Mailbox.h#L15
ms-iot/RPi-UEFI	5bfd48d674e6c7efea6e31f9eb97b9da90c20263	Pi2BoardPkg/Include/Bcm2836MMCHS.h	15,16,211	2836;BCM2836	https://github.com/ms-iot/RPi-UEFI/blob/5bfd48d674e6c7efea6e31f9eb97b9da90c20263/Pi2BoardPkg/Include/Bcm2836MMCHS.h#L15
ms-iot/RPi-UEFI	5bfd48d674e6c7efea6e31f9eb97b9da90c20263	Pi2BoardPkg/Include/Bcm2836Prcm.h	15,16,33	2836;BCM2836	https://github.com/ms-iot/RPi-UEFI/blob/5bfd48d674e6c7efea6e31f9eb97b9da90c20263/Pi2BoardPkg/Include/Bcm2836Prcm.h#L15
ms-iot/RPi-UEFI	5bfd48d674e6c7efea6e31f9eb97b9da90c20263	Pi2BoardPkg/Include/Bcm2836SdHost.h	15,16,88	2836;BCM2836	https://github.com/ms-iot/RPi-UEFI/blob/5bfd48d674e6c7efea6e31f9eb97b9da90c20263/Pi2BoardPkg/Include/Bcm2836SdHost.h#L15
ms-iot/RPi-UEFI	5bfd48d674e6c7efea6e31f9eb97b9da90c20263	Pi2BoardPkg/Include/Bcm2836Timer.h	15,16,20	2836;BCM2836	https://github.com/ms-iot/RPi-UEFI/blob/5bfd48d674e6c7efea6e31f9eb97b9da90c20263/Pi2BoardPkg/Include/Bcm2836Timer.h#L15
ms-iot/RPi-UEFI	5bfd48d674e6c7efea6e31f9eb97b9da90c20263	Pi2BoardPkg/Include/Bcm2836Uart.h	15,16,30,32	2836;BCM2836;Pi2	https://github.com/ms-iot/RPi-UEFI/blob/5bfd48d674e6c7efea6e31f9eb97b9da90c20263/Pi2BoardPkg/Include/Bcm2836Uart.h#L15
ms-iot/RPi-UEFI	5bfd48d674e6c7efea6e31f9eb97b9da90c20263	Pi2BoardPkg/Include/BcmMailbox.h	17	2836;BCM2836	https://github.com/ms-iot/RPi-UEFI/blob/5bfd48d674e6c7efea6e31f9eb97b9da90c20263/Pi2BoardPkg/Include/BcmMailbox.h#L17
ms-iot/RPi-UEFI	5bfd48d674e6c7efea6e31f9eb97b9da90c20263	Pi2BoardPkg/Include/Pi2Board.h	3,17,18,39,50,56	Pi2;RPi2	https://github.com/ms-iot/RPi-UEFI/blob/5bfd48d674e6c7efea6e31f9eb97b9da90c20263/Pi2BoardPkg/Include/Pi2Board.h#L3
ms-iot/RPi-UEFI	5bfd48d674e6c7efea6e31f9eb97b9da90c20263	Pi2BoardPkg/Library/BcmGicLib/BcmGic.c	95	Pi2	https://github.com/ms-iot/RPi-UEFI/blob/5bfd48d674e6c7efea6e31f9eb97b9da90c20263/Pi2BoardPkg/Library/BcmGicLib/BcmGic.c#L95
ms-iot/RPi-UEFI	5bfd48d674e6c7efea6e31f9eb97b9da90c20263	Pi2BoardPkg/Library/BcmLedLib/BcmLedLib.c	18	2836;BCM2836	https://github.com/ms-iot/RPi-UEFI/blob/5bfd48d674e6c7efea6e31f9eb97b9da90c20263/Pi2BoardPkg/Library/BcmLedLib/BcmLedLib.c#L18
ms-iot/RPi-UEFI	5bfd48d674e6c7efea6e31f9eb97b9da90c20263	Pi2BoardPkg/Library/BcmLedLib/BcmLedLib.inf	29	Pi2	https://github.com/ms-iot/RPi-UEFI/blob/5bfd48d674e6c7efea6e31f9eb97b9da90c20263/Pi2BoardPkg/Library/BcmLedLib/BcmLedLib.inf#L29
ms-iot/RPi-UEFI	5bfd48d674e6c7efea6e31f9eb97b9da90c20263	Pi2BoardPkg/Library/BcmMailboxLib/BcmMailbox.c	18,19	2836;BCM2836	https://github.com/ms-iot/RPi-UEFI/blob/5bfd48d674e6c7efea6e31f9eb97b9da90c20263/Pi2BoardPkg/Library/BcmMailboxLib/BcmMailbox.c#L18
ms-iot/RPi-UEFI	5bfd48d674e6c7efea6e31f9eb97b9da90c20263	Pi2BoardPkg/Library/BcmMailboxLib/BcmMailboxLib.inf	28	Pi2	https://github.com/ms-iot/RPi-UEFI/blob/5bfd48d674e6c7efea6e31f9eb97b9da90c20263/Pi2BoardPkg/Library/BcmMailboxLib/BcmMailboxLib.inf#L28
ms-iot/RPi-UEFI	5bfd48d674e6c7efea6e31f9eb97b9da90c20263	Pi2BoardPkg/Library/Pi2BoardLib/Arm/HypExceptionSupport.S	1,48	ARMv7	https://github.com/ms-iot/RPi-UEFI/blob/5bfd48d674e6c7efea6e31f9eb97b9da90c20263/Pi2BoardPkg/Library/Pi2BoardLib/Arm/HypExceptionSupport.S#L1
ms-iot/RPi-UEFI	5bfd48d674e6c7efea6e31f9eb97b9da90c20263	Pi2BoardPkg/Library/Pi2BoardLib/Arm/Pi2BoardHelper.S	93	Pi2	https://github.com/ms-iot/RPi-UEFI/blob/5bfd48d674e6c7efea6e31f9eb97b9da90c20263/Pi2BoardPkg/Library/Pi2BoardLib/Arm/Pi2BoardHelper.S#L93
ms-iot/RPi-UEFI	5bfd48d674e6c7efea6e31f9eb97b9da90c20263	Pi2BoardPkg/Library/Pi2BoardLib/Pi2Board.c	24,25,29,38,258,268,269	2836;BCM2836;Pi2	https://github.com/ms-iot/RPi-UEFI/blob/5bfd48d674e6c7efea6e31f9eb97b9da90c20263/Pi2BoardPkg/Library/Pi2BoardLib/Pi2Board.c#L24
ms-iot/RPi-UEFI	5bfd48d674e6c7efea6e31f9eb97b9da90c20263	Pi2BoardPkg/Library/Pi2BoardLib/Pi2BoardLib.inf	17,29,40,41,44,61,62,63,67	Pi2	https://github.com/ms-iot/RPi-UEFI/blob/5bfd48d674e6c7efea6e31f9eb97b9da90c20263/Pi2BoardPkg/Library/Pi2BoardLib/Pi2BoardLib.inf#L17
ms-iot/RPi-UEFI	5bfd48d674e6c7efea6e31f9eb97b9da90c20263	Pi2BoardPkg/Library/Pi2BoardLib/Pi2BoardMem.c	23	Pi2	https://github.com/ms-iot/RPi-UEFI/blob/5bfd48d674e6c7efea6e31f9eb97b9da90c20263/Pi2BoardPkg/Library/Pi2BoardLib/Pi2BoardMem.c#L23
ms-iot/RPi-UEFI	5bfd48d674e6c7efea6e31f9eb97b9da90c20263	Pi2BoardPkg/Library/Pi2PcdLib/Pi2PcdLib.c	21	Pi2	https://github.com/ms-iot/RPi-UEFI/blob/5bfd48d674e6c7efea6e31f9eb97b9da90c20263/Pi2BoardPkg/Library/Pi2PcdLib/Pi2PcdLib.c#L21
ms-iot/RPi-UEFI	5bfd48d674e6c7efea6e31f9eb97b9da90c20263	Pi2BoardPkg/Library/Pi2PcdLib/Pi2PcdLib.inf	14,21,28,36,43	Pi2;Raspberry Pi 2	https://github.com/ms-iot/RPi-UEFI/blob/5bfd48d674e6c7efea6e31f9eb97b9da90c20263/Pi2BoardPkg/Library/Pi2PcdLib/Pi2PcdLib.inf#L14
ms-iot/RPi-UEFI	5bfd48d674e6c7efea6e31f9eb97b9da90c20263	Pi2BoardPkg/Library/ResetSystemLib/ResetSystemLib.c	30	2836;BCM2836	https://github.com/ms-iot/RPi-UEFI/blob/5bfd48d674e6c7efea6e31f9eb97b9da90c20263/Pi2BoardPkg/Library/ResetSystemLib/ResetSystemLib.c#L30
ms-iot/RPi-UEFI	5bfd48d674e6c7efea6e31f9eb97b9da90c20263	Pi2BoardPkg/Library/ResetSystemLib/ResetSystemLib.inf	31	Pi2	https://github.com/ms-iot/RPi-UEFI/blob/5bfd48d674e6c7efea6e31f9eb97b9da90c20263/Pi2BoardPkg/Library/ResetSystemLib/ResetSystemLib.inf#L31
ms-iot/RPi-UEFI	5bfd48d674e6c7efea6e31f9eb97b9da90c20263	Pi2BoardPkg/Library/SecLib/Arm/ModuleEntryPoint.S	16,17,19	2836;ARMv7;BCM2836	https://github.com/ms-iot/RPi-UEFI/blob/5bfd48d674e6c7efea6e31f9eb97b9da90c20263/Pi2BoardPkg/Library/SecLib/Arm/ModuleEntryPoint.S#L16
ms-iot/RPi-UEFI	5bfd48d674e6c7efea6e31f9eb97b9da90c20263	Pi2BoardPkg/Library/SecLib/SecLib.c	27,28	2836;BCM2836;Pi2	https://github.com/ms-iot/RPi-UEFI/blob/5bfd48d674e6c7efea6e31f9eb97b9da90c20263/Pi2BoardPkg/Library/SecLib/SecLib.c#L27
ms-iot/RPi-UEFI	5bfd48d674e6c7efea6e31f9eb97b9da90c20263	Pi2BoardPkg/Library/SecLib/SecLib.inf	17,28,49,50,51,52	Pi2	https://github.com/ms-iot/RPi-UEFI/blob/5bfd48d674e6c7efea6e31f9eb97b9da90c20263/Pi2BoardPkg/Library/SecLib/SecLib.inf#L17
ms-iot/RPi-UEFI	5bfd48d674e6c7efea6e31f9eb97b9da90c20263	Pi2BoardPkg/Pi2BoardPkg.dec	2,18,40,43,44,56,57,58,60,61,62,64,67	Pi2	https://github.com/ms-iot/RPi-UEFI/blob/5bfd48d674e6c7efea6e31f9eb97b9da90c20263/Pi2BoardPkg/Pi2BoardPkg.dec#L2
ms-iot/RPi-UEFI	5bfd48d674e6c7efea6e31f9eb97b9da90c20263	Pi2BoardPkg/Pi2BoardPkg.dsc	2,22,26,30,36,37,44,66,114,122,123,137,138,155,214,216,262,269,272,352,369,370,417,440,443,446,461,504,521,528,530,532,534,539,544,571,575,590,592,596,606,647,648,653,659,666,675,677,680,686	2836;ARMv7;BCM2836;Pi2	https://github.com/ms-iot/RPi-UEFI/blob/5bfd48d674e6c7efea6e31f9eb97b9da90c20263/Pi2BoardPkg/Pi2BoardPkg.dsc#L2
ms-iot/RPi-UEFI	5bfd48d674e6c7efea6e31f9eb97b9da90c20263	Pi2BoardPkg/Pi2BoardPkg.fdf	1,29,147,148,157,159,162,168,174,181,199	2836;BCM2836;Pi2	https://github.com/ms-iot/RPi-UEFI/blob/5bfd48d674e6c7efea6e31f9eb97b9da90c20263/Pi2BoardPkg/Pi2BoardPkg.fdf#L1
ms-iot/RPi-UEFI	5bfd48d674e6c7efea6e31f9eb97b9da90c20263	Pi2BoardPkg/Scripts/Lauterbach/pi2.cmm	2,13,15,76	Pi2	https://github.com/ms-iot/RPi-UEFI/blob/5bfd48d674e6c7efea6e31f9eb97b9da90c20263/Pi2BoardPkg/Scripts/Lauterbach/pi2.cmm#L2
ms-iot/RPi-UEFI	5bfd48d674e6c7efea6e31f9eb97b9da90c20263	Pi3BoardPkg/AcpiTables/AcpiTables.inf	32,33,34,35,36,37	Pi2	https://github.com/ms-iot/RPi-UEFI/blob/5bfd48d674e6c7efea6e31f9eb97b9da90c20263/Pi3BoardPkg/AcpiTables/AcpiTables.inf#L32
ms-iot/RPi-UEFI	5bfd48d674e6c7efea6e31f9eb97b9da90c20263	Pi3BoardPkg/AcpiTables/AcpiTablesWithDTpm.inf	32,33,34,35,36,37,38,39	Pi2	https://github.com/ms-iot/RPi-UEFI/blob/5bfd48d674e6c7efea6e31f9eb97b9da90c20263/Pi3BoardPkg/AcpiTables/AcpiTablesWithDTpm.inf#L32
ms-iot/RPi-UEFI	5bfd48d674e6c7efea6e31f9eb97b9da90c20263	Pi3BoardPkg/AcpiTables/AcpiTablesWithSTpm.inf	32,33,34,35,36,37,38,39	Pi2	https://github.com/ms-iot/RPi-UEFI/blob/5bfd48d674e6c7efea6e31f9eb97b9da90c20263/Pi3BoardPkg/AcpiTables/AcpiTablesWithSTpm.inf#L32
ms-iot/RPi-UEFI	5bfd48d674e6c7efea6e31f9eb97b9da90c20263	Pi3BoardPkg/AcpiTables/Uart.asl	33	2836;BCM2836	https://github.com/ms-iot/RPi-UEFI/blob/5bfd48d674e6c7efea6e31f9eb97b9da90c20263/Pi3BoardPkg/AcpiTables/Uart.asl#L33
ms-iot/RPi-UEFI	5bfd48d674e6c7efea6e31f9eb97b9da90c20263	Pi3BoardPkg/Drivers/PlatformSmbiosDxe/PlatformSmbiosDxe.inf	43	Pi2	https://github.com/ms-iot/RPi-UEFI/blob/5bfd48d674e6c7efea6e31f9eb97b9da90c20263/Pi3BoardPkg/Drivers/PlatformSmbiosDxe/PlatformSmbiosDxe.inf#L43
ms-iot/RPi-UEFI	5bfd48d674e6c7efea6e31f9eb97b9da90c20263	Pi3BoardPkg/Drivers/SdHostDxe/SdHostDxe.c	33,34	2836;BCM2836	https://github.com/ms-iot/RPi-UEFI/blob/5bfd48d674e6c7efea6e31f9eb97b9da90c20263/Pi3BoardPkg/Drivers/SdHostDxe/SdHostDxe.c#L33
ms-iot/RPi-UEFI	5bfd48d674e6c7efea6e31f9eb97b9da90c20263	Pi3BoardPkg/Drivers/SdHostDxe/SdHostDxe.inf	28	Pi2	https://github.com/ms-iot/RPi-UEFI/blob/5bfd48d674e6c7efea6e31f9eb97b9da90c20263/Pi3BoardPkg/Drivers/SdHostDxe/SdHostDxe.inf#L28
ms-iot/RPi-UEFI	5bfd48d674e6c7efea6e31f9eb97b9da90c20263	Pi3BoardPkg/Library/BcmGpioVirtLedLib/BcmGpioVirtLedLib.inf	29	Pi2	https://github.com/ms-iot/RPi-UEFI/blob/5bfd48d674e6c7efea6e31f9eb97b9da90c20263/Pi3BoardPkg/Library/BcmGpioVirtLedLib/BcmGpioVirtLedLib.inf#L29
ms-iot/RPi-UEFI	5bfd48d674e6c7efea6e31f9eb97b9da90c20263	Pi3BoardPkg/Library/SecLib/Arm/ModuleEntryPoint.S	16,17,19	2836;ARMv7;BCM2836	https://github.com/ms-iot/RPi-UEFI/blob/5bfd48d674e6c7efea6e31f9eb97b9da90c20263/Pi3BoardPkg/Library/SecLib/Arm/ModuleEntryPoint.S#L16
ms-iot/RPi-UEFI	5bfd48d674e6c7efea6e31f9eb97b9da90c20263	Pi3BoardPkg/Library/SecLib/SecLib.c	27,28	2836;BCM2836;Pi2	https://github.com/ms-iot/RPi-UEFI/blob/5bfd48d674e6c7efea6e31f9eb97b9da90c20263/Pi3BoardPkg/Library/SecLib/SecLib.c#L27
ms-iot/RPi-UEFI	5bfd48d674e6c7efea6e31f9eb97b9da90c20263	Pi3BoardPkg/Library/SecLib/SecLib.inf	28,49,50,51,52	Pi2	https://github.com/ms-iot/RPi-UEFI/blob/5bfd48d674e6c7efea6e31f9eb97b9da90c20263/Pi3BoardPkg/Library/SecLib/SecLib.inf#L28
ms-iot/RPi-UEFI	5bfd48d674e6c7efea6e31f9eb97b9da90c20263	Pi3BoardPkg/Library/SerialPortLib/SerialPortLib.c	25	2836;BCM2836	https://github.com/ms-iot/RPi-UEFI/blob/5bfd48d674e6c7efea6e31f9eb97b9da90c20263/Pi3BoardPkg/Library/SerialPortLib/SerialPortLib.c#L25
ms-iot/RPi-UEFI	5bfd48d674e6c7efea6e31f9eb97b9da90c20263	Pi3BoardPkg/Library/SerialPortLib/SerialPortLib.inf	41	Pi2	https://github.com/ms-iot/RPi-UEFI/blob/5bfd48d674e6c7efea6e31f9eb97b9da90c20263/Pi3BoardPkg/Library/SerialPortLib/SerialPortLib.inf#L41
ms-iot/RPi-UEFI	5bfd48d674e6c7efea6e31f9eb97b9da90c20263	Pi3BoardPkg/Pi3BoardPkg.dec	37	Pi2	https://github.com/ms-iot/RPi-UEFI/blob/5bfd48d674e6c7efea6e31f9eb97b9da90c20263/Pi3BoardPkg/Pi3BoardPkg.dec#L37
ms-iot/RPi-UEFI	5bfd48d674e6c7efea6e31f9eb97b9da90c20263	Pi3BoardPkg/Pi3BoardPkg.dsc	36,37,45,67,114,124,138,156,215,217,367,368,415,444,459,502,519,526,528,530,532,537,542,569,573,591,593,597,607,654,660,667	2836;ARMv7;BCM2836;Pi2	https://github.com/ms-iot/RPi-UEFI/blob/5bfd48d674e6c7efea6e31f9eb97b9da90c20263/Pi3BoardPkg/Pi3BoardPkg.dsc#L36
ms-iot/RPi-UEFI	5bfd48d674e6c7efea6e31f9eb97b9da90c20263	Pi3BoardPkg/Pi3BoardPkg.fdf	168,174,181	2836;BCM2836;Pi2	https://github.com/ms-iot/RPi-UEFI/blob/5bfd48d674e6c7efea6e31f9eb97b9da90c20263/Pi3BoardPkg/Pi3BoardPkg.fdf#L168
ms-iot/RPi-UEFI	5bfd48d674e6c7efea6e31f9eb97b9da90c20263	Pi3BoardPkg/Scripts/BuildPiBoard.cmd	30,32,39,41,49,51,64,66,67,73,75,77,98	Pi2	https://github.com/ms-iot/RPi-UEFI/blob/5bfd48d674e6c7efea6e31f9eb97b9da90c20263/Pi3BoardPkg/Scripts/BuildPiBoard.cmd#L30
ms-iot/RPi-UEFI	5bfd48d674e6c7efea6e31f9eb97b9da90c20263	Pi3BoardPkg/Scripts/BuildPostProcess.cmd	22,24,34,56,58,59,71,74,112,114,115,137,144,169	Pi2	https://github.com/ms-iot/RPi-UEFI/blob/5bfd48d674e6c7efea6e31f9eb97b9da90c20263/Pi3BoardPkg/Scripts/BuildPostProcess.cmd#L22
ms-iot/RPi-UEFI	5bfd48d674e6c7efea6e31f9eb97b9da90c20263	Pi3BoardPkg/Scripts/DeployPiBootImage.bat	32,34,71	Pi2	https://github.com/ms-iot/RPi-UEFI/blob/5bfd48d674e6c7efea6e31f9eb97b9da90c20263/Pi3BoardPkg/Scripts/DeployPiBootImage.bat#L32
ms-iot/RPi-UEFI	5bfd48d674e6c7efea6e31f9eb97b9da90c20263	Pi3BoardPkg/Scripts/startup_build.cmd	51	ARMv7	https://github.com/ms-iot/RPi-UEFI/blob/5bfd48d674e6c7efea6e31f9eb97b9da90c20263/Pi3BoardPkg/Scripts/startup_build.cmd#L51
ms-iot/RPi-UEFI	5bfd48d674e6c7efea6e31f9eb97b9da90c20263	Pi3BoardPkg/Scripts/startup.S	12,13,21,32	Cortex-A7;Pi2	https://github.com/ms-iot/RPi-UEFI/blob/5bfd48d674e6c7efea6e31f9eb97b9da90c20263/Pi3BoardPkg/Scripts/startup.S#L12
ms-iot/RPi-UEFI	5bfd48d674e6c7efea6e31f9eb97b9da90c20263	README.md	1,15,17,18,20	Pi2	https://github.com/ms-iot/RPi-UEFI/blob/5bfd48d674e6c7efea6e31f9eb97b9da90c20263/README.md#L1
ms-iot/RPi-UEFI	5bfd48d674e6c7efea6e31f9eb97b9da90c20263	ShellPkg/Library/UefiShellCommandLib/ConsistMapping.c	350,357,358,362	Pi2	https://github.com/ms-iot/RPi-UEFI/blob/5bfd48d674e6c7efea6e31f9eb97b9da90c20263/ShellPkg/Library/UefiShellCommandLib/ConsistMapping.c#L350
ms-iot/RPi-UEFI	5bfd48d674e6c7efea6e31f9eb97b9da90c20263	ShellPkg/Library/UefiShellDebug1CommandsLib/Dmem.c	110,173,179,180,212	Pi2	https://github.com/ms-iot/RPi-UEFI/blob/5bfd48d674e6c7efea6e31f9eb97b9da90c20263/ShellPkg/Library/UefiShellDebug1CommandsLib/Dmem.c#L110
ms-iot/RPi-UEFI	5bfd48d674e6c7efea6e31f9eb97b9da90c20263	ShellPkg/Library/UefiShellDebug1CommandsLib/UefiShellDebug1CommandsLib.inf	135	Pi2	https://github.com/ms-iot/RPi-UEFI/blob/5bfd48d674e6c7efea6e31f9eb97b9da90c20263/ShellPkg/Library/UefiShellDebug1CommandsLib/UefiShellDebug1CommandsLib.inf#L135
ms-iot/RPi-UEFI	5bfd48d674e6c7efea6e31f9eb97b9da90c20263	StdLib/Include/Arm/machine/types.h	68	ARMv7	https://github.com/ms-iot/RPi-UEFI/blob/5bfd48d674e6c7efea6e31f9eb97b9da90c20263/StdLib/Include/Arm/machine/types.h#L68
ms-iot/RPi-UEFI	5bfd48d674e6c7efea6e31f9eb97b9da90c20263	StdLib/Include/Ipf/machine/efi.h	40	Pi2	https://github.com/ms-iot/RPi-UEFI/blob/5bfd48d674e6c7efea6e31f9eb97b9da90c20263/StdLib/Include/Ipf/machine/efi.h#L40
ms-iot/RPi-UEFI	5bfd48d674e6c7efea6e31f9eb97b9da90c20263	StdLib/LibC/StdLib/Rand.c	42,57	2836	https://github.com/ms-iot/RPi-UEFI/blob/5bfd48d674e6c7efea6e31f9eb97b9da90c20263/StdLib/LibC/StdLib/Rand.c#L42
ms-iot/RPi-UEFI	5bfd48d674e6c7efea6e31f9eb97b9da90c20263	TexasInstrumentsPkg/BeagleBoneBlackPkg/BeagleBoneBlackPkg.dsc	114,138,189,191	ARMv7	https://github.com/ms-iot/RPi-UEFI/blob/5bfd48d674e6c7efea6e31f9eb97b9da90c20263/TexasInstrumentsPkg/BeagleBoneBlackPkg/BeagleBoneBlackPkg.dsc#L114
raspberrypi/windows-drivers	88ee238c9debecce810d208cac1e5f36add3d2a1	.github/workflows/build.yml	14	2836;BCM2836	https://github.com/raspberrypi/windows-drivers/blob/88ee238c9debecce810d208cac1e5f36add3d2a1/.github/workflows/build.yml#L14
raspberrypi/windows-drivers	88ee238c9debecce810d208cac1e5f36add3d2a1	bspfiles/OEMInputSamples/RetailOEMInput.xml	53	Pi2;RPi2	https://github.com/raspberrypi/windows-drivers/blob/88ee238c9debecce810d208cac1e5f36add3d2a1/bspfiles/OEMInputSamples/RetailOEMInput.xml#L53
raspberrypi/windows-drivers	88ee238c9debecce810d208cac1e5f36add3d2a1	bspfiles/OEMInputSamples/TestOEMInput.xml	77	Pi2;RPi2	https://github.com/raspberrypi/windows-drivers/blob/88ee238c9debecce810d208cac1e5f36add3d2a1/bspfiles/OEMInputSamples/TestOEMInput.xml#L77
raspberrypi/windows-drivers	88ee238c9debecce810d208cac1e5f36add3d2a1	bspfiles/Packages/RPi.Drivers/bcm2836pwm.wm.xml	3,6,13	2836;BCM2836	https://github.com/raspberrypi/windows-drivers/blob/88ee238c9debecce810d208cac1e5f36add3d2a1/bspfiles/Packages/RPi.Drivers/bcm2836pwm.wm.xml#L3
raspberrypi/windows-drivers	88ee238c9debecce810d208cac1e5f36add3d2a1	bspfiles/Packages/RPi.Drivers/bcm2836sdhc.wm.xml	3,6,13	2836;BCM2836	https://github.com/raspberrypi/windows-drivers/blob/88ee238c9debecce810d208cac1e5f36add3d2a1/bspfiles/Packages/RPi.Drivers/bcm2836sdhc.wm.xml#L3
raspberrypi/windows-drivers	88ee238c9debecce810d208cac1e5f36add3d2a1	bspfiles/Packages/RPi.Drivers/SV.PlatExtensions.wm.xml	13	2836;BCM2836	https://github.com/raspberrypi/windows-drivers/blob/88ee238c9debecce810d208cac1e5f36add3d2a1/bspfiles/Packages/RPi.Drivers/SV.PlatExtensions.wm.xml#L13
raspberrypi/windows-drivers	88ee238c9debecce810d208cac1e5f36add3d2a1	bspfiles/Packages/RPiFM.xml	10,17,19,43,45,50,55,60,61,66,71,76,79,81,84,86	2836;BCM2836;Pi2;RPi2	https://github.com/raspberrypi/windows-drivers/blob/88ee238c9debecce810d208cac1e5f36add3d2a1/bspfiles/Packages/RPiFM.xml#L10
raspberrypi/windows-drivers	88ee238c9debecce810d208cac1e5f36add3d2a1	build/bcm2836/buildbcm2836.sln	6,8,10,12,14,16,18,23,27,29,31,35	2836;BCM2836	https://github.com/raspberrypi/windows-drivers/blob/88ee238c9debecce810d208cac1e5f36add3d2a1/build/bcm2836/buildbcm2836.sln#L6
raspberrypi/windows-drivers	88ee238c9debecce810d208cac1e5f36add3d2a1	drivers/audio/bcm2836/EndpointsCommon/EndpointsCommon.vcxproj	77	2836;BCM2836	https://github.com/raspberrypi/windows-drivers/blob/88ee238c9debecce810d208cac1e5f36add3d2a1/drivers/audio/bcm2836/EndpointsCommon/EndpointsCommon.vcxproj#L77
raspberrypi/windows-drivers	88ee238c9debecce810d208cac1e5f36add3d2a1	drivers/audio/bcm2836/EndpointsCommon/sources.props	7	Pi2;RPi2	https://github.com/raspberrypi/windows-drivers/blob/88ee238c9debecce810d208cac1e5f36add3d2a1/drivers/audio/bcm2836/EndpointsCommon/sources.props#L7
raspberrypi/windows-drivers	88ee238c9debecce810d208cac1e5f36add3d2a1	drivers/audio/bcm2836/License.txt	2	2836;BCM2836;Raspberry Pi 2	https://github.com/raspberrypi/windows-drivers/blob/88ee238c9debecce810d208cac1e5f36add3d2a1/drivers/audio/bcm2836/License.txt#L2
raspberrypi/windows-drivers	88ee238c9debecce810d208cac1e5f36add3d2a1	drivers/audio/bcm2836/README.md	1,6	2836;BCM2836;Raspberry Pi 2	https://github.com/raspberrypi/windows-drivers/blob/88ee238c9debecce810d208cac1e5f36add3d2a1/drivers/audio/bcm2836/README.md#L1
raspberrypi/windows-drivers	88ee238c9debecce810d208cac1e5f36add3d2a1	drivers/audio/bcm2836/rpiwav.h	23	2836;BCM2836	https://github.com/raspberrypi/windows-drivers/blob/88ee238c9debecce810d208cac1e5f36add3d2a1/drivers/audio/bcm2836/rpiwav.h#L23
raspberrypi/windows-drivers	88ee238c9debecce810d208cac1e5f36add3d2a1	drivers/audio/bcm2836/rpiwav.rc	12	Pi2;RPi2	https://github.com/raspberrypi/windows-drivers/blob/88ee238c9debecce810d208cac1e5f36add3d2a1/drivers/audio/bcm2836/rpiwav.rc#L12
raspberrypi/windows-drivers	88ee238c9debecce810d208cac1e5f36add3d2a1	drivers/audio/bcm2836/rpiwav/rpiwav.vcxproj	79,88,97,106	2836;BCM2836	https://github.com/raspberrypi/windows-drivers/blob/88ee238c9debecce810d208cac1e5f36add3d2a1/drivers/audio/bcm2836/rpiwav/rpiwav.vcxproj#L79
raspberrypi/windows-drivers	88ee238c9debecce810d208cac1e5f36add3d2a1	drivers/audio/bcm2836/rpiwav/sources.props	17	Pi2;RPi2	https://github.com/raspberrypi/windows-drivers/blob/88ee238c9debecce810d208cac1e5f36add3d2a1/drivers/audio/bcm2836/rpiwav/sources.props#L17
raspberrypi/windows-drivers	88ee238c9debecce810d208cac1e5f36add3d2a1	drivers/gpio/bcm2836/BcmGpio.cpp	11	2836	https://github.com/raspberrypi/windows-drivers/blob/88ee238c9debecce810d208cac1e5f36add3d2a1/drivers/gpio/bcm2836/BcmGpio.cpp#L11
raspberrypi/windows-drivers	88ee238c9debecce810d208cac1e5f36add3d2a1	drivers/gpio/bcm2836/BcmGpio.hpp	13	2836;BCM2836	https://github.com/raspberrypi/windows-drivers/blob/88ee238c9debecce810d208cac1e5f36add3d2a1/drivers/gpio/bcm2836/BcmGpio.hpp#L13
raspberrypi/windows-drivers	88ee238c9debecce810d208cac1e5f36add3d2a1	drivers/gpio/bcm2836/bcmgpio.inf	10,69,70	2836;BCM2836;Pi2;RPi2	https://github.com/raspberrypi/windows-drivers/blob/88ee238c9debecce810d208cac1e5f36add3d2a1/drivers/gpio/bcm2836/bcmgpio.inf#L10
raspberrypi/windows-drivers	88ee238c9debecce810d208cac1e5f36add3d2a1	drivers/gpio/bcm2836/bcmgpio.rc	11	2836;BCM2836	https://github.com/raspberrypi/windows-drivers/blob/88ee238c9debecce810d208cac1e5f36add3d2a1/drivers/gpio/bcm2836/bcmgpio.rc#L11
raspberrypi/windows-drivers	88ee238c9debecce810d208cac1e5f36add3d2a1	drivers/gpio/bcm2836/License.txt	2	2836;BCM2836;Raspberry Pi 2	https://github.com/raspberrypi/windows-drivers/blob/88ee238c9debecce810d208cac1e5f36add3d2a1/drivers/gpio/bcm2836/License.txt#L2
raspberrypi/windows-drivers	88ee238c9debecce810d208cac1e5f36add3d2a1	drivers/gpio/bcm2836/README.md	1	2836;BCM2836;Raspberry Pi 2	https://github.com/raspberrypi/windows-drivers/blob/88ee238c9debecce810d208cac1e5f36add3d2a1/drivers/gpio/bcm2836/README.md#L1
raspberrypi/windows-drivers	88ee238c9debecce810d208cac1e5f36add3d2a1	drivers/i2c/bcm2836/License.txt	2	2836;BCM2836;Raspberry Pi 2	https://github.com/raspberrypi/windows-drivers/blob/88ee238c9debecce810d208cac1e5f36add3d2a1/drivers/i2c/bcm2836/License.txt#L2
raspberrypi/windows-drivers	88ee238c9debecce810d208cac1e5f36add3d2a1	drivers/i2c/bcm2836/README.md	1	2836;BCM2836;Raspberry Pi 2	https://github.com/raspberrypi/windows-drivers/blob/88ee238c9debecce810d208cac1e5f36add3d2a1/drivers/i2c/bcm2836/README.md#L1
raspberrypi/windows-drivers	88ee238c9debecce810d208cac1e5f36add3d2a1	drivers/mailbox/bcm2836/License.txt	2	2836;BCM2836;Raspberry Pi 2	https://github.com/raspberrypi/windows-drivers/blob/88ee238c9debecce810d208cac1e5f36add3d2a1/drivers/mailbox/bcm2836/License.txt#L2
raspberrypi/windows-drivers	88ee238c9debecce810d208cac1e5f36add3d2a1	drivers/mailbox/bcm2836/README.md	1	2836;BCM2836;Raspberry Pi 2	https://github.com/raspberrypi/windows-drivers/blob/88ee238c9debecce810d208cac1e5f36add3d2a1/drivers/mailbox/bcm2836/README.md#L1
raspberrypi/windows-drivers	88ee238c9debecce810d208cac1e5f36add3d2a1	drivers/mailbox/bcm2836/rpiq.h	26	2836	https://github.com/raspberrypi/windows-drivers/blob/88ee238c9debecce810d208cac1e5f36add3d2a1/drivers/mailbox/bcm2836/rpiq.h#L26
raspberrypi/windows-drivers	88ee238c9debecce810d208cac1e5f36add3d2a1	drivers/mailbox/bcm2836/rpiq.rc	9	2836;BCM2836	https://github.com/raspberrypi/windows-drivers/blob/88ee238c9debecce810d208cac1e5f36add3d2a1/drivers/mailbox/bcm2836/rpiq.rc#L9
raspberrypi/windows-drivers	88ee238c9debecce810d208cac1e5f36add3d2a1	drivers/misc/vchiq/sources.props	11	2836;BCM2836	https://github.com/raspberrypi/windows-drivers/blob/88ee238c9debecce810d208cac1e5f36add3d2a1/drivers/misc/vchiq/sources.props#L11
raspberrypi/windows-drivers	88ee238c9debecce810d208cac1e5f36add3d2a1	drivers/pwm/bcm2836/bcm2836pwm.h	8,12,13,25	2836;BCM2836	https://github.com/raspberrypi/windows-drivers/blob/88ee238c9debecce810d208cac1e5f36add3d2a1/drivers/pwm/bcm2836/bcm2836pwm.h#L8
raspberrypi/windows-drivers	88ee238c9debecce810d208cac1e5f36add3d2a1	drivers/pwm/bcm2836/bcm2836pwm.inf	4,12,19,20,23,26,32,33,35,36,37,39,40,42,43,45,46,48,49,53,58,59,61	2836;BCM2836	https://github.com/raspberrypi/windows-drivers/blob/88ee238c9debecce810d208cac1e5f36add3d2a1/drivers/pwm/bcm2836/bcm2836pwm.inf#L4
raspberrypi/windows-drivers	88ee238c9debecce810d208cac1e5f36add3d2a1	drivers/pwm/bcm2836/bcm2836pwm.pkg.xml	8,12,13,17	2836;BCM2836	https://github.com/raspberrypi/windows-drivers/blob/88ee238c9debecce810d208cac1e5f36add3d2a1/drivers/pwm/bcm2836/bcm2836pwm.pkg.xml#L8
raspberrypi/windows-drivers	88ee238c9debecce810d208cac1e5f36add3d2a1	drivers/pwm/bcm2836/bcm2836pwm.vcxproj	25,111,114,124,127	2836;BCM2836	https://github.com/raspberrypi/windows-drivers/blob/88ee238c9debecce810d208cac1e5f36add3d2a1/drivers/pwm/bcm2836/bcm2836pwm.vcxproj#L25
raspberrypi/windows-drivers	88ee238c9debecce810d208cac1e5f36add3d2a1	drivers/pwm/bcm2836/clockmgr.h	7	2836;BCM2836	https://github.com/raspberrypi/windows-drivers/blob/88ee238c9debecce810d208cac1e5f36add3d2a1/drivers/pwm/bcm2836/clockmgr.h#L7
raspberrypi/windows-drivers	88ee238c9debecce810d208cac1e5f36add3d2a1	drivers/pwm/bcm2836/dma.h	7	2836;BCM2836	https://github.com/raspberrypi/windows-drivers/blob/88ee238c9debecce810d208cac1e5f36add3d2a1/drivers/pwm/bcm2836/dma.h#L7
raspberrypi/windows-drivers	88ee238c9debecce810d208cac1e5f36add3d2a1	drivers/pwm/bcm2836/driver.cpp	67	2836;BCM2836	https://github.com/raspberrypi/windows-drivers/blob/88ee238c9debecce810d208cac1e5f36add3d2a1/drivers/pwm/bcm2836/driver.cpp#L67
raspberrypi/windows-drivers	88ee238c9debecce810d208cac1e5f36add3d2a1	drivers/pwm/bcm2836/driver.h	20	2836;BCM2836	https://github.com/raspberrypi/windows-drivers/blob/88ee238c9debecce810d208cac1e5f36add3d2a1/drivers/pwm/bcm2836/driver.h#L20
raspberrypi/windows-drivers	88ee238c9debecce810d208cac1e5f36add3d2a1	drivers/pwm/bcm2836/License.txt	2	2836;BCM2836;Raspberry Pi 2	https://github.com/raspberrypi/windows-drivers/blob/88ee238c9debecce810d208cac1e5f36add3d2a1/drivers/pwm/bcm2836/License.txt#L2
raspberrypi/windows-drivers	88ee238c9debecce810d208cac1e5f36add3d2a1	drivers/pwm/bcm2836/pwm.h	7	2836;BCM2836	https://github.com/raspberrypi/windows-drivers/blob/88ee238c9debecce810d208cac1e5f36add3d2a1/drivers/pwm/bcm2836/pwm.h#L7
raspberrypi/windows-drivers	88ee238c9debecce810d208cac1e5f36add3d2a1	drivers/pwm/bcm2836/README.md	1,5,10	2836;BCM2836;Raspberry Pi 2	https://github.com/raspberrypi/windows-drivers/blob/88ee238c9debecce810d208cac1e5f36add3d2a1/drivers/pwm/bcm2836/README.md#L1
raspberrypi/windows-drivers	88ee238c9debecce810d208cac1e5f36add3d2a1	drivers/pwm/bcm2836/resource.rc	4,5	2836;BCM2836	https://github.com/raspberrypi/windows-drivers/blob/88ee238c9debecce810d208cac1e5f36add3d2a1/drivers/pwm/bcm2836/resource.rc#L4
raspberrypi/windows-drivers	88ee238c9debecce810d208cac1e5f36add3d2a1	drivers/pwm/bcm2836/sources.props	4	2836;BCM2836	https://github.com/raspberrypi/windows-drivers/blob/88ee238c9debecce810d208cac1e5f36add3d2a1/drivers/pwm/bcm2836/sources.props#L4
raspberrypi/windows-drivers	88ee238c9debecce810d208cac1e5f36add3d2a1	drivers/sd/bcm2711/brcme88c/README.md	14,17	2836;BCM2836	https://github.com/raspberrypi/windows-drivers/blob/88ee238c9debecce810d208cac1e5f36add3d2a1/drivers/sd/bcm2711/brcme88c/README.md#L14
raspberrypi/windows-drivers	88ee238c9debecce810d208cac1e5f36add3d2a1	drivers/sd/bcm2711/brcme88c/SDHostBRCME88C.vcxproj	85,98,111,124	2836;BCM2836	https://github.com/raspberrypi/windows-drivers/blob/88ee238c9debecce810d208cac1e5f36add3d2a1/drivers/sd/bcm2711/brcme88c/SDHostBRCME88C.vcxproj#L85
raspberrypi/windows-drivers	88ee238c9debecce810d208cac1e5f36add3d2a1	drivers/sd/bcm2711/README.md	6,11	2836;BCM2836	https://github.com/raspberrypi/windows-drivers/blob/88ee238c9debecce810d208cac1e5f36add3d2a1/drivers/sd/bcm2711/README.md#L6
raspberrypi/windows-drivers	88ee238c9debecce810d208cac1e5f36add3d2a1	drivers/sd/bcm2836/bcm2836sdhc/bcm2836sdhc.c	12,26,30,48,62,155,343	2836;BCM2836;Pi2;RPi2	https://github.com/raspberrypi/windows-drivers/blob/88ee238c9debecce810d208cac1e5f36add3d2a1/drivers/sd/bcm2836/bcm2836sdhc/bcm2836sdhc.c#L12
raspberrypi/windows-drivers	88ee238c9debecce810d208cac1e5f36add3d2a1	drivers/sd/bcm2836/bcm2836sdhc/bcm2836sdhc.inf	8,16,57,70,93,112,136	2836;BCM2836	https://github.com/raspberrypi/windows-drivers/blob/88ee238c9debecce810d208cac1e5f36add3d2a1/drivers/sd/bcm2836/bcm2836sdhc/bcm2836sdhc.inf#L8
raspberrypi/windows-drivers	88ee238c9debecce810d208cac1e5f36add3d2a1	drivers/sd/bcm2836/bcm2836sdhc/bcm2836sdhc.pkg.xml	8,12,13,17	2836;BCM2836	https://github.com/raspberrypi/windows-drivers/blob/88ee238c9debecce810d208cac1e5f36add3d2a1/drivers/sd/bcm2836/bcm2836sdhc/bcm2836sdhc.pkg.xml#L8
raspberrypi/windows-drivers	88ee238c9debecce810d208cac1e5f36add3d2a1	drivers/sd/bcm2836/bcm2836sdhc/bcm2836sdhc.rc	10,11,12	2836;BCM2836	https://github.com/raspberrypi/windows-drivers/blob/88ee238c9debecce810d208cac1e5f36add3d2a1/drivers/sd/bcm2836/bcm2836sdhc/bcm2836sdhc.rc#L10
raspberrypi/windows-drivers	88ee238c9debecce810d208cac1e5f36add3d2a1	drivers/sd/bcm2836/bcm2836sdhc/bcm2836sdhc.vcxproj	25,135,138,142,145,151,154	2836;BCM2836	https://github.com/raspberrypi/windows-drivers/blob/88ee238c9debecce810d208cac1e5f36add3d2a1/drivers/sd/bcm2836/bcm2836sdhc/bcm2836sdhc.vcxproj#L25
raspberrypi/windows-drivers	88ee238c9debecce810d208cac1e5f36add3d2a1	drivers/sd/bcm2836/bcm2836sdhc/README.md	2,4	Pi2	https://github.com/raspberrypi/windows-drivers/blob/88ee238c9debecce810d208cac1e5f36add3d2a1/drivers/sd/bcm2836/bcm2836sdhc/README.md#L2
raspberrypi/windows-drivers	88ee238c9debecce810d208cac1e5f36add3d2a1	drivers/sd/bcm2836/bcm2836sdhc/sources.props	4,10,11	2836;BCM2836	https://github.com/raspberrypi/windows-drivers/blob/88ee238c9debecce810d208cac1e5f36add3d2a1/drivers/sd/bcm2836/bcm2836sdhc/sources.props#L4
raspberrypi/windows-drivers	88ee238c9debecce810d208cac1e5f36add3d2a1	drivers/sd/bcm2836/bcm2836sdhc/trace.h	54,89,103	2836;BCM2836	https://github.com/raspberrypi/windows-drivers/blob/88ee238c9debecce810d208cac1e5f36add3d2a1/drivers/sd/bcm2836/bcm2836sdhc/trace.h#L54
raspberrypi/windows-drivers	88ee238c9debecce810d208cac1e5f36add3d2a1	drivers/sd/bcm2836/rpisdhc/README.md	5	Pi2;RPi2	https://github.com/raspberrypi/windows-drivers/blob/88ee238c9debecce810d208cac1e5f36add3d2a1/drivers/sd/bcm2836/rpisdhc/README.md#L5
raspberrypi/windows-drivers	88ee238c9debecce810d208cac1e5f36add3d2a1	drivers/spi/bcm2836/bcmspi.h	33	2836;BCM2836	https://github.com/raspberrypi/windows-drivers/blob/88ee238c9debecce810d208cac1e5f36add3d2a1/drivers/spi/bcm2836/bcmspi.h#L33
raspberrypi/windows-drivers	88ee238c9debecce810d208cac1e5f36add3d2a1	drivers/spi/bcm2836/License.txt	2	2836;BCM2836;Raspberry Pi 2	https://github.com/raspberrypi/windows-drivers/blob/88ee238c9debecce810d208cac1e5f36add3d2a1/drivers/spi/bcm2836/License.txt#L2
raspberrypi/windows-drivers	88ee238c9debecce810d208cac1e5f36add3d2a1	drivers/spi/bcm2836/README.md	1	2836;BCM2836;Raspberry Pi 2	https://github.com/raspberrypi/windows-drivers/blob/88ee238c9debecce810d208cac1e5f36add3d2a1/drivers/spi/bcm2836/README.md#L1
raspberrypi/windows-drivers	88ee238c9debecce810d208cac1e5f36add3d2a1	drivers/spi/bcm2836/spitrace.h	12	2836;BCM2836	https://github.com/raspberrypi/windows-drivers/blob/88ee238c9debecce810d208cac1e5f36add3d2a1/drivers/spi/bcm2836/spitrace.h#L12
raspberrypi/windows-drivers	88ee238c9debecce810d208cac1e5f36add3d2a1	drivers/spi/bcmauxspi/bcmauxspi-hw.h	29,41,141,153	Pi2	https://github.com/raspberrypi/windows-drivers/blob/88ee238c9debecce810d208cac1e5f36add3d2a1/drivers/spi/bcmauxspi/bcmauxspi-hw.h#L29
raspberrypi/windows-drivers	88ee238c9debecce810d208cac1e5f36add3d2a1	drivers/spi/bcmauxspi/bcmauxspi.cpp	63,64,2080,2084,2088,2091,2123,2124,2125	Pi2	https://github.com/raspberrypi/windows-drivers/blob/88ee238c9debecce810d208cac1e5f36add3d2a1/drivers/spi/bcmauxspi/bcmauxspi.cpp#L63
raspberrypi/windows-drivers	88ee238c9debecce810d208cac1e5f36add3d2a1	drivers/spi/bcmauxspi/License.txt	2	2836;BCM2836	https://github.com/raspberrypi/windows-drivers/blob/88ee238c9debecce810d208cac1e5f36add3d2a1/drivers/spi/bcmauxspi/License.txt#L2
raspberrypi/windows-drivers	88ee238c9debecce810d208cac1e5f36add3d2a1	drivers/spi/bcmauxspi/README.md	1	2836;BCM2836;Raspberry Pi 2	https://github.com/raspberrypi/windows-drivers/blob/88ee238c9debecce810d208cac1e5f36add3d2a1/drivers/spi/bcmauxspi/README.md#L1
raspberrypi/windows-drivers	88ee238c9debecce810d208cac1e5f36add3d2a1	drivers/spi/bcmauxspi/sources.props	9	2836;BCM2836	https://github.com/raspberrypi/windows-drivers/blob/88ee238c9debecce810d208cac1e5f36add3d2a1/drivers/spi/bcmauxspi/sources.props#L9
raspberrypi/windows-drivers	88ee238c9debecce810d208cac1e5f36add3d2a1	drivers/uart/bcm2836/miniUart/License.txt	2	2836;BCM2836;Raspberry Pi 2	https://github.com/raspberrypi/windows-drivers/blob/88ee238c9debecce810d208cac1e5f36add3d2a1/drivers/uart/bcm2836/miniUart/License.txt#L2
raspberrypi/windows-drivers	88ee238c9debecce810d208cac1e5f36add3d2a1	drivers/uart/bcm2836/miniUart/pi_miniuart.inf	48	2836;BCM2836	https://github.com/raspberrypi/windows-drivers/blob/88ee238c9debecce810d208cac1e5f36add3d2a1/drivers/uart/bcm2836/miniUart/pi_miniuart.inf#L48
raspberrypi/windows-drivers	88ee238c9debecce810d208cac1e5f36add3d2a1	drivers/uart/bcm2836/miniUart/pi_miniuart.vcxproj	102,112,122,132	2836;BCM2836	https://github.com/raspberrypi/windows-drivers/blob/88ee238c9debecce810d208cac1e5f36add3d2a1/drivers/uart/bcm2836/miniUart/pi_miniuart.vcxproj#L102
raspberrypi/windows-drivers	88ee238c9debecce810d208cac1e5f36add3d2a1	drivers/uart/bcm2836/miniUart/README.md	1	2836;BCM2836;Raspberry Pi 2	https://github.com/raspberrypi/windows-drivers/blob/88ee238c9debecce810d208cac1e5f36add3d2a1/drivers/uart/bcm2836/miniUart/README.md#L1
raspberrypi/windows-drivers	88ee238c9debecce810d208cac1e5f36add3d2a1	drivers/uart/bcm2836/serPL011/License.txt	2	2836;BCM2836;Raspberry Pi 2	https://github.com/raspberrypi/windows-drivers/blob/88ee238c9debecce810d208cac1e5f36add3d2a1/drivers/uart/bcm2836/serPL011/License.txt#L2
raspberrypi/windows-drivers	88ee238c9debecce810d208cac1e5f36add3d2a1	drivers/uart/bcm2836/serPL011/PL011device.cpp	1477	Pi2;RPi2	https://github.com/raspberrypi/windows-drivers/blob/88ee238c9debecce810d208cac1e5f36add3d2a1/drivers/uart/bcm2836/serPL011/PL011device.cpp#L1477
raspberrypi/windows-drivers	88ee238c9debecce810d208cac1e5f36add3d2a1	drivers/uart/bcm2836/serPL011/PL011hw.h	72,274,275	Pi2	https://github.com/raspberrypi/windows-drivers/blob/88ee238c9debecce810d208cac1e5f36add3d2a1/drivers/uart/bcm2836/serPL011/PL011hw.h#L72
raspberrypi/windows-drivers	88ee238c9debecce810d208cac1e5f36add3d2a1	drivers/uart/bcm2836/serPL011/PL011ioctl.cpp	948	Pi2	https://github.com/raspberrypi/windows-drivers/blob/88ee238c9debecce810d208cac1e5f36add3d2a1/drivers/uart/bcm2836/serPL011/PL011ioctl.cpp#L948
raspberrypi/windows-drivers	88ee238c9debecce810d208cac1e5f36add3d2a1	drivers/uart/bcm2836/serPL011/PL011uart.cpp	341	Pi2	https://github.com/raspberrypi/windows-drivers/blob/88ee238c9debecce810d208cac1e5f36add3d2a1/drivers/uart/bcm2836/serPL011/PL011uart.cpp#L341
raspberrypi/windows-drivers	88ee238c9debecce810d208cac1e5f36add3d2a1	drivers/uart/bcm2836/serPL011/README.md	1,2,6	2836;BCM2836;Pi2;Raspberry Pi 2	https://github.com/raspberrypi/windows-drivers/blob/88ee238c9debecce810d208cac1e5f36add3d2a1/drivers/uart/bcm2836/serPL011/README.md#L1
raspberrypi/windows-drivers	88ee238c9debecce810d208cac1e5f36add3d2a1	README.md	6,7,16,37,41	2836;BCM2836;Raspberry Pi 2	https://github.com/raspberrypi/windows-drivers/blob/88ee238c9debecce810d208cac1e5f36add3d2a1/README.md#L6
raspberrypi/windows-drivers	88ee238c9debecce810d208cac1e5f36add3d2a1	tools/binexport.cmd	41	2836;BCM2836	https://github.com/raspberrypi/windows-drivers/blob/88ee238c9debecce810d208cac1e5f36add3d2a1/tools/binexport.cmd#L41
raspberrypi/windows-drivers	88ee238c9debecce810d208cac1e5f36add3d2a1	tools/binexport.ps1	30	2836;BCM2836	https://github.com/raspberrypi/windows-drivers/blob/88ee238c9debecce810d208cac1e5f36add3d2a1/tools/binexport.ps1#L30
worproject/arm-trusted-firmware	01610b0d32d746104dd4dacf179c65d69adaaf0a	bl32/sp_min/aarch32/entrypoint.S	43	ARMv7	https://github.com/worproject/arm-trusted-firmware/blob/01610b0d32d746104dd4dacf179c65d69adaaf0a/bl32/sp_min/aarch32/entrypoint.S#L43
worproject/arm-trusted-firmware	01610b0d32d746104dd4dacf179c65d69adaaf0a	common/aarch32/debug.S	30,100,217,232	ARMV7	https://github.com/worproject/arm-trusted-firmware/blob/01610b0d32d746104dd4dacf179c65d69adaaf0a/common/aarch32/debug.S#L30
worproject/arm-trusted-firmware	01610b0d32d746104dd4dacf179c65d69adaaf0a	docs/about/maintainers.rst	81	Armv7	https://github.com/worproject/arm-trusted-firmware/blob/01610b0d32d746104dd4dacf179c65d69adaaf0a/docs/about/maintainers.rst#L81
worproject/arm-trusted-firmware	01610b0d32d746104dd4dacf179c65d69adaaf0a	docs/change-log.md	29,208,499,792,793,794,805,808,811,812,813,815,1351,1352,1353,1354,1355,1356,1357,1358,1359,2732,2733,2734,2735,2736,2744,2745,2746,2747,2748,3849,3850,3863,3864,3865,3866,4071,4077,4658,4825,5184,5185,5186,5244,5261,5360,5490,5704,5708,5710,5847,5848,6196,6495,6496,6803,6804,6805,6806,6807,6808,6809,7203,7272,7276,7491,7538,7545,7546,7547,7548,7549,7550,7617,7621,7672,7674,8078,8080,8226	2836;ARMV7;Armv7;Cortex-A7;cortex-a7	https://github.com/worproject/arm-trusted-firmware/blob/01610b0d32d746104dd4dacf179c65d69adaaf0a/docs/change-log.md#L29
worproject/arm-trusted-firmware	01610b0d32d746104dd4dacf179c65d69adaaf0a	docs/components/mpmm.rst	5	Cortex-A7	https://github.com/worproject/arm-trusted-firmware/blob/01610b0d32d746104dd4dacf179c65d69adaaf0a/docs/components/mpmm.rst#L5
worproject/arm-trusted-firmware	01610b0d32d746104dd4dacf179c65d69adaaf0a	docs/components/secure-partition-manager.rst	1502	Armv7	https://github.com/worproject/arm-trusted-firmware/blob/01610b0d32d746104dd4dacf179c65d69adaaf0a/docs/components/secure-partition-manager.rst#L1502
worproject/arm-trusted-firmware	01610b0d32d746104dd4dacf179c65d69adaaf0a	docs/components/spd/tlk-dispatcher.rst	75	Armv7	https://github.com/worproject/arm-trusted-firmware/blob/01610b0d32d746104dd4dacf179c65d69adaaf0a/docs/components/spd/tlk-dispatcher.rst#L75
worproject/arm-trusted-firmware	01610b0d32d746104dd4dacf179c65d69adaaf0a	docs/design_documents/psci_osi_mode.rst	408,416	cortex-a7	https://github.com/worproject/arm-trusted-firmware/blob/01610b0d32d746104dd4dacf179c65d69adaaf0a/docs/design_documents/psci_osi_mode.rst#L408
worproject/arm-trusted-firmware	01610b0d32d746104dd4dacf179c65d69adaaf0a	docs/design/cpu-specific-build-macros.rst	47,199,201,205,207,209,212,215,217,220,223,225,228,231,234,237,240,243,246,250,252,254,257,260,264,266,269,272,275,278,281,284,287,289,292,295,299,302,305,309,313,317,321,326,330,334,338,341,345,349,353,357,361,364,368,372,376,380,384,388,393,397,401,568,571,575,579,583,587,591,595,599,603,607,611,615,619,623,626,632,636,835,837,934	Cortex-A7	https://github.com/worproject/arm-trusted-firmware/blob/01610b0d32d746104dd4dacf179c65d69adaaf0a/docs/design/cpu-specific-build-macros.rst#L47
worproject/arm-trusted-firmware	01610b0d32d746104dd4dacf179c65d69adaaf0a	docs/design/firmware-design.rst	1564,2778,2783,2786,2804	Armv7;Cortex-A7;armv7	https://github.com/worproject/arm-trusted-firmware/blob/01610b0d32d746104dd4dacf179c65d69adaaf0a/docs/design/firmware-design.rst#L1564
worproject/arm-trusted-firmware	01610b0d32d746104dd4dacf179c65d69adaaf0a	docs/getting_started/build-options.rst	41,1038,1040	Armv7;Cortex-A7	https://github.com/worproject/arm-trusted-firmware/blob/01610b0d32d746104dd4dacf179c65d69adaaf0a/docs/getting_started/build-options.rst#L41
worproject/arm-trusted-firmware	01610b0d32d746104dd4dacf179c65d69adaaf0a	docs/getting_started/prerequisites.rst	27	Armv7	https://github.com/worproject/arm-trusted-firmware/blob/01610b0d32d746104dd4dacf179c65d69adaaf0a/docs/getting_started/prerequisites.rst#L27
worproject/arm-trusted-firmware	01610b0d32d746104dd4dacf179c65d69adaaf0a	docs/getting_started/rt-svc-writers-guide.rst	57	Armv7	https://github.com/worproject/arm-trusted-firmware/blob/01610b0d32d746104dd4dacf179c65d69adaaf0a/docs/getting_started/rt-svc-writers-guide.rst#L57
worproject/arm-trusted-firmware	01610b0d32d746104dd4dacf179c65d69adaaf0a	docs/index.rst	26,37,49,91	Armv7	https://github.com/worproject/arm-trusted-firmware/blob/01610b0d32d746104dd4dacf179c65d69adaaf0a/docs/index.rst#L26
worproject/arm-trusted-firmware	01610b0d32d746104dd4dacf179c65d69adaaf0a	docs/plat/arm/fvp-ve/index.rst	5,7,44,61,66	Armv7;Cortex-A7	https://github.com/worproject/arm-trusted-firmware/blob/01610b0d32d746104dd4dacf179c65d69adaaf0a/docs/plat/arm/fvp-ve/index.rst#L5
worproject/arm-trusted-firmware	01610b0d32d746104dd4dacf179c65d69adaaf0a	docs/plat/arm/fvp/index.rst	26,27,34,35,36,37,38,39,40,41,42,43,44,45	Cortex-A7	https://github.com/worproject/arm-trusted-firmware/blob/01610b0d32d746104dd4dacf179c65d69adaaf0a/docs/plat/arm/fvp/index.rst#L26
worproject/arm-trusted-firmware	01610b0d32d746104dd4dacf179c65d69adaaf0a	docs/plat/brcm-stingray.rst	6	Cortex-A7	https://github.com/worproject/arm-trusted-firmware/blob/01610b0d32d746104dd4dacf179c65d69adaaf0a/docs/plat/brcm-stingray.rst#L6
worproject/arm-trusted-firmware	01610b0d32d746104dd4dacf179c65d69adaaf0a	docs/plat/imx8.rst	7,12,58	Cortex-A7;cortex-a7	https://github.com/worproject/arm-trusted-firmware/blob/01610b0d32d746104dd4dacf179c65d69adaaf0a/docs/plat/imx8.rst#L7
worproject/arm-trusted-firmware	01610b0d32d746104dd4dacf179c65d69adaaf0a	docs/plat/mt8183.rst	5	Cortex-A7	https://github.com/worproject/arm-trusted-firmware/blob/01610b0d32d746104dd4dacf179c65d69adaaf0a/docs/plat/mt8183.rst#L5
worproject/arm-trusted-firmware	01610b0d32d746104dd4dacf179c65d69adaaf0a	docs/plat/mt8186.rst	5,6	Cortex-A7	https://github.com/worproject/arm-trusted-firmware/blob/01610b0d32d746104dd4dacf179c65d69adaaf0a/docs/plat/mt8186.rst#L5
worproject/arm-trusted-firmware	01610b0d32d746104dd4dacf179c65d69adaaf0a	docs/plat/mt8188.rst	5,6	Cortex-A7	https://github.com/worproject/arm-trusted-firmware/blob/01610b0d32d746104dd4dacf179c65d69adaaf0a/docs/plat/mt8188.rst#L5
worproject/arm-trusted-firmware	01610b0d32d746104dd4dacf179c65d69adaaf0a	docs/plat/mt8192.rst	5,6	Cortex-A7	https://github.com/worproject/arm-trusted-firmware/blob/01610b0d32d746104dd4dacf179c65d69adaaf0a/docs/plat/mt8192.rst#L5
worproject/arm-trusted-firmware	01610b0d32d746104dd4dacf179c65d69adaaf0a	docs/plat/mt8195.rst	5,6	Cortex-A7	https://github.com/worproject/arm-trusted-firmware/blob/01610b0d32d746104dd4dacf179c65d69adaaf0a/docs/plat/mt8195.rst#L5
worproject/arm-trusted-firmware	01610b0d32d746104dd4dacf179c65d69adaaf0a	docs/plat/nvidia-tegra.rst	25,63	ARMv7;Armv7	https://github.com/worproject/arm-trusted-firmware/blob/01610b0d32d746104dd4dacf179c65d69adaaf0a/docs/plat/nvidia-tegra.rst#L25
worproject/arm-trusted-firmware	01610b0d32d746104dd4dacf179c65d69adaaf0a	docs/plat/nxp/nxp-layerscape.rst	103	Cortex-A7	https://github.com/worproject/arm-trusted-firmware/blob/01610b0d32d746104dd4dacf179c65d69adaaf0a/docs/plat/nxp/nxp-layerscape.rst#L103
worproject/arm-trusted-firmware	01610b0d32d746104dd4dacf179c65d69adaaf0a	docs/plat/qti-msm8916.rst	15,18	Cortex-A7	https://github.com/worproject/arm-trusted-firmware/blob/01610b0d32d746104dd4dacf179c65d69adaaf0a/docs/plat/qti-msm8916.rst#L15
worproject/arm-trusted-firmware	01610b0d32d746104dd4dacf179c65d69adaaf0a	docs/plat/rpi4.rst	5	Cortex-A7	https://github.com/worproject/arm-trusted-firmware/blob/01610b0d32d746104dd4dacf179c65d69adaaf0a/docs/plat/rpi4.rst#L5
worproject/arm-trusted-firmware	01610b0d32d746104dd4dacf179c65d69adaaf0a	docs/plat/st/stm32mp1.rst	5,6,21,27,28,29,30,36,37,38,42,43,44,45	Armv7;Cortex-A7	https://github.com/worproject/arm-trusted-firmware/blob/01610b0d32d746104dd4dacf179c65d69adaaf0a/docs/plat/st/stm32mp1.rst#L5
worproject/arm-trusted-firmware	01610b0d32d746104dd4dacf179c65d69adaaf0a	docs/security_advisories/security-advisory-tfv-6.rst	47,51,55,123,137	Cortex-A7	https://github.com/worproject/arm-trusted-firmware/blob/01610b0d32d746104dd4dacf179c65d69adaaf0a/docs/security_advisories/security-advisory-tfv-6.rst#L47
worproject/arm-trusted-firmware	01610b0d32d746104dd4dacf179c65d69adaaf0a	docs/security_advisories/security-advisory-tfv-7.rst	63,66,69,98	Cortex-A7	https://github.com/worproject/arm-trusted-firmware/blob/01610b0d32d746104dd4dacf179c65d69adaaf0a/docs/security_advisories/security-advisory-tfv-7.rst#L63
worproject/arm-trusted-firmware	01610b0d32d746104dd4dacf179c65d69adaaf0a	docs/security_advisories/security-advisory-tfv-9.rst	51,56,58,60,62,64,66,68,76,78,80,94,105,112	Cortex-A7	https://github.com/worproject/arm-trusted-firmware/blob/01610b0d32d746104dd4dacf179c65d69adaaf0a/docs/security_advisories/security-advisory-tfv-9.rst#L51
worproject/arm-trusted-firmware	01610b0d32d746104dd4dacf179c65d69adaaf0a	drivers/arm/pl011/aarch32/pl011_console.S	57	ARMV7	https://github.com/worproject/arm-trusted-firmware/blob/01610b0d32d746104dd4dacf179c65d69adaaf0a/drivers/arm/pl011/aarch32/pl011_console.S#L57
worproject/arm-trusted-firmware	01610b0d32d746104dd4dacf179c65d69adaaf0a	drivers/delay_timer/generic_delay_timer.c	46	armv7	https://github.com/worproject/arm-trusted-firmware/blob/01610b0d32d746104dd4dacf179c65d69adaaf0a/drivers/delay_timer/generic_delay_timer.c#L46
worproject/arm-trusted-firmware	01610b0d32d746104dd4dacf179c65d69adaaf0a	drivers/st/clk/clk-stm32mp13.c	203,312,493,494,561,713,1910,1911	PI2	https://github.com/worproject/arm-trusted-firmware/blob/01610b0d32d746104dd4dacf179c65d69adaaf0a/drivers/st/clk/clk-stm32mp13.c#L203
worproject/arm-trusted-firmware	01610b0d32d746104dd4dacf179c65d69adaaf0a	fdts/a5ds.dts	126	armv7	https://github.com/worproject/arm-trusted-firmware/blob/01610b0d32d746104dd4dacf179c65d69adaaf0a/fdts/a5ds.dts#L126
worproject/arm-trusted-firmware	01610b0d32d746104dd4dacf179c65d69adaaf0a	fdts/corstone700.dtsi	100	armv7	https://github.com/worproject/arm-trusted-firmware/blob/01610b0d32d746104dd4dacf179c65d69adaaf0a/fdts/corstone700.dtsi#L100
worproject/arm-trusted-firmware	01610b0d32d746104dd4dacf179c65d69adaaf0a	fdts/fvp-base-psci-common.dtsi	174	armv7	https://github.com/worproject/arm-trusted-firmware/blob/01610b0d32d746104dd4dacf179c65d69adaaf0a/fdts/fvp-base-psci-common.dtsi#L174
worproject/arm-trusted-firmware	01610b0d32d746104dd4dacf179c65d69adaaf0a	fdts/fvp-foundation-gicv2-psci.dts	116	armv7	https://github.com/worproject/arm-trusted-firmware/blob/01610b0d32d746104dd4dacf179c65d69adaaf0a/fdts/fvp-foundation-gicv2-psci.dts#L116
worproject/arm-trusted-firmware	01610b0d32d746104dd4dacf179c65d69adaaf0a	fdts/fvp-foundation-gicv3-psci.dts	125	armv7	https://github.com/worproject/arm-trusted-firmware/blob/01610b0d32d746104dd4dacf179c65d69adaaf0a/fdts/fvp-foundation-gicv3-psci.dts#L125
worproject/arm-trusted-firmware	01610b0d32d746104dd4dacf179c65d69adaaf0a	fdts/fvp-ve-Cortex-A7x1.dts	14,26	Cortex-A7;cortex-a7	https://github.com/worproject/arm-trusted-firmware/blob/01610b0d32d746104dd4dacf179c65d69adaaf0a/fdts/fvp-ve-Cortex-A7x1.dts#L14
worproject/arm-trusted-firmware	01610b0d32d746104dd4dacf179c65d69adaaf0a	fdts/stm32mp131.dtsi	19,62	cortex-a7	https://github.com/worproject/arm-trusted-firmware/blob/01610b0d32d746104dd4dacf179c65d69adaaf0a/fdts/stm32mp131.dtsi#L19
worproject/arm-trusted-firmware	01610b0d32d746104dd4dacf179c65d69adaaf0a	fdts/stm32mp151.dtsi	19,33	cortex-a7	https://github.com/worproject/arm-trusted-firmware/blob/01610b0d32d746104dd4dacf179c65d69adaaf0a/fdts/stm32mp151.dtsi#L19
worproject/arm-trusted-firmware	01610b0d32d746104dd4dacf179c65d69adaaf0a	fdts/stm32mp151a-prtt1a.dts	104,105	PI2	https://github.com/worproject/arm-trusted-firmware/blob/01610b0d32d746104dd4dacf179c65d69adaaf0a/fdts/stm32mp151a-prtt1a.dts#L104
worproject/arm-trusted-firmware	01610b0d32d746104dd4dacf179c65d69adaaf0a	fdts/stm32mp153.dtsi	12	cortex-a7	https://github.com/worproject/arm-trusted-firmware/blob/01610b0d32d746104dd4dacf179c65d69adaaf0a/fdts/stm32mp153.dtsi#L12
worproject/arm-trusted-firmware	01610b0d32d746104dd4dacf179c65d69adaaf0a	fdts/stm32mp157a-avenger96.dts	209,210	PI2	https://github.com/worproject/arm-trusted-firmware/blob/01610b0d32d746104dd4dacf179c65d69adaaf0a/fdts/stm32mp157a-avenger96.dts#L209
worproject/arm-trusted-firmware	01610b0d32d746104dd4dacf179c65d69adaaf0a	fdts/stm32mp157c-ed1.dts	228,229	PI2	https://github.com/worproject/arm-trusted-firmware/blob/01610b0d32d746104dd4dacf179c65d69adaaf0a/fdts/stm32mp157c-ed1.dts#L228
worproject/arm-trusted-firmware	01610b0d32d746104dd4dacf179c65d69adaaf0a	fdts/stm32mp157c-odyssey-som.dtsi	241,242	PI2	https://github.com/worproject/arm-trusted-firmware/blob/01610b0d32d746104dd4dacf179c65d69adaaf0a/fdts/stm32mp157c-odyssey-som.dtsi#L241
worproject/arm-trusted-firmware	01610b0d32d746104dd4dacf179c65d69adaaf0a	fdts/stm32mp15xx-dhcom-som.dtsi	227,228	PI2	https://github.com/worproject/arm-trusted-firmware/blob/01610b0d32d746104dd4dacf179c65d69adaaf0a/fdts/stm32mp15xx-dhcom-som.dtsi#L227
worproject/arm-trusted-firmware	01610b0d32d746104dd4dacf179c65d69adaaf0a	fdts/stm32mp15xx-dhcor-som.dtsi	222,223	PI2	https://github.com/worproject/arm-trusted-firmware/blob/01610b0d32d746104dd4dacf179c65d69adaaf0a/fdts/stm32mp15xx-dhcor-som.dtsi#L222
worproject/arm-trusted-firmware	01610b0d32d746104dd4dacf179c65d69adaaf0a	fdts/stm32mp15xx-dkx.dtsi	232,233	PI2	https://github.com/worproject/arm-trusted-firmware/blob/01610b0d32d746104dd4dacf179c65d69adaaf0a/fdts/stm32mp15xx-dkx.dtsi#L232
worproject/arm-trusted-firmware	01610b0d32d746104dd4dacf179c65d69adaaf0a	fdts/stm32mp15xx-osd32.dtsi	219,220	PI2	https://github.com/worproject/arm-trusted-firmware/blob/01610b0d32d746104dd4dacf179c65d69adaaf0a/fdts/stm32mp15xx-osd32.dtsi#L219
worproject/arm-trusted-firmware	01610b0d32d746104dd4dacf179c65d69adaaf0a	fdts/stm32mp251.dtsi	60	cortex-a7	https://github.com/worproject/arm-trusted-firmware/blob/01610b0d32d746104dd4dacf179c65d69adaaf0a/fdts/stm32mp251.dtsi#L60
worproject/arm-trusted-firmware	01610b0d32d746104dd4dacf179c65d69adaaf0a	include/arch/aarch32/arch_features.h	18	armv7	https://github.com/worproject/arm-trusted-firmware/blob/01610b0d32d746104dd4dacf179c65d69adaaf0a/include/arch/aarch32/arch_features.h#L18
worproject/arm-trusted-firmware	01610b0d32d746104dd4dacf179c65d69adaaf0a	include/arch/aarch32/arch_helpers.h	199,372	armv7	https://github.com/worproject/arm-trusted-firmware/blob/01610b0d32d746104dd4dacf179c65d69adaaf0a/include/arch/aarch32/arch_helpers.h#L199
worproject/arm-trusted-firmware	01610b0d32d746104dd4dacf179c65d69adaaf0a	include/arch/aarch32/asm_macros.S	95,98,132	ARMV7;ARMv7	https://github.com/worproject/arm-trusted-firmware/blob/01610b0d32d746104dd4dacf179c65d69adaaf0a/include/arch/aarch32/asm_macros.S#L95
worproject/arm-trusted-firmware	01610b0d32d746104dd4dacf179c65d69adaaf0a	include/arch/aarch32/el3_common_macros.S	112,117,162,167	ARMV7;ARMv7	https://github.com/worproject/arm-trusted-firmware/blob/01610b0d32d746104dd4dacf179c65d69adaaf0a/include/arch/aarch32/el3_common_macros.S#L112
worproject/arm-trusted-firmware	01610b0d32d746104dd4dacf179c65d69adaaf0a	include/arch/aarch32/smccc_macros.S	25,167	ARMV7	https://github.com/worproject/arm-trusted-firmware/blob/01610b0d32d746104dd4dacf179c65d69adaaf0a/include/arch/aarch32/smccc_macros.S#L25
worproject/arm-trusted-firmware	01610b0d32d746104dd4dacf179c65d69adaaf0a	include/arch/aarch64/arch_features.h	37	armv7	https://github.com/worproject/arm-trusted-firmware/blob/01610b0d32d746104dd4dacf179c65d69adaaf0a/include/arch/aarch64/arch_features.h#L37
worproject/arm-trusted-firmware	01610b0d32d746104dd4dacf179c65d69adaaf0a	include/arch/aarch64/arch_helpers.h	117,130	Cortex-A7	https://github.com/worproject/arm-trusted-firmware/blob/01610b0d32d746104dd4dacf179c65d69adaaf0a/include/arch/aarch64/arch_helpers.h#L117
worproject/arm-trusted-firmware	01610b0d32d746104dd4dacf179c65d69adaaf0a	include/arch/aarch64/asm_macros.S	15	Cortex-A7	https://github.com/worproject/arm-trusted-firmware/blob/01610b0d32d746104dd4dacf179c65d69adaaf0a/include/arch/aarch64/asm_macros.S#L15
worproject/arm-trusted-firmware	01610b0d32d746104dd4dacf179c65d69adaaf0a	include/drivers/arm/gic600ae_fmu.h	56,74,75,76,77,78,79,80,81,82,83	PI2	https://github.com/worproject/arm-trusted-firmware/blob/01610b0d32d746104dd4dacf179c65d69adaaf0a/include/drivers/arm/gic600ae_fmu.h#L56
worproject/arm-trusted-firmware	01610b0d32d746104dd4dacf179c65d69adaaf0a	include/drivers/st/stm32mp13_rcc.h	79,80,727,728,729,731,732,733,852,871,1062,1081,1360,1379	PI2	https://github.com/worproject/arm-trusted-firmware/blob/01610b0d32d746104dd4dacf179c65d69adaaf0a/include/drivers/st/stm32mp13_rcc.h#L79
worproject/arm-trusted-firmware	01610b0d32d746104dd4dacf179c65d69adaaf0a	include/drivers/st/stm32mp15_rcc.h	134,135,1189,1190,1191,1193,1194,1195,1293,1321,1463,1491,1643,1672,1830,1858,2020,2049	PI2	https://github.com/worproject/arm-trusted-firmware/blob/01610b0d32d746104dd4dacf179c65d69adaaf0a/include/drivers/st/stm32mp15_rcc.h#L134
worproject/arm-trusted-firmware	01610b0d32d746104dd4dacf179c65d69adaaf0a	include/drivers/st/stm32mp25_rcc.h	321,388,2774,2775,2776,2777,2778,2779,3185,3186,3187,3188	PI2	https://github.com/worproject/arm-trusted-firmware/blob/01610b0d32d746104dd4dacf179c65d69adaaf0a/include/drivers/st/stm32mp25_rcc.h#L321
worproject/arm-trusted-firmware	01610b0d32d746104dd4dacf179c65d69adaaf0a	include/dt-bindings/clock/stm32mp13-clks.h	126	PI2	https://github.com/worproject/arm-trusted-firmware/blob/01610b0d32d746104dd4dacf179c65d69adaaf0a/include/dt-bindings/clock/stm32mp13-clks.h#L126
worproject/arm-trusted-firmware	01610b0d32d746104dd4dacf179c65d69adaaf0a	include/dt-bindings/clock/stm32mp13-clksrc.h	127,217,218,219,220,221	PI2	https://github.com/worproject/arm-trusted-firmware/blob/01610b0d32d746104dd4dacf179c65d69adaaf0a/include/dt-bindings/clock/stm32mp13-clksrc.h#L127
worproject/arm-trusted-firmware	01610b0d32d746104dd4dacf179c65d69adaaf0a	include/dt-bindings/clock/stm32mp15-clks.h	29,142	PI2	https://github.com/worproject/arm-trusted-firmware/blob/01610b0d32d746104dd4dacf179c65d69adaaf0a/include/dt-bindings/clock/stm32mp15-clks.h#L29
worproject/arm-trusted-firmware	01610b0d32d746104dd4dacf179c65d69adaaf0a	include/dt-bindings/clock/stm32mp15-clksrc.h	108,109,110,111,112,113,115,116,117,118,119,120	PI2	https://github.com/worproject/arm-trusted-firmware/blob/01610b0d32d746104dd4dacf179c65d69adaaf0a/include/dt-bindings/clock/stm32mp15-clksrc.h#L108
worproject/arm-trusted-firmware	01610b0d32d746104dd4dacf179c65d69adaaf0a	include/dt-bindings/clock/stm32mp25-clks.h	179,263,282,334,487	PI2	https://github.com/worproject/arm-trusted-firmware/blob/01610b0d32d746104dd4dacf179c65d69adaaf0a/include/dt-bindings/clock/stm32mp25-clks.h#L179
worproject/arm-trusted-firmware	01610b0d32d746104dd4dacf179c65d69adaaf0a	include/dt-bindings/reset/stm32mp13-resets.h	17	PI2	https://github.com/worproject/arm-trusted-firmware/blob/01610b0d32d746104dd4dacf179c65d69adaaf0a/include/dt-bindings/reset/stm32mp13-resets.h#L17
worproject/arm-trusted-firmware	01610b0d32d746104dd4dacf179c65d69adaaf0a	include/dt-bindings/reset/stm32mp15-resets.h	45	PI2	https://github.com/worproject/arm-trusted-firmware/blob/01610b0d32d746104dd4dacf179c65d69adaaf0a/include/dt-bindings/reset/stm32mp15-resets.h#L45
worproject/arm-trusted-firmware	01610b0d32d746104dd4dacf179c65d69adaaf0a	include/dt-bindings/reset/stm32mp25-resets.h	29,30,77	PI2	https://github.com/worproject/arm-trusted-firmware/blob/01610b0d32d746104dd4dacf179c65d69adaaf0a/include/dt-bindings/reset/stm32mp25-resets.h#L29
worproject/arm-trusted-firmware	01610b0d32d746104dd4dacf179c65d69adaaf0a	include/lib/cpus/aarch32/cortex_a7.h	13	Cortex-A7	https://github.com/worproject/arm-trusted-firmware/blob/01610b0d32d746104dd4dacf179c65d69adaaf0a/include/lib/cpus/aarch32/cortex_a7.h#L13
worproject/arm-trusted-firmware	01610b0d32d746104dd4dacf179c65d69adaaf0a	include/lib/cpus/aarch32/cortex_a72.h	12	Cortex-A7	https://github.com/worproject/arm-trusted-firmware/blob/01610b0d32d746104dd4dacf179c65d69adaaf0a/include/lib/cpus/aarch32/cortex_a72.h#L12
worproject/arm-trusted-firmware	01610b0d32d746104dd4dacf179c65d69adaaf0a	include/lib/cpus/aarch64/cortex_a710.h	12	Cortex-A7	https://github.com/worproject/arm-trusted-firmware/blob/01610b0d32d746104dd4dacf179c65d69adaaf0a/include/lib/cpus/aarch64/cortex_a710.h#L12
worproject/arm-trusted-firmware	01610b0d32d746104dd4dacf179c65d69adaaf0a	include/lib/cpus/aarch64/cortex_a715.h	12	Cortex-A7	https://github.com/worproject/arm-trusted-firmware/blob/01610b0d32d746104dd4dacf179c65d69adaaf0a/include/lib/cpus/aarch64/cortex_a715.h#L12
worproject/arm-trusted-firmware	01610b0d32d746104dd4dacf179c65d69adaaf0a	include/lib/cpus/aarch64/cortex_a72.h	12,15	Cortex-A7	https://github.com/worproject/arm-trusted-firmware/blob/01610b0d32d746104dd4dacf179c65d69adaaf0a/include/lib/cpus/aarch64/cortex_a72.h#L12
worproject/arm-trusted-firmware	01610b0d32d746104dd4dacf179c65d69adaaf0a	include/lib/cpus/aarch64/cortex_a73.h	12,39	Cortex-A7	https://github.com/worproject/arm-trusted-firmware/blob/01610b0d32d746104dd4dacf179c65d69adaaf0a/include/lib/cpus/aarch64/cortex_a73.h#L12
worproject/arm-trusted-firmware	01610b0d32d746104dd4dacf179c65d69adaaf0a	include/lib/cpus/aarch64/cortex_a75.h	12,34	Cortex-A7	https://github.com/worproject/arm-trusted-firmware/blob/01610b0d32d746104dd4dacf179c65d69adaaf0a/include/lib/cpus/aarch64/cortex_a75.h#L12
worproject/arm-trusted-firmware	01610b0d32d746104dd4dacf179c65d69adaaf0a	include/lib/cpus/aarch64/cortex_a76.h	12,15	Cortex-A7	https://github.com/worproject/arm-trusted-firmware/blob/01610b0d32d746104dd4dacf179c65d69adaaf0a/include/lib/cpus/aarch64/cortex_a76.h#L12
worproject/arm-trusted-firmware	01610b0d32d746104dd4dacf179c65d69adaaf0a	include/lib/cpus/aarch64/cortex_a76ae.h	12,15	Cortex-A7	https://github.com/worproject/arm-trusted-firmware/blob/01610b0d32d746104dd4dacf179c65d69adaaf0a/include/lib/cpus/aarch64/cortex_a76ae.h#L12
worproject/arm-trusted-firmware	01610b0d32d746104dd4dacf179c65d69adaaf0a	include/lib/cpus/aarch64/cortex_a77.h	12,15	Cortex-A7	https://github.com/worproject/arm-trusted-firmware/blob/01610b0d32d746104dd4dacf179c65d69adaaf0a/include/lib/cpus/aarch64/cortex_a77.h#L12
worproject/arm-trusted-firmware	01610b0d32d746104dd4dacf179c65d69adaaf0a	include/lib/cpus/aarch64/cortex_a78_ae.h	15	Cortex-A7	https://github.com/worproject/arm-trusted-firmware/blob/01610b0d32d746104dd4dacf179c65d69adaaf0a/include/lib/cpus/aarch64/cortex_a78_ae.h#L15
worproject/arm-trusted-firmware	01610b0d32d746104dd4dacf179c65d69adaaf0a	include/lib/cpus/aarch64/cortex_a78.h	14	Cortex-A7	https://github.com/worproject/arm-trusted-firmware/blob/01610b0d32d746104dd4dacf179c65d69adaaf0a/include/lib/cpus/aarch64/cortex_a78.h#L14
worproject/arm-trusted-firmware	01610b0d32d746104dd4dacf179c65d69adaaf0a	include/lib/cpus/aarch64/cortex_a78c.h	13	Cortex-A7	https://github.com/worproject/arm-trusted-firmware/blob/01610b0d32d746104dd4dacf179c65d69adaaf0a/include/lib/cpus/aarch64/cortex_a78c.h#L13
worproject/arm-trusted-firmware	01610b0d32d746104dd4dacf179c65d69adaaf0a	include/lib/xlat_tables/xlat_tables_defs.h	81	ARMV7	https://github.com/worproject/arm-trusted-firmware/blob/01610b0d32d746104dd4dacf179c65d69adaaf0a/include/lib/xlat_tables/xlat_tables_defs.h#L81
worproject/arm-trusted-firmware	01610b0d32d746104dd4dacf179c65d69adaaf0a	lib/aarch32/cache_helpers.S	142	Cortex-A7	https://github.com/worproject/arm-trusted-firmware/blob/01610b0d32d746104dd4dacf179c65d69adaaf0a/lib/aarch32/cache_helpers.S#L142
worproject/arm-trusted-firmware	01610b0d32d746104dd4dacf179c65d69adaaf0a	lib/compiler-rt/builtins/assembly.h	140	armv7	https://github.com/worproject/arm-trusted-firmware/blob/01610b0d32d746104dd4dacf179c65d69adaaf0a/lib/compiler-rt/builtins/assembly.h#L140
worproject/arm-trusted-firmware	01610b0d32d746104dd4dacf179c65d69adaaf0a	lib/cpus/aarch32/cortex_a15.S	16	ARMV7	https://github.com/worproject/arm-trusted-firmware/blob/01610b0d32d746104dd4dacf179c65d69adaaf0a/lib/cpus/aarch32/cortex_a15.S#L16
worproject/arm-trusted-firmware	01610b0d32d746104dd4dacf179c65d69adaaf0a	lib/cpus/aarch32/cortex_a72.S	118,151,198	Cortex-A7	https://github.com/worproject/arm-trusted-firmware/blob/01610b0d32d746104dd4dacf179c65d69adaaf0a/lib/cpus/aarch32/cortex_a72.S#L118
worproject/arm-trusted-firmware	01610b0d32d746104dd4dacf179c65d69adaaf0a	lib/cpus/aarch64/cortex_a710.S	166,199,234	Cortex-A7	https://github.com/worproject/arm-trusted-firmware/blob/01610b0d32d746104dd4dacf179c65d69adaaf0a/lib/cpus/aarch64/cortex_a710.S#L166
worproject/arm-trusted-firmware	01610b0d32d746104dd4dacf179c65d69adaaf0a	lib/cpus/aarch64/cortex_a715.S	17,22,32,65	Cortex-A7	https://github.com/worproject/arm-trusted-firmware/blob/01610b0d32d746104dd4dacf179c65d69adaaf0a/lib/cpus/aarch64/cortex_a715.S#L17
worproject/arm-trusted-firmware	01610b0d32d746104dd4dacf179c65d69adaaf0a	lib/cpus/aarch64/cortex_a72.S	127,168,214	Cortex-A7	https://github.com/worproject/arm-trusted-firmware/blob/01610b0d32d746104dd4dacf179c65d69adaaf0a/lib/cpus/aarch64/cortex_a72.S#L127
worproject/arm-trusted-firmware	01610b0d32d746104dd4dacf179c65d69adaaf0a	lib/cpus/aarch64/cortex_a73.S	107	Cortex-A7	https://github.com/worproject/arm-trusted-firmware/blob/01610b0d32d746104dd4dacf179c65d69adaaf0a/lib/cpus/aarch64/cortex_a73.S#L107
worproject/arm-trusted-firmware	01610b0d32d746104dd4dacf179c65d69adaaf0a	lib/cpus/aarch64/cortex_a75.S	15,103	Cortex-A7	https://github.com/worproject/arm-trusted-firmware/blob/01610b0d32d746104dd4dacf179c65d69adaaf0a/lib/cpus/aarch64/cortex_a75.S#L15
worproject/arm-trusted-firmware	01610b0d32d746104dd4dacf179c65d69adaaf0a	lib/cpus/aarch64/cortex_a76.S	18,26,470,487	Cortex-A7	https://github.com/worproject/arm-trusted-firmware/blob/01610b0d32d746104dd4dacf179c65d69adaaf0a/lib/cpus/aarch64/cortex_a76.S#L18
worproject/arm-trusted-firmware	01610b0d32d746104dd4dacf179c65d69adaaf0a	lib/cpus/aarch64/cortex_a76ae.S	16,21,33	Cortex-A7	https://github.com/worproject/arm-trusted-firmware/blob/01610b0d32d746104dd4dacf179c65d69adaaf0a/lib/cpus/aarch64/cortex_a76ae.S#L16
worproject/arm-trusted-firmware	01610b0d32d746104dd4dacf179c65d69adaaf0a	lib/cpus/aarch64/cortex_a77.S	17,22,135,146,172	Cortex-A7	https://github.com/worproject/arm-trusted-firmware/blob/01610b0d32d746104dd4dacf179c65d69adaaf0a/lib/cpus/aarch64/cortex_a77.S#L17
worproject/arm-trusted-firmware	01610b0d32d746104dd4dacf179c65d69adaaf0a	lib/cpus/aarch64/cortex_a78_ae.S	90	Cortex-A7	https://github.com/worproject/arm-trusted-firmware/blob/01610b0d32d746104dd4dacf179c65d69adaaf0a/lib/cpus/aarch64/cortex_a78_ae.S#L90
worproject/arm-trusted-firmware	01610b0d32d746104dd4dacf179c65d69adaaf0a	lib/cpus/aarch64/cortex_a78c.S	101	Cortex-A7	https://github.com/worproject/arm-trusted-firmware/blob/01610b0d32d746104dd4dacf179c65d69adaaf0a/lib/cpus/aarch64/cortex_a78c.S#L101
worproject/arm-trusted-firmware	01610b0d32d746104dd4dacf179c65d69adaaf0a	lib/cpus/cpu-ops.mk	556,560,564,568,573,577,581,585,589,593,597,602,606,610,614,619,624	Cortex-A7	https://github.com/worproject/arm-trusted-firmware/blob/01610b0d32d746104dd4dacf179c65d69adaaf0a/lib/cpus/cpu-ops.mk#L556
worproject/arm-trusted-firmware	01610b0d32d746104dd4dacf179c65d69adaaf0a	lib/el3_runtime/aarch32/context_mgmt.c	308	ARMv7	https://github.com/worproject/arm-trusted-firmware/blob/01610b0d32d746104dd4dacf179c65d69adaaf0a/lib/el3_runtime/aarch32/context_mgmt.c#L308
worproject/arm-trusted-firmware	01610b0d32d746104dd4dacf179c65d69adaaf0a	lib/el3_runtime/aarch64/context_mgmt.c	87,978	Cortex-A7	https://github.com/worproject/arm-trusted-firmware/blob/01610b0d32d746104dd4dacf179c65d69adaaf0a/lib/el3_runtime/aarch64/context_mgmt.c#L87
worproject/arm-trusted-firmware	01610b0d32d746104dd4dacf179c65d69adaaf0a	lib/psci/psci_setup.c	290	ARMV7	https://github.com/worproject/arm-trusted-firmware/blob/01610b0d32d746104dd4dacf179c65d69adaaf0a/lib/psci/psci_setup.c#L290
worproject/arm-trusted-firmware	01610b0d32d746104dd4dacf179c65d69adaaf0a	lib/xlat_tables_v2/aarch32/xlat_tables_arch.c	21,22	ARMV7;ARMv7	https://github.com/worproject/arm-trusted-firmware/blob/01610b0d32d746104dd4dacf179c65d69adaaf0a/lib/xlat_tables_v2/aarch32/xlat_tables_arch.c#L21
worproject/arm-trusted-firmware	01610b0d32d746104dd4dacf179c65d69adaaf0a	lib/xlat_tables/aarch32/nonlpae_tables.c	25,26,67,552	ARMV7;armv7	https://github.com/worproject/arm-trusted-firmware/blob/01610b0d32d746104dd4dacf179c65d69adaaf0a/lib/xlat_tables/aarch32/nonlpae_tables.c#L25
worproject/arm-trusted-firmware	01610b0d32d746104dd4dacf179c65d69adaaf0a	lib/xlat_tables/aarch32/xlat_tables.c	19,20	ARMV7;ARMv7	https://github.com/worproject/arm-trusted-firmware/blob/01610b0d32d746104dd4dacf179c65d69adaaf0a/lib/xlat_tables/aarch32/xlat_tables.c#L19
worproject/arm-trusted-firmware	01610b0d32d746104dd4dacf179c65d69adaaf0a	lib/zlib/crc32.h	4109,9258	2836	https://github.com/worproject/arm-trusted-firmware/blob/01610b0d32d746104dd4dacf179c65d69adaaf0a/lib/zlib/crc32.h#L4109
worproject/arm-trusted-firmware	01610b0d32d746104dd4dacf179c65d69adaaf0a	make_helpers/armv7-a-cpus.mk	11,14,15,23,30,31,37,40,41,43,44,49,50,51,52	ARMV7;ARMv7;armv7;cortex-a7	https://github.com/worproject/arm-trusted-firmware/blob/01610b0d32d746104dd4dacf179c65d69adaaf0a/make_helpers/armv7-a-cpus.mk#L11
worproject/arm-trusted-firmware	01610b0d32d746104dd4dacf179c65d69adaaf0a	Makefile	725	armv7	https://github.com/worproject/arm-trusted-firmware/blob/01610b0d32d746104dd4dacf179c65d69adaaf0a/Makefile#L725
worproject/arm-trusted-firmware	01610b0d32d746104dd4dacf179c65d69adaaf0a	plat/arm/board/fvp_r/fvp_r_bl1_setup.c	166	ARMV7	https://github.com/worproject/arm-trusted-firmware/blob/01610b0d32d746104dd4dacf179c65d69adaaf0a/plat/arm/board/fvp_r/fvp_r_bl1_setup.c#L166
worproject/arm-trusted-firmware	01610b0d32d746104dd4dacf179c65d69adaaf0a	plat/arm/board/juno/aarch32/juno_helpers.S	116,119,120,136	Cortex-A7	https://github.com/worproject/arm-trusted-firmware/blob/01610b0d32d746104dd4dacf179c65d69adaaf0a/plat/arm/board/juno/aarch32/juno_helpers.S#L116
worproject/arm-trusted-firmware	01610b0d32d746104dd4dacf179c65d69adaaf0a	plat/arm/board/juno/aarch64/juno_helpers.S	120,123,124,140	Cortex-A7	https://github.com/worproject/arm-trusted-firmware/blob/01610b0d32d746104dd4dacf179c65d69adaaf0a/plat/arm/board/juno/aarch64/juno_helpers.S#L120
worproject/arm-trusted-firmware	01610b0d32d746104dd4dacf179c65d69adaaf0a	plat/arm/board/juno/platform.mk	163	Cortex-A7	https://github.com/worproject/arm-trusted-firmware/blob/01610b0d32d746104dd4dacf179c65d69adaaf0a/plat/arm/board/juno/platform.mk#L163
worproject/arm-trusted-firmware	01610b0d32d746104dd4dacf179c65d69adaaf0a	plat/arm/common/arm_bl1_setup.c	212	ARMV7	https://github.com/worproject/arm-trusted-firmware/blob/01610b0d32d746104dd4dacf179c65d69adaaf0a/plat/arm/common/arm_bl1_setup.c#L212
worproject/arm-trusted-firmware	01610b0d32d746104dd4dacf179c65d69adaaf0a	plat/hisilicon/hikey/hisi_pwrc_sram.S	58	ARMv7	https://github.com/worproject/arm-trusted-firmware/blob/01610b0d32d746104dd4dacf179c65d69adaaf0a/plat/hisilicon/hikey/hisi_pwrc_sram.S#L58
worproject/arm-trusted-firmware	01610b0d32d746104dd4dacf179c65d69adaaf0a	plat/imx/common/include/imx_clock.h	57,635,637,638,639,640,641,642,643,644,914	PI2	https://github.com/worproject/arm-trusted-firmware/blob/01610b0d32d746104dd4dacf179c65d69adaaf0a/plat/imx/common/include/imx_clock.h#L57
worproject/arm-trusted-firmware	01610b0d32d746104dd4dacf179c65d69adaaf0a	plat/imx/common/include/imx_io_mux.h	165,166,167,168,392,393,394,395,497,498,499,500	PI2	https://github.com/worproject/arm-trusted-firmware/blob/01610b0d32d746104dd4dacf179c65d69adaaf0a/plat/imx/common/include/imx_io_mux.h#L165
worproject/arm-trusted-firmware	01610b0d32d746104dd4dacf179c65d69adaaf0a	plat/imx/common/include/imx8qm_pads.h	144,145,146,147,148	PI2	https://github.com/worproject/arm-trusted-firmware/blob/01610b0d32d746104dd4dacf179c65d69adaaf0a/plat/imx/common/include/imx8qm_pads.h#L144
worproject/arm-trusted-firmware	01610b0d32d746104dd4dacf179c65d69adaaf0a	plat/imx/common/include/imx8qx_pads.h	45,46,48,49,95,96,97,98,107,111,112,113,114	PI2	https://github.com/worproject/arm-trusted-firmware/blob/01610b0d32d746104dd4dacf179c65d69adaaf0a/plat/imx/common/include/imx8qx_pads.h#L45
worproject/arm-trusted-firmware	01610b0d32d746104dd4dacf179c65d69adaaf0a	plat/imx/imx7/common/imx7.mk	8	ARMV7	https://github.com/worproject/arm-trusted-firmware/blob/01610b0d32d746104dd4dacf179c65d69adaaf0a/plat/imx/imx7/common/imx7.mk#L8
worproject/arm-trusted-firmware	01610b0d32d746104dd4dacf179c65d69adaaf0a	plat/imx/imx8m/imx8mm/include/imx_sec_def.h	116,204	PI2	https://github.com/worproject/arm-trusted-firmware/blob/01610b0d32d746104dd4dacf179c65d69adaaf0a/plat/imx/imx8m/imx8mm/include/imx_sec_def.h#L116
worproject/arm-trusted-firmware	01610b0d32d746104dd4dacf179c65d69adaaf0a	plat/imx/imx8m/imx8mn/include/imx_sec_def.h	108,196	PI2	https://github.com/worproject/arm-trusted-firmware/blob/01610b0d32d746104dd4dacf179c65d69adaaf0a/plat/imx/imx8m/imx8mn/include/imx_sec_def.h#L108
worproject/arm-trusted-firmware	01610b0d32d746104dd4dacf179c65d69adaaf0a	plat/imx/imx8m/imx8mp/include/imx_sec_def.h	151,259	PI2	https://github.com/worproject/arm-trusted-firmware/blob/01610b0d32d746104dd4dacf179c65d69adaaf0a/plat/imx/imx8m/imx8mp/include/imx_sec_def.h#L151
worproject/arm-trusted-firmware	01610b0d32d746104dd4dacf179c65d69adaaf0a	plat/imx/imx8m/imx8mq/include/imx_sec_def.h	119,222	PI2	https://github.com/worproject/arm-trusted-firmware/blob/01610b0d32d746104dd4dacf179c65d69adaaf0a/plat/imx/imx8m/imx8mq/include/imx_sec_def.h#L119
worproject/arm-trusted-firmware	01610b0d32d746104dd4dacf179c65d69adaaf0a	plat/mediatek/mt8183/drivers/devapc/devapc.h	213	PI2	https://github.com/worproject/arm-trusted-firmware/blob/01610b0d32d746104dd4dacf179c65d69adaaf0a/plat/mediatek/mt8183/drivers/devapc/devapc.h#L213
worproject/arm-trusted-firmware	01610b0d32d746104dd4dacf179c65d69adaaf0a	plat/mediatek/mt8192/drivers/devapc/devapc.c	2302	PI2	https://github.com/worproject/arm-trusted-firmware/blob/01610b0d32d746104dd4dacf179c65d69adaaf0a/plat/mediatek/mt8192/drivers/devapc/devapc.c#L2302
worproject/arm-trusted-firmware	01610b0d32d746104dd4dacf179c65d69adaaf0a	plat/nvidia/tegra/soc/t210/plat_psci_handlers.c	544	ARMv7	https://github.com/worproject/arm-trusted-firmware/blob/01610b0d32d746104dd4dacf179c65d69adaaf0a/plat/nvidia/tegra/soc/t210/plat_psci_handlers.c#L544
worproject/arm-trusted-firmware	01610b0d32d746104dd4dacf179c65d69adaaf0a	plat/qemu/qemu/platform.mk	19,22,24,25,26,29	ARMV7;ARMv7	https://github.com/worproject/arm-trusted-firmware/blob/01610b0d32d746104dd4dacf179c65d69adaaf0a/plat/qemu/qemu/platform.mk#L19
worproject/arm-trusted-firmware	01610b0d32d746104dd4dacf179c65d69adaaf0a	plat/qti/msm8916/platform.mk	53	Cortex-A7	https://github.com/worproject/arm-trusted-firmware/blob/01610b0d32d746104dd4dacf179c65d69adaaf0a/plat/qti/msm8916/platform.mk#L53
worproject/arm-trusted-firmware	01610b0d32d746104dd4dacf179c65d69adaaf0a	plat/rockchip/common/aarch64/plat_helpers.S	43,44	Cortex-A7	https://github.com/worproject/arm-trusted-firmware/blob/01610b0d32d746104dd4dacf179c65d69adaaf0a/plat/rockchip/common/aarch64/plat_helpers.S#L43
worproject/arm-trusted-firmware	01610b0d32d746104dd4dacf179c65d69adaaf0a	plat/rpi/common/aarch64/plat_helpers.S	202,210	Cortex-A7	https://github.com/worproject/arm-trusted-firmware/blob/01610b0d32d746104dd4dacf179c65d69adaaf0a/plat/rpi/common/aarch64/plat_helpers.S#L202
worproject/arm-trusted-firmware	01610b0d32d746104dd4dacf179c65d69adaaf0a	plat/rpi/rpi4/platform.mk	41,43,45,47,53	Cortex-A7;cortex-a7	https://github.com/worproject/arm-trusted-firmware/blob/01610b0d32d746104dd4dacf179c65d69adaaf0a/plat/rpi/rpi4/platform.mk#L41
worproject/arm-trusted-firmware	01610b0d32d746104dd4dacf179c65d69adaaf0a	plat/st/common/stm32mp_gic.c	54	cortex-a7	https://github.com/worproject/arm-trusted-firmware/blob/01610b0d32d746104dd4dacf179c65d69adaaf0a/plat/st/common/stm32mp_gic.c#L54
worproject/arm-trusted-firmware	01610b0d32d746104dd4dacf179c65d69adaaf0a	plat/st/stm32mp1/platform.mk	84	Cortex-A7	https://github.com/worproject/arm-trusted-firmware/blob/01610b0d32d746104dd4dacf179c65d69adaaf0a/plat/st/stm32mp1/platform.mk#L84
worproject/arm-trusted-firmware	01610b0d32d746104dd4dacf179c65d69adaaf0a	plat/st/stm32mp1/stm32mp1_def.h	339	PI2	https://github.com/worproject/arm-trusted-firmware/blob/01610b0d32d746104dd4dacf179c65d69adaaf0a/plat/st/stm32mp1/stm32mp1_def.h#L339
worproject/arm-trusted-firmware	01610b0d32d746104dd4dacf179c65d69adaaf0a	plat/st/stm32mp1/stm32mp1_private.c	509	Cortex-A7	https://github.com/worproject/arm-trusted-firmware/blob/01610b0d32d746104dd4dacf179c65d69adaaf0a/plat/st/stm32mp1/stm32mp1_private.c#L509
worproject/arm-trusted-firmware	01610b0d32d746104dd4dacf179c65d69adaaf0a	plat/st/stm32mp1/stm32mp1_syscfg.c	104	PI2	https://github.com/worproject/arm-trusted-firmware/blob/01610b0d32d746104dd4dacf179c65d69adaaf0a/plat/st/stm32mp1/stm32mp1_syscfg.c#L104
worproject/arm-trusted-firmware	01610b0d32d746104dd4dacf179c65d69adaaf0a	plat/ti/k3/common/k3_helpers.S	96,101,105	Cortex-A7	https://github.com/worproject/arm-trusted-firmware/blob/01610b0d32d746104dd4dacf179c65d69adaaf0a/plat/ti/k3/common/k3_helpers.S#L96
worproject/arm-trusted-firmware	01610b0d32d746104dd4dacf179c65d69adaaf0a	plat/xilinx/versal_net/include/plat_ipi.h	63,64	PI2	https://github.com/worproject/arm-trusted-firmware/blob/01610b0d32d746104dd4dacf179c65d69adaaf0a/plat/xilinx/versal_net/include/plat_ipi.h#L63
worproject/arm-trusted-firmware	01610b0d32d746104dd4dacf179c65d69adaaf0a	plat/xilinx/versal_net/versal_net_ipi.c	41,42	PI2	https://github.com/worproject/arm-trusted-firmware/blob/01610b0d32d746104dd4dacf179c65d69adaaf0a/plat/xilinx/versal_net/versal_net_ipi.c#L41
worproject/arm-trusted-firmware	01610b0d32d746104dd4dacf179c65d69adaaf0a	plat/xilinx/versal/include/plat_ipi.h	61,62	PI2	https://github.com/worproject/arm-trusted-firmware/blob/01610b0d32d746104dd4dacf179c65d69adaaf0a/plat/xilinx/versal/include/plat_ipi.h#L61
worproject/arm-trusted-firmware	01610b0d32d746104dd4dacf179c65d69adaaf0a	plat/xilinx/versal/versal_ipi.c	42,43	PI2	https://github.com/worproject/arm-trusted-firmware/blob/01610b0d32d746104dd4dacf179c65d69adaaf0a/plat/xilinx/versal/versal_ipi.c#L42
worproject/arm-trusted-firmware	01610b0d32d746104dd4dacf179c65d69adaaf0a	readme.rst	5,19,23,38	Armv7	https://github.com/worproject/arm-trusted-firmware/blob/01610b0d32d746104dd4dacf179c65d69adaaf0a/readme.rst#L5
worproject/edk2	d7d4f09ff815794761f84d06e307001afe6376c4	ArmPkg/Drivers/ArmGic/GicV3/Arm/ArmGicV3.S	11	ARMv7	https://github.com/worproject/edk2/blob/d7d4f09ff815794761f84d06e307001afe6376c4/ArmPkg/Drivers/ArmGic/GicV3/Arm/ArmGicV3.S#L11
worproject/edk2	d7d4f09ff815794761f84d06e307001afe6376c4	ArmPkg/Include/Chipset/ArmCortexA9.h	12	ArmV7	https://github.com/worproject/edk2/blob/d7d4f09ff815794761f84d06e307001afe6376c4/ArmPkg/Include/Chipset/ArmCortexA9.h#L12
worproject/edk2	d7d4f09ff815794761f84d06e307001afe6376c4	ArmPkg/Include/Chipset/ArmV7.h	13	ArmV7	https://github.com/worproject/edk2/blob/d7d4f09ff815794761f84d06e307001afe6376c4/ArmPkg/Include/Chipset/ArmV7.h#L13
worproject/edk2	d7d4f09ff815794761f84d06e307001afe6376c4	ArmPkg/Include/Chipset/ArmV7Mmu.h	9,10,216	ARMV7	https://github.com/worproject/edk2/blob/d7d4f09ff815794761f84d06e307001afe6376c4/ArmPkg/Include/Chipset/ArmV7Mmu.h#L9
worproject/edk2	d7d4f09ff815794761f84d06e307001afe6376c4	ArmPkg/Include/Library/ArmLib.h	17	ArmV7	https://github.com/worproject/edk2/blob/d7d4f09ff815794761f84d06e307001afe6376c4/ArmPkg/Include/Library/ArmLib.h#L17
worproject/edk2	d7d4f09ff815794761f84d06e307001afe6376c4	ArmPkg/Library/ArmArchTimerLib/ArmArchTimerLib.c	51	ARMv7	https://github.com/worproject/edk2/blob/d7d4f09ff815794761f84d06e307001afe6376c4/ArmPkg/Library/ArmArchTimerLib/ArmArchTimerLib.c#L51
worproject/edk2	d7d4f09ff815794761f84d06e307001afe6376c4	ArmPkg/Library/ArmExceptionLib/Arm/ArmException.c	14	ArmV7	https://github.com/worproject/edk2/blob/d7d4f09ff815794761f84d06e307001afe6376c4/ArmPkg/Library/ArmExceptionLib/Arm/ArmException.c#L14
worproject/edk2	d7d4f09ff815794761f84d06e307001afe6376c4	ArmPkg/Library/ArmLib/Arm/ArmV7Lib.c	16,18,22,31,49,61,73	ArmV7	https://github.com/worproject/edk2/blob/d7d4f09ff815794761f84d06e307001afe6376c4/ArmPkg/Library/ArmLib/Arm/ArmV7Lib.c#L16
worproject/edk2	d7d4f09ff815794761f84d06e307001afe6376c4	ArmPkg/Library/ArmLib/Arm/ArmV7Lib.h	31	ArmV7	https://github.com/worproject/edk2/blob/d7d4f09ff815794761f84d06e307001afe6376c4/ArmPkg/Library/ArmLib/Arm/ArmV7Lib.h#L31
worproject/edk2	d7d4f09ff815794761f84d06e307001afe6376c4	ArmPkg/Library/ArmLib/Arm/ArmV7Support.S	174	ArmV7	https://github.com/worproject/edk2/blob/d7d4f09ff815794761f84d06e307001afe6376c4/ArmPkg/Library/ArmLib/Arm/ArmV7Support.S#L174
worproject/edk2	d7d4f09ff815794761f84d06e307001afe6376c4	ArmPkg/Library/ArmLib/ArmBaseLib.inf	25,26,30,31	ArmV7	https://github.com/worproject/edk2/blob/d7d4f09ff815794761f84d06e307001afe6376c4/ArmPkg/Library/ArmLib/ArmBaseLib.inf#L25
worproject/edk2	d7d4f09ff815794761f84d06e307001afe6376c4	ArmPkg/Library/ArmMmuLib/Arm/ArmMmuLibConvert.c	2,14	ARMv7;ArmV7	https://github.com/worproject/edk2/blob/d7d4f09ff815794761f84d06e307001afe6376c4/ArmPkg/Library/ArmMmuLib/Arm/ArmMmuLibConvert.c#L2
worproject/edk2	d7d4f09ff815794761f84d06e307001afe6376c4	ArmPkg/Library/ArmMmuLib/Arm/ArmMmuLibCore.c	2,11	ARMv7;ArmV7	https://github.com/worproject/edk2/blob/d7d4f09ff815794761f84d06e307001afe6376c4/ArmPkg/Library/ArmMmuLib/Arm/ArmMmuLibCore.c#L2
worproject/edk2	d7d4f09ff815794761f84d06e307001afe6376c4	ArmPkg/Library/ArmMmuLib/Arm/ArmMmuLibUpdate.c	2,20	ARMv7;ArmV7	https://github.com/worproject/edk2/blob/d7d4f09ff815794761f84d06e307001afe6376c4/ArmPkg/Library/ArmMmuLib/Arm/ArmMmuLibUpdate.c#L2
worproject/edk2	d7d4f09ff815794761f84d06e307001afe6376c4	ArmPkg/Library/SemihostLib/Arm/GccSemihost.S	15,16	ARMv7	https://github.com/worproject/edk2/blob/d7d4f09ff815794761f84d06e307001afe6376c4/ArmPkg/Library/SemihostLib/Arm/GccSemihost.S#L15
worproject/edk2	d7d4f09ff815794761f84d06e307001afe6376c4	ArmPkg/Universal/Smbios/ProcessorSubClassDxe/SmbiosProcessorArmCommon.c	217	ARMv7	https://github.com/worproject/edk2/blob/d7d4f09ff815794761f84d06e307001afe6376c4/ArmPkg/Universal/Smbios/ProcessorSubClassDxe/SmbiosProcessorArmCommon.c#L217
worproject/edk2	d7d4f09ff815794761f84d06e307001afe6376c4	ArmPlatformPkg/PrePi/Arm/ModuleEntryPoint.S	10	ArmV7	https://github.com/worproject/edk2/blob/d7d4f09ff815794761f84d06e307001afe6376c4/ArmPlatformPkg/PrePi/Arm/ModuleEntryPoint.S#L10
worproject/edk2	d7d4f09ff815794761f84d06e307001afe6376c4	ArmVirtPkg/Library/ArmVirtTimerFdtClientLib/ArmVirtTimerFdtClientLib.c	50	armv7	https://github.com/worproject/edk2/blob/d7d4f09ff815794761f84d06e307001afe6376c4/ArmVirtPkg/Library/ArmVirtTimerFdtClientLib/ArmVirtTimerFdtClientLib.c#L50
worproject/edk2	d7d4f09ff815794761f84d06e307001afe6376c4	BaseTools/Conf/tools_def.template	971,1108,1252,1403,1620,1967	armv7	https://github.com/worproject/edk2/blob/d7d4f09ff815794761f84d06e307001afe6376c4/BaseTools/Conf/tools_def.template#L971
worproject/edk2	d7d4f09ff815794761f84d06e307001afe6376c4	BaseTools/Scripts/efi_debugging.py	676	pi2	https://github.com/worproject/edk2/blob/d7d4f09ff815794761f84d06e307001afe6376c4/BaseTools/Scripts/efi_debugging.py#L676
worproject/edk2	d7d4f09ff815794761f84d06e307001afe6376c4	BaseTools/Source/C/GenFw/GenFw.c	30	pi2	https://github.com/worproject/edk2/blob/d7d4f09ff815794761f84d06e307001afe6376c4/BaseTools/Source/C/GenFw/GenFw.c#L30
worproject/edk2	d7d4f09ff815794761f84d06e307001afe6376c4	CryptoPkg/Library/OpensslLib/OpensslGen/IA32-GCC/crypto/aes/vpaes-x86.S	44	2836	https://github.com/worproject/edk2/blob/d7d4f09ff815794761f84d06e307001afe6376c4/CryptoPkg/Library/OpensslLib/OpensslGen/IA32-GCC/crypto/aes/vpaes-x86.S#L44
worproject/edk2	d7d4f09ff815794761f84d06e307001afe6376c4	CryptoPkg/Library/OpensslLib/OpensslGen/IA32-MSFT/crypto/aes/vpaes-x86.nasm	51	2836	https://github.com/worproject/edk2/blob/d7d4f09ff815794761f84d06e307001afe6376c4/CryptoPkg/Library/OpensslLib/OpensslGen/IA32-MSFT/crypto/aes/vpaes-x86.nasm#L51
worproject/edk2	d7d4f09ff815794761f84d06e307001afe6376c4	CryptoPkg/Library/OpensslLib/OpensslGen/X64-GCC/crypto/ec/ecp_nistz256-x86_64.s	883	2836	https://github.com/worproject/edk2/blob/d7d4f09ff815794761f84d06e307001afe6376c4/CryptoPkg/Library/OpensslLib/OpensslGen/X64-GCC/crypto/ec/ecp_nistz256-x86_64.s#L883
worproject/edk2	d7d4f09ff815794761f84d06e307001afe6376c4	CryptoPkg/Library/OpensslLib/OpensslGen/X64-GCC/crypto/modes/ghash-x86_64.s	1826	2836	https://github.com/worproject/edk2/blob/d7d4f09ff815794761f84d06e307001afe6376c4/CryptoPkg/Library/OpensslLib/OpensslGen/X64-GCC/crypto/modes/ghash-x86_64.s#L1826
worproject/edk2	d7d4f09ff815794761f84d06e307001afe6376c4	CryptoPkg/Library/OpensslLib/OpensslGen/X64-MSFT/crypto/ec/ecp_nistz256-x86_64.nasm	888	2836	https://github.com/worproject/edk2/blob/d7d4f09ff815794761f84d06e307001afe6376c4/CryptoPkg/Library/OpensslLib/OpensslGen/X64-MSFT/crypto/ec/ecp_nistz256-x86_64.nasm#L888
worproject/edk2	d7d4f09ff815794761f84d06e307001afe6376c4	CryptoPkg/Library/OpensslLib/OpensslGen/X64-MSFT/crypto/modes/ghash-x86_64.nasm	1907	2836	https://github.com/worproject/edk2/blob/d7d4f09ff815794761f84d06e307001afe6376c4/CryptoPkg/Library/OpensslLib/OpensslGen/X64-MSFT/crypto/modes/ghash-x86_64.nasm#L1907
worproject/edk2	d7d4f09ff815794761f84d06e307001afe6376c4	DynamicTablesPkg/Library/FdtHwInfoParserLib/GenericTimer/ArmGenericTimerParser.c	21	armv7	https://github.com/worproject/edk2/blob/d7d4f09ff815794761f84d06e307001afe6376c4/DynamicTablesPkg/Library/FdtHwInfoParserLib/GenericTimer/ArmGenericTimerParser.c#L21
worproject/edk2	d7d4f09ff815794761f84d06e307001afe6376c4	DynamicTablesPkg/Library/FdtHwInfoParserLib/Gic/ArmGicCParser.c	28	cortex-a7	https://github.com/worproject/edk2/blob/d7d4f09ff815794761f84d06e307001afe6376c4/DynamicTablesPkg/Library/FdtHwInfoParserLib/Gic/ArmGicCParser.c#L28
worproject/edk2	d7d4f09ff815794761f84d06e307001afe6376c4	MdeModulePkg/Core/Pei/PeiMain.inf	93	pi2	https://github.com/worproject/edk2/blob/d7d4f09ff815794761f84d06e307001afe6376c4/MdeModulePkg/Core/Pei/PeiMain.inf#L93
worproject/edk2	d7d4f09ff815794761f84d06e307001afe6376c4	MdeModulePkg/Universal/PCD/Pei/Pcd.c	357,378,406	pi2	https://github.com/worproject/edk2/blob/d7d4f09ff815794761f84d06e307001afe6376c4/MdeModulePkg/Universal/PCD/Pei/Pcd.c#L357
worproject/edk2	d7d4f09ff815794761f84d06e307001afe6376c4	MdePkg/Include/Guid/Acpi.h	38	pi2	https://github.com/worproject/edk2/blob/d7d4f09ff815794761f84d06e307001afe6376c4/MdePkg/Include/Guid/Acpi.h#L38
worproject/edk2	d7d4f09ff815794761f84d06e307001afe6376c4	MdePkg/Include/IndustryStandard/Acpi30.h	11	pi2	https://github.com/worproject/edk2/blob/d7d4f09ff815794761f84d06e307001afe6376c4/MdePkg/Include/IndustryStandard/Acpi30.h#L11
worproject/edk2	d7d4f09ff815794761f84d06e307001afe6376c4	MdePkg/Include/IndustryStandard/SmBios.h	745	ARMv7	https://github.com/worproject/edk2/blob/d7d4f09ff815794761f84d06e307001afe6376c4/MdePkg/Include/IndustryStandard/SmBios.h#L745
worproject/edk2	d7d4f09ff815794761f84d06e307001afe6376c4	MdePkg/Include/Library/UefiLib.h	1690,1699,1701,1702,1704,1730	pi2	https://github.com/worproject/edk2/blob/d7d4f09ff815794761f84d06e307001afe6376c4/MdePkg/Include/Library/UefiLib.h#L1690
worproject/edk2	d7d4f09ff815794761f84d06e307001afe6376c4	MdePkg/Library/BaseCpuLib/Arm/CpuSleep.asm	3,9	ARMv7	https://github.com/worproject/edk2/blob/d7d4f09ff815794761f84d06e307001afe6376c4/MdePkg/Library/BaseCpuLib/Arm/CpuSleep.asm#L3
worproject/edk2	d7d4f09ff815794761f84d06e307001afe6376c4	MdePkg/Library/BaseCpuLib/Arm/CpuSleep.S	3,9	ARMv7	https://github.com/worproject/edk2/blob/d7d4f09ff815794761f84d06e307001afe6376c4/MdePkg/Library/BaseCpuLib/Arm/CpuSleep.S#L3
worproject/edk2	d7d4f09ff815794761f84d06e307001afe6376c4	MdePkg/Library/BaseLib/AArch64/CpuBreakpoint.asm	30	Armv7	https://github.com/worproject/edk2/blob/d7d4f09ff815794761f84d06e307001afe6376c4/MdePkg/Library/BaseLib/AArch64/CpuBreakpoint.asm#L30
worproject/edk2	d7d4f09ff815794761f84d06e307001afe6376c4	MdePkg/Library/BaseLib/AArch64/CpuBreakpoint.S	31	Armv7	https://github.com/worproject/edk2/blob/d7d4f09ff815794761f84d06e307001afe6376c4/MdePkg/Library/BaseLib/AArch64/CpuBreakpoint.S#L31
worproject/edk2	d7d4f09ff815794761f84d06e307001afe6376c4	MdePkg/Library/BaseMemoryLibOptDxe/Arm/ScanMem.asm	10	ARMv7	https://github.com/worproject/edk2/blob/d7d4f09ff815794761f84d06e307001afe6376c4/MdePkg/Library/BaseMemoryLibOptDxe/Arm/ScanMem.asm#L10
worproject/edk2	d7d4f09ff815794761f84d06e307001afe6376c4	MdePkg/Library/BaseMemoryLibOptDxe/Arm/ScanMem.S	10	ARMv7	https://github.com/worproject/edk2/blob/d7d4f09ff815794761f84d06e307001afe6376c4/MdePkg/Library/BaseMemoryLibOptDxe/Arm/ScanMem.S#L10
worproject/edk2	d7d4f09ff815794761f84d06e307001afe6376c4	MdePkg/Library/UefiLib/Acpi.c	312,321,323,324,326,376,387,389,406	pi2	https://github.com/worproject/edk2/blob/d7d4f09ff815794761f84d06e307001afe6376c4/MdePkg/Library/UefiLib/Acpi.c#L312
worproject/edk2	d7d4f09ff815794761f84d06e307001afe6376c4	MdePkg/Library/UefiLib/UefiLib.inf	62	pi2	https://github.com/worproject/edk2/blob/d7d4f09ff815794761f84d06e307001afe6376c4/MdePkg/Library/UefiLib/UefiLib.inf#L62
worproject/edk2	d7d4f09ff815794761f84d06e307001afe6376c4	MdePkg/MdePkg.ci.yaml	144	pi2	https://github.com/worproject/edk2/blob/d7d4f09ff815794761f84d06e307001afe6376c4/MdePkg/MdePkg.ci.yaml#L144
worproject/edk2	d7d4f09ff815794761f84d06e307001afe6376c4	MdePkg/MdePkg.dec	383	pi2	https://github.com/worproject/edk2/blob/d7d4f09ff815794761f84d06e307001afe6376c4/MdePkg/MdePkg.dec#L383
worproject/edk2	d7d4f09ff815794761f84d06e307001afe6376c4	OvmfPkg/Library/QemuBootOrderLib/ExtraRootBusMap.c	58,61,63,64	pi2	https://github.com/worproject/edk2/blob/d7d4f09ff815794761f84d06e307001afe6376c4/OvmfPkg/Library/QemuBootOrderLib/ExtraRootBusMap.c#L58
worproject/edk2	d7d4f09ff815794761f84d06e307001afe6376c4	RedfishPkg/Documents/Media/PlatformWihtBmcLibrary.svg	222,229	2836	https://github.com/worproject/edk2/blob/d7d4f09ff815794761f84d06e307001afe6376c4/RedfishPkg/Documents/Media/PlatformWihtBmcLibrary.svg#L222
worproject/edk2	d7d4f09ff815794761f84d06e307001afe6376c4	ShellPkg/Library/UefiShellCommandLib/ConsistMapping.c	355,362,363,367	pi2	https://github.com/worproject/edk2/blob/d7d4f09ff815794761f84d06e307001afe6376c4/ShellPkg/Library/UefiShellCommandLib/ConsistMapping.c#L355
worproject/edk2	d7d4f09ff815794761f84d06e307001afe6376c4	ShellPkg/Library/UefiShellDebug1CommandsLib/Dmem.c	113,189,207,208,294	pi2	https://github.com/worproject/edk2/blob/d7d4f09ff815794761f84d06e307001afe6376c4/ShellPkg/Library/UefiShellDebug1CommandsLib/Dmem.c#L113
worproject/edk2	d7d4f09ff815794761f84d06e307001afe6376c4	ShellPkg/Library/UefiShellDebug1CommandsLib/SmbiosView/PrintInfo.c	2554	ARMv7	https://github.com/worproject/edk2/blob/d7d4f09ff815794761f84d06e307001afe6376c4/ShellPkg/Library/UefiShellDebug1CommandsLib/SmbiosView/PrintInfo.c#L2554
worproject/edk2	d7d4f09ff815794761f84d06e307001afe6376c4	ShellPkg/Library/UefiShellDebug1CommandsLib/UefiShellDebug1CommandsLib.inf	132	pi2	https://github.com/worproject/edk2/blob/d7d4f09ff815794761f84d06e307001afe6376c4/ShellPkg/Library/UefiShellDebug1CommandsLib/UefiShellDebug1CommandsLib.inf#L132
worproject/edk2	d7d4f09ff815794761f84d06e307001afe6376c4	StandaloneMmPkg/StandaloneMmPkg.dsc	139	armv7	https://github.com/worproject/edk2/blob/d7d4f09ff815794761f84d06e307001afe6376c4/StandaloneMmPkg/StandaloneMmPkg.dsc#L139
worproject/edk2	d7d4f09ff815794761f84d06e307001afe6376c4	UefiCpuPkg/Library/MtrrLib/UnitTest/RandomNumber.c	157,216,223,1098,1296,1629,2368,2677,2807,2856,2904,3109,3285,3444,3540,3612,4107,4109,4289,4484	2836	https://github.com/worproject/edk2/blob/d7d4f09ff815794761f84d06e307001afe6376c4/UefiCpuPkg/Library/MtrrLib/UnitTest/RandomNumber.c#L157
worproject/edk2	d7d4f09ff815794761f84d06e307001afe6376c4	UefiCpuPkg/Library/SmmCpuFeaturesLib/SmmCpuFeaturesLibStm.inf	65	pi2	https://github.com/worproject/edk2/blob/d7d4f09ff815794761f84d06e307001afe6376c4/UefiCpuPkg/Library/SmmCpuFeaturesLib/SmmCpuFeaturesLibStm.inf#L65
worproject/edk2	d7d4f09ff815794761f84d06e307001afe6376c4	UefiCpuPkg/Library/SmmCpuFeaturesLib/SmmStm.c	374	pi2	https://github.com/worproject/edk2/blob/d7d4f09ff815794761f84d06e307001afe6376c4/UefiCpuPkg/Library/SmmCpuFeaturesLib/SmmStm.c#L374
worproject/edk2-platforms	8e1779b538bcc1e6dc68d7df625394f933651d7a	Platform/AMD/VanGoghBoard/ChachaniBoardPkg/Acpi/AcpiTables/Facs/Facs.h	4	pi2	https://github.com/worproject/edk2-platforms/blob/8e1779b538bcc1e6dc68d7df625394f933651d7a/Platform/AMD/VanGoghBoard/ChachaniBoardPkg/Acpi/AcpiTables/Facs/Facs.h#L4
worproject/edk2-platforms	8e1779b538bcc1e6dc68d7df625394f933651d7a	Platform/AMD/VanGoghBoard/ChachaniBoardPkg/Acpi/AcpiTables/Madt/Madt.h	5	pi2	https://github.com/worproject/edk2-platforms/blob/8e1779b538bcc1e6dc68d7df625394f933651d7a/Platform/AMD/VanGoghBoard/ChachaniBoardPkg/Acpi/AcpiTables/Madt/Madt.h#L5
worproject/edk2-platforms	8e1779b538bcc1e6dc68d7df625394f933651d7a	Platform/AMD/VanGoghBoard/ChachaniBoardPkg/Acpi/AcpiTables/Mcfg/Mcfg.h	5	pi2	https://github.com/worproject/edk2-platforms/blob/8e1779b538bcc1e6dc68d7df625394f933651d7a/Platform/AMD/VanGoghBoard/ChachaniBoardPkg/Acpi/AcpiTables/Mcfg/Mcfg.h#L5
worproject/edk2-platforms	8e1779b538bcc1e6dc68d7df625394f933651d7a	Platform/AMD/VanGoghBoard/ChachaniBoardPkg/Conf/tools_def.txt	4727,4735,4867,4875,5027,5160,5322	armv7	https://github.com/worproject/edk2-platforms/blob/8e1779b538bcc1e6dc68d7df625394f933651d7a/Platform/AMD/VanGoghBoard/ChachaniBoardPkg/Conf/tools_def.txt#L4727
worproject/edk2-platforms	8e1779b538bcc1e6dc68d7df625394f933651d7a	Platform/AMD/VanGoghBoard/Override/edk2/MdeModulePkg/Universal/PCD/Pei/Pcd.c	381,402,430	pi2	https://github.com/worproject/edk2-platforms/blob/8e1779b538bcc1e6dc68d7df625394f933651d7a/Platform/AMD/VanGoghBoard/Override/edk2/MdeModulePkg/Universal/PCD/Pei/Pcd.c#L381
worproject/edk2-platforms	8e1779b538bcc1e6dc68d7df625394f933651d7a	Platform/ARM/JunoPkg/ConfigurationManager/ConfigurationManagerDxe/ConfigurationManager.h	155	Cortex-A7	https://github.com/worproject/edk2-platforms/blob/8e1779b538bcc1e6dc68d7df625394f933651d7a/Platform/ARM/JunoPkg/ConfigurationManager/ConfigurationManagerDxe/ConfigurationManager.h#L155
worproject/edk2-platforms	8e1779b538bcc1e6dc68d7df625394f933651d7a	Platform/ARM/JunoPkg/SmbiosPlatformDxe/SmbiosPlatformDxe.c	53	Cortex-A7	https://github.com/worproject/edk2-platforms/blob/8e1779b538bcc1e6dc68d7df625394f933651d7a/Platform/ARM/JunoPkg/SmbiosPlatformDxe/SmbiosPlatformDxe.c#L53
worproject/edk2-platforms	8e1779b538bcc1e6dc68d7df625394f933651d7a	Platform/ARM/SgiPkg/AcpiTables/RdN1Edge/Dsdt.asl	70	PI2	https://github.com/worproject/edk2-platforms/blob/8e1779b538bcc1e6dc68d7df625394f933651d7a/Platform/ARM/SgiPkg/AcpiTables/RdN1Edge/Dsdt.asl#L70
worproject/edk2-platforms	8e1779b538bcc1e6dc68d7df625394f933651d7a	Platform/ARM/SgiPkg/AcpiTables/RdN1EdgeX2/Dsdt.asl	72	PI2	https://github.com/worproject/edk2-platforms/blob/8e1779b538bcc1e6dc68d7df625394f933651d7a/Platform/ARM/SgiPkg/AcpiTables/RdN1EdgeX2/Dsdt.asl#L72
worproject/edk2-platforms	8e1779b538bcc1e6dc68d7df625394f933651d7a	Platform/ARM/SgiPkg/AcpiTables/Sgi575/Dsdt.asl	69	PI2	https://github.com/worproject/edk2-platforms/blob/8e1779b538bcc1e6dc68d7df625394f933651d7a/Platform/ARM/SgiPkg/AcpiTables/Sgi575/Dsdt.asl#L69
worproject/edk2-platforms	8e1779b538bcc1e6dc68d7df625394f933651d7a	Platform/ARM/SgiPkg/Drivers/SmbiosPlatformDxe/Type4ProcessorInformation.c	37	Cortex-A7	https://github.com/worproject/edk2-platforms/blob/8e1779b538bcc1e6dc68d7df625394f933651d7a/Platform/ARM/SgiPkg/Drivers/SmbiosPlatformDxe/Type4ProcessorInformation.c#L37
worproject/edk2-platforms	8e1779b538bcc1e6dc68d7df625394f933651d7a	Platform/ARM/VExpressPkg/DeviceTree/fvp-base-gicv2-psci.dts	217	armv7	https://github.com/worproject/edk2-platforms/blob/8e1779b538bcc1e6dc68d7df625394f933651d7a/Platform/ARM/VExpressPkg/DeviceTree/fvp-base-gicv2-psci.dts#L217
worproject/edk2-platforms	8e1779b538bcc1e6dc68d7df625394f933651d7a	Platform/ARM/VExpressPkg/DeviceTree/fvp-base-gicv2legacy-psci.dts	217	armv7	https://github.com/worproject/edk2-platforms/blob/8e1779b538bcc1e6dc68d7df625394f933651d7a/Platform/ARM/VExpressPkg/DeviceTree/fvp-base-gicv2legacy-psci.dts#L217
worproject/edk2-platforms	8e1779b538bcc1e6dc68d7df625394f933651d7a	Platform/ARM/VExpressPkg/DeviceTree/fvp-base-gicv3-psci.dts	224	armv7	https://github.com/worproject/edk2-platforms/blob/8e1779b538bcc1e6dc68d7df625394f933651d7a/Platform/ARM/VExpressPkg/DeviceTree/fvp-base-gicv3-psci.dts#L224
worproject/edk2-platforms	8e1779b538bcc1e6dc68d7df625394f933651d7a	Platform/ARM/VExpressPkg/DeviceTree/fvp-foundation-gicv2-psci.dts	170	armv7	https://github.com/worproject/edk2-platforms/blob/8e1779b538bcc1e6dc68d7df625394f933651d7a/Platform/ARM/VExpressPkg/DeviceTree/fvp-foundation-gicv2-psci.dts#L170
worproject/edk2-platforms	8e1779b538bcc1e6dc68d7df625394f933651d7a	Platform/ARM/VExpressPkg/DeviceTree/fvp-foundation-gicv2legacy-psci.dts	170	armv7	https://github.com/worproject/edk2-platforms/blob/8e1779b538bcc1e6dc68d7df625394f933651d7a/Platform/ARM/VExpressPkg/DeviceTree/fvp-foundation-gicv2legacy-psci.dts#L170
worproject/edk2-platforms	8e1779b538bcc1e6dc68d7df625394f933651d7a	Platform/ARM/VExpressPkg/DeviceTree/fvp-foundation-gicv3-psci.dts	177	armv7	https://github.com/worproject/edk2-platforms/blob/8e1779b538bcc1e6dc68d7df625394f933651d7a/Platform/ARM/VExpressPkg/DeviceTree/fvp-foundation-gicv3-psci.dts#L177
worproject/edk2-platforms	8e1779b538bcc1e6dc68d7df625394f933651d7a	Platform/BeagleBoard/BeagleBoardPkg/Library/BeagleBoardLib/PadConfiguration.c	228,229,230,231,232	PI2	https://github.com/worproject/edk2-platforms/blob/8e1779b538bcc1e6dc68d7df625394f933651d7a/Platform/BeagleBoard/BeagleBoardPkg/Library/BeagleBoardLib/PadConfiguration.c#L228
worproject/edk2-platforms	8e1779b538bcc1e6dc68d7df625394f933651d7a	Platform/BeagleBoard/BeagleBoardPkg/PrePi/Arm/ModuleEntryPoint.asm	9	ArmV7	https://github.com/worproject/edk2-platforms/blob/8e1779b538bcc1e6dc68d7df625394f933651d7a/Platform/BeagleBoard/BeagleBoardPkg/PrePi/Arm/ModuleEntryPoint.asm#L9
worproject/edk2-platforms	8e1779b538bcc1e6dc68d7df625394f933651d7a	Platform/BeagleBoard/BeagleBoardPkg/PrePi/Arm/ModuleEntryPoint.S	10	ArmV7	https://github.com/worproject/edk2-platforms/blob/8e1779b538bcc1e6dc68d7df625394f933651d7a/Platform/BeagleBoard/BeagleBoardPkg/PrePi/Arm/ModuleEntryPoint.S#L10
worproject/edk2-platforms	8e1779b538bcc1e6dc68d7df625394f933651d7a	Platform/Intel/CometlakeOpenBoardPkg/Acpi/BoardAcpiDxe/Dsdt/PciTree.asl	50	PI2	https://github.com/worproject/edk2-platforms/blob/8e1779b538bcc1e6dc68d7df625394f933651d7a/Platform/Intel/CometlakeOpenBoardPkg/Acpi/BoardAcpiDxe/Dsdt/PciTree.asl#L50
worproject/edk2-platforms	8e1779b538bcc1e6dc68d7df625394f933651d7a	Platform/Intel/CometlakeOpenBoardPkg/FspWrapper/Library/PeiFspPolicyInitLib/PeiFspCpuPolicyInitLib.c	147	pi2	https://github.com/worproject/edk2-platforms/blob/8e1779b538bcc1e6dc68d7df625394f933651d7a/Platform/Intel/CometlakeOpenBoardPkg/FspWrapper/Library/PeiFspPolicyInitLib/PeiFspCpuPolicyInitLib.c#L147
worproject/edk2-platforms	8e1779b538bcc1e6dc68d7df625394f933651d7a	Platform/Intel/CometlakeOpenBoardPkg/FspWrapper/Library/PeiFspPolicyInitLib/PeiFspPchPolicyInitLib.c	577,578	pi2	https://github.com/worproject/edk2-platforms/blob/8e1779b538bcc1e6dc68d7df625394f933651d7a/Platform/Intel/CometlakeOpenBoardPkg/FspWrapper/Library/PeiFspPolicyInitLib/PeiFspPchPolicyInitLib.c#L577
worproject/edk2-platforms	8e1779b538bcc1e6dc68d7df625394f933651d7a	Platform/Intel/KabylakeOpenBoardPkg/GalagoPro3/Library/BoardInitLib/GalagoPro3GpioTable.c	94	PI2	https://github.com/worproject/edk2-platforms/blob/8e1779b538bcc1e6dc68d7df625394f933651d7a/Platform/Intel/KabylakeOpenBoardPkg/GalagoPro3/Library/BoardInitLib/GalagoPro3GpioTable.c#L94
worproject/edk2-platforms	8e1779b538bcc1e6dc68d7df625394f933651d7a	Platform/Intel/KabylakeOpenBoardPkg/Library/PeiSerialPortLibSpiFlash/PeiSerialPortLibSpiFlash.c	11,27,31,37,40,43,49,70,92,93,99,100,119,120	PI2;pi2	https://github.com/worproject/edk2-platforms/blob/8e1779b538bcc1e6dc68d7df625394f933651d7a/Platform/Intel/KabylakeOpenBoardPkg/Library/PeiSerialPortLibSpiFlash/PeiSerialPortLibSpiFlash.c#L11
worproject/edk2-platforms	8e1779b538bcc1e6dc68d7df625394f933651d7a	Platform/Intel/KabylakeOpenBoardPkg/Library/PeiSerialPortLibSpiFlash/PeiSerialPortLibSpiFlash.inf	43	pi2	https://github.com/worproject/edk2-platforms/blob/8e1779b538bcc1e6dc68d7df625394f933651d7a/Platform/Intel/KabylakeOpenBoardPkg/Library/PeiSerialPortLibSpiFlash/PeiSerialPortLibSpiFlash.inf#L43
worproject/edk2-platforms	8e1779b538bcc1e6dc68d7df625394f933651d7a	Platform/Intel/MinPlatformPkg/Test/Library/TestPointCheckLib/DxeCheckAcpi.c	782,815,826,855	pi2	https://github.com/worproject/edk2-platforms/blob/8e1779b538bcc1e6dc68d7df625394f933651d7a/Platform/Intel/MinPlatformPkg/Test/Library/TestPointCheckLib/DxeCheckAcpi.c#L782
worproject/edk2-platforms	8e1779b538bcc1e6dc68d7df625394f933651d7a	Platform/Intel/MinPlatformPkg/Test/Library/TestPointCheckLib/DxeTestPointCheckLib.inf	78	pi2	https://github.com/worproject/edk2-platforms/blob/8e1779b538bcc1e6dc68d7df625394f933651d7a/Platform/Intel/MinPlatformPkg/Test/Library/TestPointCheckLib/DxeTestPointCheckLib.inf#L78
worproject/edk2-platforms	8e1779b538bcc1e6dc68d7df625394f933651d7a	Platform/Intel/QuarkPlatformPkg/Acpi/AcpiTables/Facs/Facs.h	3	pi2	https://github.com/worproject/edk2-platforms/blob/8e1779b538bcc1e6dc68d7df625394f933651d7a/Platform/Intel/QuarkPlatformPkg/Acpi/AcpiTables/Facs/Facs.h#L3
worproject/edk2-platforms	8e1779b538bcc1e6dc68d7df625394f933651d7a	Platform/Intel/QuarkPlatformPkg/Acpi/AcpiTables/Fadt/Fadt.h	3	pi2	https://github.com/worproject/edk2-platforms/blob/8e1779b538bcc1e6dc68d7df625394f933651d7a/Platform/Intel/QuarkPlatformPkg/Acpi/AcpiTables/Fadt/Fadt.h#L3
worproject/edk2-platforms	8e1779b538bcc1e6dc68d7df625394f933651d7a	Platform/Intel/QuarkPlatformPkg/Acpi/AcpiTables/Fadt/Fadt1.0.aslc	3	pi2	https://github.com/worproject/edk2-platforms/blob/8e1779b538bcc1e6dc68d7df625394f933651d7a/Platform/Intel/QuarkPlatformPkg/Acpi/AcpiTables/Fadt/Fadt1.0.aslc#L3
worproject/edk2-platforms	8e1779b538bcc1e6dc68d7df625394f933651d7a	Platform/Intel/QuarkPlatformPkg/Acpi/AcpiTables/Fadt/Fadt2.0.aslc	3	pi2	https://github.com/worproject/edk2-platforms/blob/8e1779b538bcc1e6dc68d7df625394f933651d7a/Platform/Intel/QuarkPlatformPkg/Acpi/AcpiTables/Fadt/Fadt2.0.aslc#L3
worproject/edk2-platforms	8e1779b538bcc1e6dc68d7df625394f933651d7a	Platform/Intel/QuarkPlatformPkg/Acpi/AcpiTables/Hpet/Hpet.h	3	pi2	https://github.com/worproject/edk2-platforms/blob/8e1779b538bcc1e6dc68d7df625394f933651d7a/Platform/Intel/QuarkPlatformPkg/Acpi/AcpiTables/Hpet/Hpet.h#L3
worproject/edk2-platforms	8e1779b538bcc1e6dc68d7df625394f933651d7a	Platform/Intel/QuarkPlatformPkg/Acpi/AcpiTables/Mcfg/Mcfg.h	4	pi2	https://github.com/worproject/edk2-platforms/blob/8e1779b538bcc1e6dc68d7df625394f933651d7a/Platform/Intel/QuarkPlatformPkg/Acpi/AcpiTables/Mcfg/Mcfg.h#L4
worproject/edk2-platforms	8e1779b538bcc1e6dc68d7df625394f933651d7a	Platform/Intel/QuarkPlatformPkg/Acpi/Dxe/AcpiPlatform/Madt.h	4	pi2	https://github.com/worproject/edk2-platforms/blob/8e1779b538bcc1e6dc68d7df625394f933651d7a/Platform/Intel/QuarkPlatformPkg/Acpi/Dxe/AcpiPlatform/Madt.h#L4
worproject/edk2-platforms	8e1779b538bcc1e6dc68d7df625394f933651d7a	Platform/Intel/Vlv2TbltDevicePkg/AcpiPlatform/AcpiPlatform.h	40	pi2	https://github.com/worproject/edk2-platforms/blob/8e1779b538bcc1e6dc68d7df625394f933651d7a/Platform/Intel/Vlv2TbltDevicePkg/AcpiPlatform/AcpiPlatform.h#L40
worproject/edk2-platforms	8e1779b538bcc1e6dc68d7df625394f933651d7a	Platform/Intel/Vlv2TbltDevicePkg/AcpiPlatform/Osfr.h	26	pi2	https://github.com/worproject/edk2-platforms/blob/8e1779b538bcc1e6dc68d7df625394f933651d7a/Platform/Intel/Vlv2TbltDevicePkg/AcpiPlatform/Osfr.h#L26
worproject/edk2-platforms	8e1779b538bcc1e6dc68d7df625394f933651d7a	Platform/Intel/Vlv2TbltDevicePkg/Include/AlertStandardFormatTable.h	23	pi2	https://github.com/worproject/edk2-platforms/blob/8e1779b538bcc1e6dc68d7df625394f933651d7a/Platform/Intel/Vlv2TbltDevicePkg/Include/AlertStandardFormatTable.h#L23
worproject/edk2-platforms	8e1779b538bcc1e6dc68d7df625394f933651d7a	Platform/Intel/Vlv2TbltDevicePkg/Include/Hpet.h	27	pi2	https://github.com/worproject/edk2-platforms/blob/8e1779b538bcc1e6dc68d7df625394f933651d7a/Platform/Intel/Vlv2TbltDevicePkg/Include/Hpet.h#L27
worproject/edk2-platforms	8e1779b538bcc1e6dc68d7df625394f933651d7a	Platform/Intel/Vlv2TbltDevicePkg/Include/Mcfg.h	28	pi2	https://github.com/worproject/edk2-platforms/blob/8e1779b538bcc1e6dc68d7df625394f933651d7a/Platform/Intel/Vlv2TbltDevicePkg/Include/Mcfg.h#L28
worproject/edk2-platforms	8e1779b538bcc1e6dc68d7df625394f933651d7a	Platform/Intel/Vlv2TbltDevicePkg/PlatformSetupDxe/VfrStrings.uni	377	PI2	https://github.com/worproject/edk2-platforms/blob/8e1779b538bcc1e6dc68d7df625394f933651d7a/Platform/Intel/Vlv2TbltDevicePkg/PlatformSetupDxe/VfrStrings.uni#L377
worproject/edk2-platforms	8e1779b538bcc1e6dc68d7df625394f933651d7a	Platform/Intel/WhiskeylakeOpenBoardPkg/Acpi/BoardAcpiDxe/Dsdt/PciTree.asl	50	PI2	https://github.com/worproject/edk2-platforms/blob/8e1779b538bcc1e6dc68d7df625394f933651d7a/Platform/Intel/WhiskeylakeOpenBoardPkg/Acpi/BoardAcpiDxe/Dsdt/PciTree.asl#L50
worproject/edk2-platforms	8e1779b538bcc1e6dc68d7df625394f933651d7a	Platform/Intel/WhiskeylakeOpenBoardPkg/FspWrapper/Library/PeiFspPolicyInitLib/PeiFspCpuPolicyInitLib.c	148	pi2	https://github.com/worproject/edk2-platforms/blob/8e1779b538bcc1e6dc68d7df625394f933651d7a/Platform/Intel/WhiskeylakeOpenBoardPkg/FspWrapper/Library/PeiFspPolicyInitLib/PeiFspCpuPolicyInitLib.c#L148
worproject/edk2-platforms	8e1779b538bcc1e6dc68d7df625394f933651d7a	Platform/Intel/WhiskeylakeOpenBoardPkg/UpXtreme/FspWrapper/Library/PeiSiliconPolicyUpdateLibFsp/PeiPchPolicyUpdate.c	29,34	PI2	https://github.com/worproject/edk2-platforms/blob/8e1779b538bcc1e6dc68d7df625394f933651d7a/Platform/Intel/WhiskeylakeOpenBoardPkg/UpXtreme/FspWrapper/Library/PeiSiliconPolicyUpdateLibFsp/PeiPchPolicyUpdate.c#L29
worproject/edk2-platforms	8e1779b538bcc1e6dc68d7df625394f933651d7a	Platform/Intel/WhitleyOpenBoardPkg/Features/Acpi/AcpiTables/Dsdt/PlatformPciTree10nm_EPRP.asi	616,1039,1889,2990,3657,4991	PI2	https://github.com/worproject/edk2-platforms/blob/8e1779b538bcc1e6dc68d7df625394f933651d7a/Platform/Intel/WhitleyOpenBoardPkg/Features/Acpi/AcpiTables/Dsdt/PlatformPciTree10nm_EPRP.asi#L616
worproject/edk2-platforms	8e1779b538bcc1e6dc68d7df625394f933651d7a	Platform/Intel/WhitleyOpenBoardPkg/Include/Acpi/Facs.h	4	pi2	https://github.com/worproject/edk2-platforms/blob/8e1779b538bcc1e6dc68d7df625394f933651d7a/Platform/Intel/WhitleyOpenBoardPkg/Include/Acpi/Facs.h#L4
worproject/edk2-platforms	8e1779b538bcc1e6dc68d7df625394f933651d7a	Platform/Intel/WhitleyOpenBoardPkg/Include/Acpi/Fadt.h	3	pi2	https://github.com/worproject/edk2-platforms/blob/8e1779b538bcc1e6dc68d7df625394f933651d7a/Platform/Intel/WhitleyOpenBoardPkg/Include/Acpi/Fadt.h#L3
worproject/edk2-platforms	8e1779b538bcc1e6dc68d7df625394f933651d7a	Platform/Intel/WhitleyOpenBoardPkg/Include/Acpi/Hpet.h	3	pi2	https://github.com/worproject/edk2-platforms/blob/8e1779b538bcc1e6dc68d7df625394f933651d7a/Platform/Intel/WhitleyOpenBoardPkg/Include/Acpi/Hpet.h#L3
worproject/edk2-platforms	8e1779b538bcc1e6dc68d7df625394f933651d7a	Platform/Intel/WhitleyOpenBoardPkg/Include/Acpi/Madt.h	4	pi2	https://github.com/worproject/edk2-platforms/blob/8e1779b538bcc1e6dc68d7df625394f933651d7a/Platform/Intel/WhitleyOpenBoardPkg/Include/Acpi/Madt.h#L4
worproject/edk2-platforms	8e1779b538bcc1e6dc68d7df625394f933651d7a	Platform/Intel/WhitleyOpenBoardPkg/Include/Acpi/Msct.h	3	pi2	https://github.com/worproject/edk2-platforms/blob/8e1779b538bcc1e6dc68d7df625394f933651d7a/Platform/Intel/WhitleyOpenBoardPkg/Include/Acpi/Msct.h#L3
worproject/edk2-platforms	8e1779b538bcc1e6dc68d7df625394f933651d7a	Platform/Intel/WhitleyOpenBoardPkg/Include/Acpi/Spcr.h	3	pi2	https://github.com/worproject/edk2-platforms/blob/8e1779b538bcc1e6dc68d7df625394f933651d7a/Platform/Intel/WhitleyOpenBoardPkg/Include/Acpi/Spcr.h#L3
worproject/edk2-platforms	8e1779b538bcc1e6dc68d7df625394f933651d7a	Platform/Intel/WhitleyOpenBoardPkg/Include/Acpi/Wddt.h	4	pi2	https://github.com/worproject/edk2-platforms/blob/8e1779b538bcc1e6dc68d7df625394f933651d7a/Platform/Intel/WhitleyOpenBoardPkg/Include/Acpi/Wddt.h#L4
worproject/edk2-platforms	8e1779b538bcc1e6dc68d7df625394f933651d7a	Platform/Intel/WhitleyOpenBoardPkg/StructurePcd.dsc	8317,8318,8319,8320,8321,8322,8323,8324	PI2	https://github.com/worproject/edk2-platforms/blob/8e1779b538bcc1e6dc68d7df625394f933651d7a/Platform/Intel/WhitleyOpenBoardPkg/StructurePcd.dsc#L8317
worproject/edk2-platforms	8e1779b538bcc1e6dc68d7df625394f933651d7a	Platform/RaspberryPi/AcpiTables/AcpiTables.h	25,115,116,117,118,119,120,121,122,123,124,125,126,131,132,133,134,135,136,137,138,140,141,142,143,144,145,146,147,148,149,150,151,156,157,158,159,160,161,162,163	BCM2836;PI2	https://github.com/worproject/edk2-platforms/blob/8e1779b538bcc1e6dc68d7df625394f933651d7a/Platform/RaspberryPi/AcpiTables/AcpiTables.h#L25
worproject/edk2-platforms	8e1779b538bcc1e6dc68d7df625394f933651d7a	Platform/RaspberryPi/AcpiTables/Csrt.aslc	13,141,142,143	BCM2836;Bcm2836	https://github.com/worproject/edk2-platforms/blob/8e1779b538bcc1e6dc68d7df625394f933651d7a/Platform/RaspberryPi/AcpiTables/Csrt.aslc#L13
worproject/edk2-platforms	8e1779b538bcc1e6dc68d7df625394f933651d7a	Platform/RaspberryPi/AcpiTables/Dbg2MiniUart.aslc	13,23,24	BCM2836;Bcm2836	https://github.com/worproject/edk2-platforms/blob/8e1779b538bcc1e6dc68d7df625394f933651d7a/Platform/RaspberryPi/AcpiTables/Dbg2MiniUart.aslc#L13
worproject/edk2-platforms	8e1779b538bcc1e6dc68d7df625394f933651d7a	Platform/RaspberryPi/AcpiTables/Dbg2Pl011.aslc	13,23,24	BCM2836;Bcm2836	https://github.com/worproject/edk2-platforms/blob/8e1779b538bcc1e6dc68d7df625394f933651d7a/Platform/RaspberryPi/AcpiTables/Dbg2Pl011.aslc#L13
worproject/edk2-platforms	8e1779b538bcc1e6dc68d7df625394f933651d7a	Platform/RaspberryPi/AcpiTables/Dsdt.asl	15,16,17,18,19,20,38,51,154,157,158,159,160,161,162,163,166,169,175,176,179,180,181,184,185,186,187,188,191,192	BCM2836;Bcm2836;PI2	https://github.com/worproject/edk2-platforms/blob/8e1779b538bcc1e6dc68d7df625394f933651d7a/Platform/RaspberryPi/AcpiTables/Dsdt.asl#L15
worproject/edk2-platforms	8e1779b538bcc1e6dc68d7df625394f933651d7a	Platform/RaspberryPi/AcpiTables/Emmc.asl	9,10,106	BCM2836;Bcm2836	https://github.com/worproject/edk2-platforms/blob/8e1779b538bcc1e6dc68d7df625394f933651d7a/Platform/RaspberryPi/AcpiTables/Emmc.asl#L9
worproject/edk2-platforms	8e1779b538bcc1e6dc68d7df625394f933651d7a	Platform/RaspberryPi/AcpiTables/GpuDevs.asl	29,30,34,53,54,57,59,62,63,66,67,70,71,74,75,77,79,87,88,89,90,91,156,157,162,181,182,187,246,247,252,270,271,276,294,295,303,321,322,329,334,335,350,351,371,373,375,377,379,381,388,389,390	BCM2836;PI2	https://github.com/worproject/edk2-platforms/blob/8e1779b538bcc1e6dc68d7df625394f933651d7a/Platform/RaspberryPi/AcpiTables/GpuDevs.asl#L29
worproject/edk2-platforms	8e1779b538bcc1e6dc68d7df625394f933651d7a	Platform/RaspberryPi/AcpiTables/Sdhc.asl	13,14,40,95	BCM2836;Bcm2836	https://github.com/worproject/edk2-platforms/blob/8e1779b538bcc1e6dc68d7df625394f933651d7a/Platform/RaspberryPi/AcpiTables/Sdhc.asl#L13
worproject/edk2-platforms	8e1779b538bcc1e6dc68d7df625394f933651d7a	Platform/RaspberryPi/AcpiTables/SpcrMiniUart.aslc	12,22,23	BCM2836;Bcm2836	https://github.com/worproject/edk2-platforms/blob/8e1779b538bcc1e6dc68d7df625394f933651d7a/Platform/RaspberryPi/AcpiTables/SpcrMiniUart.aslc#L12
worproject/edk2-platforms	8e1779b538bcc1e6dc68d7df625394f933651d7a	Platform/RaspberryPi/AcpiTables/SpcrPl011.aslc	12,22,23	BCM2836;Bcm2836	https://github.com/worproject/edk2-platforms/blob/8e1779b538bcc1e6dc68d7df625394f933651d7a/Platform/RaspberryPi/AcpiTables/SpcrPl011.aslc#L12
worproject/edk2-platforms	8e1779b538bcc1e6dc68d7df625394f933651d7a	Platform/RaspberryPi/AcpiTables/SsdtThermal.asl	12,13	Bcm2836	https://github.com/worproject/edk2-platforms/blob/8e1779b538bcc1e6dc68d7df625394f933651d7a/Platform/RaspberryPi/AcpiTables/SsdtThermal.asl#L12
worproject/edk2-platforms	8e1779b538bcc1e6dc68d7df625394f933651d7a	Platform/RaspberryPi/AcpiTables/Uart.asl	14,31,32,36,61,62,71,72,77	BCM2836;Bcm2836	https://github.com/worproject/edk2-platforms/blob/8e1779b538bcc1e6dc68d7df625394f933651d7a/Platform/RaspberryPi/AcpiTables/Uart.asl#L14
worproject/edk2-platforms	8e1779b538bcc1e6dc68d7df625394f933651d7a	Platform/RaspberryPi/Drivers/ArasanMmcHostDxe/ArasanMmcHostDxe.h	30,31	Bcm2836	https://github.com/worproject/edk2-platforms/blob/8e1779b538bcc1e6dc68d7df625394f933651d7a/Platform/RaspberryPi/Drivers/ArasanMmcHostDxe/ArasanMmcHostDxe.h#L30
worproject/edk2-platforms	8e1779b538bcc1e6dc68d7df625394f933651d7a	Platform/RaspberryPi/Drivers/ConfigDxe/ConfigDxe.c	12,13,508	BCM2836;Bcm2836	https://github.com/worproject/edk2-platforms/blob/8e1779b538bcc1e6dc68d7df625394f933651d7a/Platform/RaspberryPi/Drivers/ConfigDxe/ConfigDxe.c#L12
worproject/edk2-platforms	8e1779b538bcc1e6dc68d7df625394f933651d7a	Platform/RaspberryPi/Drivers/DwUsbHostDxe/DwUsbHostDxe.c	11,1590	BCM2836;Bcm2836	https://github.com/worproject/edk2-platforms/blob/8e1779b538bcc1e6dc68d7df625394f933651d7a/Platform/RaspberryPi/Drivers/DwUsbHostDxe/DwUsbHostDxe.c#L11
worproject/edk2-platforms	8e1779b538bcc1e6dc68d7df625394f933651d7a	Platform/RaspberryPi/Drivers/DwUsbHostDxe/DwUsbHostDxe.h	16	Bcm2836	https://github.com/worproject/edk2-platforms/blob/8e1779b538bcc1e6dc68d7df625394f933651d7a/Platform/RaspberryPi/Drivers/DwUsbHostDxe/DwUsbHostDxe.h#L16
worproject/edk2-platforms	8e1779b538bcc1e6dc68d7df625394f933651d7a	Platform/RaspberryPi/Drivers/RpiFirmwareDxe/RpiFirmwareDxe.c	28,61,62,66,86,104,120,139,147,161,1544	BCM2836;Bcm2836	https://github.com/worproject/edk2-platforms/blob/8e1779b538bcc1e6dc68d7df625394f933651d7a/Platform/RaspberryPi/Drivers/RpiFirmwareDxe/RpiFirmwareDxe.c#L28
worproject/edk2-platforms	8e1779b538bcc1e6dc68d7df625394f933651d7a	Platform/RaspberryPi/Drivers/SdHostDxe/SdHostDxe.c	28,30	Bcm2836	https://github.com/worproject/edk2-platforms/blob/8e1779b538bcc1e6dc68d7df625394f933651d7a/Platform/RaspberryPi/Drivers/SdHostDxe/SdHostDxe.c#L28
worproject/edk2-platforms	8e1779b538bcc1e6dc68d7df625394f933651d7a	Platform/RaspberryPi/Library/BoardRevisionHelperLib/BoardRevisionHelperLib.c	48,84,149,153,155	BCM2836;Cortex-A7;Raspberry Pi 2	https://github.com/worproject/edk2-platforms/blob/8e1779b538bcc1e6dc68d7df625394f933651d7a/Platform/RaspberryPi/Library/BoardRevisionHelperLib/BoardRevisionHelperLib.c#L48
worproject/edk2-platforms	8e1779b538bcc1e6dc68d7df625394f933651d7a	Platform/RaspberryPi/Library/DualSerialPortLib/DualSerialPortLib.h	16,17,19,20	BCM2836;Bcm2836	https://github.com/worproject/edk2-platforms/blob/8e1779b538bcc1e6dc68d7df625394f933651d7a/Platform/RaspberryPi/Library/DualSerialPortLib/DualSerialPortLib.h#L16
worproject/edk2-platforms	8e1779b538bcc1e6dc68d7df625394f933651d7a	Platform/RaspberryPi/Library/PlatformLib/AArch64/RaspberryPiHelper.S	14,15,20,21,23,31,44,45,47,49,58	BCM2836;Bcm2836	https://github.com/worproject/edk2-platforms/blob/8e1779b538bcc1e6dc68d7df625394f933651d7a/Platform/RaspberryPi/Library/PlatformLib/AArch64/RaspberryPiHelper.S#L14
worproject/edk2-platforms	8e1779b538bcc1e6dc68d7df625394f933651d7a	Platform/RaspberryPi/Library/PlatformLib/RaspberryPiMem.c	18,83,85,87,103,104,183,185	BCM2836;Bcm2836	https://github.com/worproject/edk2-platforms/blob/8e1779b538bcc1e6dc68d7df625394f933651d7a/Platform/RaspberryPi/Library/PlatformLib/RaspberryPiMem.c#L18
worproject/edk2-platforms	8e1779b538bcc1e6dc68d7df625394f933651d7a	Platform/RaspberryPi/RPi3/Readme.md	20,202	Pi2;Raspberry Pi 2	https://github.com/worproject/edk2-platforms/blob/8e1779b538bcc1e6dc68d7df625394f933651d7a/Platform/RaspberryPi/RPi3/Readme.md#L20
worproject/edk2-platforms	8e1779b538bcc1e6dc68d7df625394f933651d7a	Platform/RaspberryPi/RPi5/AcpiTables/Pptt.aslc	184	Cortex-A7	https://github.com/worproject/edk2-platforms/blob/8e1779b538bcc1e6dc68d7df625394f933651d7a/Platform/RaspberryPi/RPi5/AcpiTables/Pptt.aslc#L184
worproject/edk2-platforms	8e1779b538bcc1e6dc68d7df625394f933651d7a	Platform/RaspberryPi/RPi5/Library/PlatformLib/AArch64/RaspberryPiHelper.S	15,20,21,23,31,44,45,47,49	BCM2836;Bcm2836	https://github.com/worproject/edk2-platforms/blob/8e1779b538bcc1e6dc68d7df625394f933651d7a/Platform/RaspberryPi/RPi5/Library/PlatformLib/AArch64/RaspberryPiHelper.S#L15
worproject/edk2-platforms	8e1779b538bcc1e6dc68d7df625394f933651d7a	Platform/SiFive/U5SeriesPkg/FreedomU500VC707Board/DeviceTree/fu500-c000.dtsi	200	pi2	https://github.com/worproject/edk2-platforms/blob/8e1779b538bcc1e6dc68d7df625394f933651d7a/Platform/SiFive/U5SeriesPkg/FreedomU500VC707Board/DeviceTree/fu500-c000.dtsi#L200
worproject/edk2-platforms	8e1779b538bcc1e6dc68d7df625394f933651d7a	Platform/SiFive/U5SeriesPkg/FreedomU500VC707Board/DeviceTree/hifive-unleashed-a00.dts	78	pi2	https://github.com/worproject/edk2-platforms/blob/8e1779b538bcc1e6dc68d7df625394f933651d7a/Platform/SiFive/U5SeriesPkg/FreedomU500VC707Board/DeviceTree/hifive-unleashed-a00.dts#L78
worproject/edk2-platforms	8e1779b538bcc1e6dc68d7df625394f933651d7a	Platform/SiFive/U5SeriesPkg/FreedomU540HiFiveUnleashedBoard/DeviceTree/fu540-c000.dtsi	227	pi2	https://github.com/worproject/edk2-platforms/blob/8e1779b538bcc1e6dc68d7df625394f933651d7a/Platform/SiFive/U5SeriesPkg/FreedomU540HiFiveUnleashedBoard/DeviceTree/fu540-c000.dtsi#L227
worproject/edk2-platforms	8e1779b538bcc1e6dc68d7df625394f933651d7a	Platform/SiFive/U5SeriesPkg/FreedomU540HiFiveUnleashedBoard/DeviceTree/hifive-unleashed-a00.dts	76	pi2	https://github.com/worproject/edk2-platforms/blob/8e1779b538bcc1e6dc68d7df625394f933651d7a/Platform/SiFive/U5SeriesPkg/FreedomU540HiFiveUnleashedBoard/DeviceTree/hifive-unleashed-a00.dts#L76
worproject/edk2-platforms	8e1779b538bcc1e6dc68d7df625394f933651d7a	Platform/StandaloneMm/PlatformStandaloneMmPkg/PlatformStandaloneMmRpmb.dsc	172	armv7	https://github.com/worproject/edk2-platforms/blob/8e1779b538bcc1e6dc68d7df625394f933651d7a/Platform/StandaloneMm/PlatformStandaloneMmPkg/PlatformStandaloneMmRpmb.dsc#L172
worproject/edk2-platforms	8e1779b538bcc1e6dc68d7df625394f933651d7a	Silicon/AMD/Styx/Drivers/AcpiPlatformDxe/Gtdt.aslc	68	PI2	https://github.com/worproject/edk2-platforms/blob/8e1779b538bcc1e6dc68d7df625394f933651d7a/Silicon/AMD/Styx/Drivers/AcpiPlatformDxe/Gtdt.aslc#L68
worproject/edk2-platforms	8e1779b538bcc1e6dc68d7df625394f933651d7a	Silicon/Broadcom/Bcm283x/Drivers/InterruptDxe/InterruptDxe.c	17,61,87,116,188,241	BCM2836;Bcm2836	https://github.com/worproject/edk2-platforms/blob/8e1779b538bcc1e6dc68d7df625394f933651d7a/Silicon/Broadcom/Bcm283x/Drivers/InterruptDxe/InterruptDxe.c#L17
worproject/edk2-platforms	8e1779b538bcc1e6dc68d7df625394f933651d7a	Silicon/Broadcom/Bcm283x/Include/IndustryStandard/Bcm2836.h	11,12,17,18,23,26,27,28,29,30,31,32,35,36,37,38,39,40,41,42,43,44,45,46,47,48,49,50,51,52,53,54,57,58,59,62,63,66,67,68,71,72,73,75,76,77,79,80,81,83,84,85,87,88,89,91,92,93,95,96,97,99,100,101,104,105,107,108,110,111,113,115	BCM2836;PI2	https://github.com/worproject/edk2-platforms/blob/8e1779b538bcc1e6dc68d7df625394f933651d7a/Silicon/Broadcom/Bcm283x/Include/IndustryStandard/Bcm2836.h#L11
worproject/edk2-platforms	8e1779b538bcc1e6dc68d7df625394f933651d7a	Silicon/Broadcom/Bcm283x/Include/IndustryStandard/Bcm2836Gpio.h	11,13,14,17,85	BCM2836;Bcm2836	https://github.com/worproject/edk2-platforms/blob/8e1779b538bcc1e6dc68d7df625394f933651d7a/Silicon/Broadcom/Bcm283x/Include/IndustryStandard/Bcm2836Gpio.h#L11
worproject/edk2-platforms	8e1779b538bcc1e6dc68d7df625394f933651d7a	Silicon/Broadcom/Bcm283x/Include/IndustryStandard/Bcm2836Gpu.h	9,11,12,16,17,18,20,21,22,24,25,26,28,29,30,32,33,34,36,37,38,40,41,42,44,45,46,48	BCM2836;Bcm2836	https://github.com/worproject/edk2-platforms/blob/8e1779b538bcc1e6dc68d7df625394f933651d7a/Silicon/Broadcom/Bcm283x/Include/IndustryStandard/Bcm2836Gpu.h#L9
worproject/edk2-platforms	8e1779b538bcc1e6dc68d7df625394f933651d7a	Silicon/Broadcom/Bcm283x/Include/IndustryStandard/Bcm2836Mbox.h	10,11,14,15,16,17,19,20,22,24	BCM2836	https://github.com/worproject/edk2-platforms/blob/8e1779b538bcc1e6dc68d7df625394f933651d7a/Silicon/Broadcom/Bcm283x/Include/IndustryStandard/Bcm2836Mbox.h#L10
worproject/edk2-platforms	8e1779b538bcc1e6dc68d7df625394f933651d7a	Silicon/Broadcom/Bcm283x/Include/IndustryStandard/Bcm2836Pwm.h	9,11,12,16,17,18,20,21,22,24,25,26,28,29,31,32,34	BCM2836;Bcm2836	https://github.com/worproject/edk2-platforms/blob/8e1779b538bcc1e6dc68d7df625394f933651d7a/Silicon/Broadcom/Bcm283x/Include/IndustryStandard/Bcm2836Pwm.h#L9
worproject/edk2-platforms	8e1779b538bcc1e6dc68d7df625394f933651d7a	Silicon/Broadcom/Bcm283x/Include/IndustryStandard/Bcm2836SdHost.h	10,12,13,16,90	BCM2836;Bcm2836	https://github.com/worproject/edk2-platforms/blob/8e1779b538bcc1e6dc68d7df625394f933651d7a/Silicon/Broadcom/Bcm283x/Include/IndustryStandard/Bcm2836SdHost.h#L10
worproject/edk2-platforms	8e1779b538bcc1e6dc68d7df625394f933651d7a	Silicon/Broadcom/Bcm283x/Include/IndustryStandard/Bcm2836Sdio.h	9,11,12,17,18,203	BCM2836;Bcm2836	https://github.com/worproject/edk2-platforms/blob/8e1779b538bcc1e6dc68d7df625394f933651d7a/Silicon/Broadcom/Bcm283x/Include/IndustryStandard/Bcm2836Sdio.h#L9
worproject/edk2-platforms	8e1779b538bcc1e6dc68d7df625394f933651d7a	Silicon/Broadcom/Bcm283x/Include/Library/GpioLib.h	15	Bcm2836	https://github.com/worproject/edk2-platforms/blob/8e1779b538bcc1e6dc68d7df625394f933651d7a/Silicon/Broadcom/Bcm283x/Include/Library/GpioLib.h#L15
worproject/edk2-platforms	8e1779b538bcc1e6dc68d7df625394f933651d7a	Silicon/Broadcom/Bcm283x/Library/GpioLib/GpioLib.c	19,20,148	2836;Bcm2836	https://github.com/worproject/edk2-platforms/blob/8e1779b538bcc1e6dc68d7df625394f933651d7a/Silicon/Broadcom/Bcm283x/Library/GpioLib/GpioLib.c#L19
worproject/edk2-platforms	8e1779b538bcc1e6dc68d7df625394f933651d7a	Silicon/Intel/AlderlakeSiliconPkg/Fru/AdlPch/Include/PchReservedResourcesAdpP.h	23	PI2	https://github.com/worproject/edk2-platforms/blob/8e1779b538bcc1e6dc68d7df625394f933651d7a/Silicon/Intel/AlderlakeSiliconPkg/Fru/AdlPch/Include/PchReservedResourcesAdpP.h#L23
worproject/edk2-platforms	8e1779b538bcc1e6dc68d7df625394f933651d7a	Silicon/Intel/CoffeelakeSiliconPkg/Pch/Include/Library/PchSerialIoLib.h	21	pi2	https://github.com/worproject/edk2-platforms/blob/8e1779b538bcc1e6dc68d7df625394f933651d7a/Silicon/Intel/CoffeelakeSiliconPkg/Pch/Include/Library/PchSerialIoLib.h#L21
worproject/edk2-platforms	8e1779b538bcc1e6dc68d7df625394f933651d7a	Silicon/Intel/CoffeelakeSiliconPkg/Pch/Include/PchReservedResources.h	27	PI2	https://github.com/worproject/edk2-platforms/blob/8e1779b538bcc1e6dc68d7df625394f933651d7a/Silicon/Intel/CoffeelakeSiliconPkg/Pch/Include/PchReservedResources.h#L27
worproject/edk2-platforms	8e1779b538bcc1e6dc68d7df625394f933651d7a	Silicon/Intel/CoffeelakeSiliconPkg/Pch/Include/Private/Library/PchSpiCommonLib.h	12,53,150,164,174,187,197,209,218,232,242,255,264,275,283,294,302,314,323,337,346,360	PI2;pi2	https://github.com/worproject/edk2-platforms/blob/8e1779b538bcc1e6dc68d7df625394f933651d7a/Silicon/Intel/CoffeelakeSiliconPkg/Pch/Include/Private/Library/PchSpiCommonLib.h#L12
worproject/edk2-platforms	8e1779b538bcc1e6dc68d7df625394f933651d7a	Silicon/Intel/CoffeelakeSiliconPkg/Pch/Include/Register/PchRegsPmc.h	588	PI2	https://github.com/worproject/edk2-platforms/blob/8e1779b538bcc1e6dc68d7df625394f933651d7a/Silicon/Intel/CoffeelakeSiliconPkg/Pch/Include/Register/PchRegsPmc.h#L588
worproject/edk2-platforms	8e1779b538bcc1e6dc68d7df625394f933651d7a	Silicon/Intel/CoffeelakeSiliconPkg/Pch/Include/Register/PchRegsPsfCnl.h	51,74	PI2	https://github.com/worproject/edk2-platforms/blob/8e1779b538bcc1e6dc68d7df625394f933651d7a/Silicon/Intel/CoffeelakeSiliconPkg/Pch/Include/Register/PchRegsPsfCnl.h#L51
worproject/edk2-platforms	8e1779b538bcc1e6dc68d7df625394f933651d7a	Silicon/Intel/CoffeelakeSiliconPkg/Pch/Library/PeiPchPolicyLib/PchPrintPolicy.c	458	PI2	https://github.com/worproject/edk2-platforms/blob/8e1779b538bcc1e6dc68d7df625394f933651d7a/Silicon/Intel/CoffeelakeSiliconPkg/Pch/Library/PeiPchPolicyLib/PchPrintPolicy.c#L458
worproject/edk2-platforms	8e1779b538bcc1e6dc68d7df625394f933651d7a	Silicon/Intel/CoffeelakeSiliconPkg/Pch/Library/PeiSpiLib/PchSpi.c	14,65,68,71,93	PI2;pi2	https://github.com/worproject/edk2-platforms/blob/8e1779b538bcc1e6dc68d7df625394f933651d7a/Silicon/Intel/CoffeelakeSiliconPkg/Pch/Library/PeiSpiLib/PchSpi.c#L14
worproject/edk2-platforms	8e1779b538bcc1e6dc68d7df625394f933651d7a	Silicon/Intel/CoffeelakeSiliconPkg/Pch/Library/PeiSpiLib/PeiSpiLib.inf	42	pi2	https://github.com/worproject/edk2-platforms/blob/8e1779b538bcc1e6dc68d7df625394f933651d7a/Silicon/Intel/CoffeelakeSiliconPkg/Pch/Library/PeiSpiLib/PeiSpiLib.inf#L42
worproject/edk2-platforms	8e1779b538bcc1e6dc68d7df625394f933651d7a	Silicon/Intel/CoffeelakeSiliconPkg/Pch/Library/Private/BasePchSpiCommonLib/SpiCommon.c	19,359,396,411,709,723,749,762,788,800,825,839,880,893,933,944,968,979,1003,1015,1068,1082,1126,1140	PI2;pi2	https://github.com/worproject/edk2-platforms/blob/8e1779b538bcc1e6dc68d7df625394f933651d7a/Silicon/Intel/CoffeelakeSiliconPkg/Pch/Library/Private/BasePchSpiCommonLib/SpiCommon.c#L19
worproject/edk2-platforms	8e1779b538bcc1e6dc68d7df625394f933651d7a	Silicon/Intel/CoffeelakeSiliconPkg/Pch/Library/Private/PeiDxeSmmGpioPrivateLib/GpioNativePrivateLibCnl.c	35,69,70,214,236	PI2;pI2	https://github.com/worproject/edk2-platforms/blob/8e1779b538bcc1e6dc68d7df625394f933651d7a/Silicon/Intel/CoffeelakeSiliconPkg/Pch/Library/Private/PeiDxeSmmGpioPrivateLib/GpioNativePrivateLibCnl.c#L35
worproject/edk2-platforms	8e1779b538bcc1e6dc68d7df625394f933651d7a	Silicon/Intel/CoffeelakeSiliconPkg/Pch/Library/Private/PeiDxeSmmPchPsfPrivateLib/PchPsfPrivateLibCnl.c	75,82	PI2	https://github.com/worproject/edk2-platforms/blob/8e1779b538bcc1e6dc68d7df625394f933651d7a/Silicon/Intel/CoffeelakeSiliconPkg/Pch/Library/Private/PeiDxeSmmPchPsfPrivateLib/PchPsfPrivateLibCnl.c#L75
worproject/edk2-platforms	8e1779b538bcc1e6dc68d7df625394f933651d7a	Silicon/Intel/CoffeelakeSiliconPkg/Pch/Spi/Smm/PchSpi.c	17,48,49,111,115	PI2;pi2	https://github.com/worproject/edk2-platforms/blob/8e1779b538bcc1e6dc68d7df625394f933651d7a/Silicon/Intel/CoffeelakeSiliconPkg/Pch/Spi/Smm/PchSpi.c#L17
worproject/edk2-platforms	8e1779b538bcc1e6dc68d7df625394f933651d7a	Silicon/Intel/CoffeelakeSiliconPkg/Pch/Spi/Smm/PchSpiSmm.inf	41	pi2	https://github.com/worproject/edk2-platforms/blob/8e1779b538bcc1e6dc68d7df625394f933651d7a/Silicon/Intel/CoffeelakeSiliconPkg/Pch/Spi/Smm/PchSpiSmm.inf#L41
worproject/edk2-platforms	8e1779b538bcc1e6dc68d7df625394f933651d7a	Silicon/Intel/CoffeelakeSiliconPkg/SystemAgent/AcpiTables/Dmar/Dmar.h	3	pi2	https://github.com/worproject/edk2-platforms/blob/8e1779b538bcc1e6dc68d7df625394f933651d7a/Silicon/Intel/CoffeelakeSiliconPkg/SystemAgent/AcpiTables/Dmar/Dmar.h#L3
worproject/edk2-platforms	8e1779b538bcc1e6dc68d7df625394f933651d7a	Silicon/Intel/IntelSiliconPkg/Feature/VTd/IntelVTdCoreDxe/DmaProtection.c	657,674,675,683	pi2	https://github.com/worproject/edk2-platforms/blob/8e1779b538bcc1e6dc68d7df625394f933651d7a/Silicon/Intel/IntelSiliconPkg/Feature/VTd/IntelVTdCoreDxe/DmaProtection.c#L657
worproject/edk2-platforms	8e1779b538bcc1e6dc68d7df625394f933651d7a	Silicon/Intel/IntelSiliconPkg/Feature/VTd/IntelVTdCoreDxe/IntelVTdCoreDxe.inf	67	pi2	https://github.com/worproject/edk2-platforms/blob/8e1779b538bcc1e6dc68d7df625394f933651d7a/Silicon/Intel/IntelSiliconPkg/Feature/VTd/IntelVTdCoreDxe/IntelVTdCoreDxe.inf#L67
worproject/edk2-platforms	8e1779b538bcc1e6dc68d7df625394f933651d7a	Silicon/Intel/IntelSiliconPkg/Feature/VTd/IntelVTdDxe/DmaProtection.c	641,658,659,667	pi2	https://github.com/worproject/edk2-platforms/blob/8e1779b538bcc1e6dc68d7df625394f933651d7a/Silicon/Intel/IntelSiliconPkg/Feature/VTd/IntelVTdDxe/DmaProtection.c#L641
worproject/edk2-platforms	8e1779b538bcc1e6dc68d7df625394f933651d7a	Silicon/Intel/IntelSiliconPkg/Feature/VTd/IntelVTdDxe/IntelVTdDxe.inf	63	pi2	https://github.com/worproject/edk2-platforms/blob/8e1779b538bcc1e6dc68d7df625394f933651d7a/Silicon/Intel/IntelSiliconPkg/Feature/VTd/IntelVTdDxe/IntelVTdDxe.inf#L63
worproject/edk2-platforms	8e1779b538bcc1e6dc68d7df625394f933651d7a	Silicon/Intel/IntelSiliconPkg/Include/Ppi/Spi2.h	2,14,15,17,22,25,29	PI2;pi2	https://github.com/worproject/edk2-platforms/blob/8e1779b538bcc1e6dc68d7df625394f933651d7a/Silicon/Intel/IntelSiliconPkg/Include/Ppi/Spi2.h#L2
worproject/edk2-platforms	8e1779b538bcc1e6dc68d7df625394f933651d7a	Silicon/Intel/IntelSiliconPkg/Include/Protocol/Spi2.h	14,15,20,21,26,35,49,59,72,82,94,103,117,127,140,149,160,168,179,187,199,208,222,231,245,256	PI2;pi2	https://github.com/worproject/edk2-platforms/blob/8e1779b538bcc1e6dc68d7df625394f933651d7a/Silicon/Intel/IntelSiliconPkg/Include/Protocol/Spi2.h#L14
worproject/edk2-platforms	8e1779b538bcc1e6dc68d7df625394f933651d7a	Silicon/Intel/IntelSiliconPkg/IntelSiliconPkg.dec	110,111,121,122,123	pi2	https://github.com/worproject/edk2-platforms/blob/8e1779b538bcc1e6dc68d7df625394f933651d7a/Silicon/Intel/IntelSiliconPkg/IntelSiliconPkg.dec#L110
worproject/edk2-platforms	8e1779b538bcc1e6dc68d7df625394f933651d7a	Silicon/Intel/IntelSiliconPkg/Library/SmmSpiFlashCommonLib/SmmSpiFlashCommonLib.c	11,14,48,51,53,57	PI2;pi2	https://github.com/worproject/edk2-platforms/blob/8e1779b538bcc1e6dc68d7df625394f933651d7a/Silicon/Intel/IntelSiliconPkg/Library/SmmSpiFlashCommonLib/SmmSpiFlashCommonLib.c#L11
worproject/edk2-platforms	8e1779b538bcc1e6dc68d7df625394f933651d7a	Silicon/Intel/IntelSiliconPkg/Library/SmmSpiFlashCommonLib/SmmSpiFlashCommonLib.inf	48,51	pi2	https://github.com/worproject/edk2-platforms/blob/8e1779b538bcc1e6dc68d7df625394f933651d7a/Silicon/Intel/IntelSiliconPkg/Library/SmmSpiFlashCommonLib/SmmSpiFlashCommonLib.inf#L48
worproject/edk2-platforms	8e1779b538bcc1e6dc68d7df625394f933651d7a	Silicon/Intel/IntelSiliconPkg/Library/SmmSpiFlashCommonLib/SpiFlashCommon.c	2,11,13,128,129,202,203	PI2;pi2	https://github.com/worproject/edk2-platforms/blob/8e1779b538bcc1e6dc68d7df625394f933651d7a/Silicon/Intel/IntelSiliconPkg/Library/SmmSpiFlashCommonLib/SpiFlashCommon.c#L2
worproject/edk2-platforms	8e1779b538bcc1e6dc68d7df625394f933651d7a	Silicon/Intel/KabylakeSiliconPkg/Hsti/Dxe/HstiSiliconDxe.h	29	pi2	https://github.com/worproject/edk2-platforms/blob/8e1779b538bcc1e6dc68d7df625394f933651d7a/Silicon/Intel/KabylakeSiliconPkg/Hsti/Dxe/HstiSiliconDxe.h#L29
worproject/edk2-platforms	8e1779b538bcc1e6dc68d7df625394f933651d7a	Silicon/Intel/KabylakeSiliconPkg/Hsti/Dxe/SecureMemoryMapConfiguration.c	359	PI2	https://github.com/worproject/edk2-platforms/blob/8e1779b538bcc1e6dc68d7df625394f933651d7a/Silicon/Intel/KabylakeSiliconPkg/Hsti/Dxe/SecureMemoryMapConfiguration.c#L359
worproject/edk2-platforms	8e1779b538bcc1e6dc68d7df625394f933651d7a	Silicon/Intel/KabylakeSiliconPkg/Pch/IncludePrivate/Library/PchSpiCommonLib.h	50,136,150,160,173,183,195,204,218,228,241,250,261,269,280,288,300,309,323,332,346,355,369,390	PI2	https://github.com/worproject/edk2-platforms/blob/8e1779b538bcc1e6dc68d7df625394f933651d7a/Silicon/Intel/KabylakeSiliconPkg/Pch/IncludePrivate/Library/PchSpiCommonLib.h#L50
worproject/edk2-platforms	8e1779b538bcc1e6dc68d7df625394f933651d7a	Silicon/Intel/KabylakeSiliconPkg/Pch/Library/PeiDxeSmmGpioLib/GpioNativeLib.c	14,373,414	pI2	https://github.com/worproject/edk2-platforms/blob/8e1779b538bcc1e6dc68d7df625394f933651d7a/Silicon/Intel/KabylakeSiliconPkg/Pch/Library/PeiDxeSmmGpioLib/GpioNativeLib.c#L14
worproject/edk2-platforms	8e1779b538bcc1e6dc68d7df625394f933651d7a	Silicon/Intel/KabylakeSiliconPkg/Pch/Library/PeiDxeSmmGpioLib/PchSklGpioData.c	38	pI2	https://github.com/worproject/edk2-platforms/blob/8e1779b538bcc1e6dc68d7df625394f933651d7a/Silicon/Intel/KabylakeSiliconPkg/Pch/Library/PeiDxeSmmGpioLib/PchSklGpioData.c#L38
worproject/edk2-platforms	8e1779b538bcc1e6dc68d7df625394f933651d7a	Silicon/Intel/KabylakeSiliconPkg/Pch/Library/PeiSpiLib/PeiSpiLib.c	11,68,74,77,105	PI2;pi2	https://github.com/worproject/edk2-platforms/blob/8e1779b538bcc1e6dc68d7df625394f933651d7a/Silicon/Intel/KabylakeSiliconPkg/Pch/Library/PeiSpiLib/PeiSpiLib.c#L11
worproject/edk2-platforms	8e1779b538bcc1e6dc68d7df625394f933651d7a	Silicon/Intel/KabylakeSiliconPkg/Pch/Library/PeiSpiLib/PeiSpiLib.inf	45	pi2	https://github.com/worproject/edk2-platforms/blob/8e1779b538bcc1e6dc68d7df625394f933651d7a/Silicon/Intel/KabylakeSiliconPkg/Pch/Library/PeiSpiLib/PeiSpiLib.inf#L45
worproject/edk2-platforms	8e1779b538bcc1e6dc68d7df625394f933651d7a	Silicon/Intel/KabylakeSiliconPkg/Pch/LibraryPrivate/BasePchSpiCommonLib/SpiCommon.c	19,338,352,378,391,417,429,454,468,509,522,562,573,597,608,632,644,697,711,755,769,813,827,1113	PI2;pi2	https://github.com/worproject/edk2-platforms/blob/8e1779b538bcc1e6dc68d7df625394f933651d7a/Silicon/Intel/KabylakeSiliconPkg/Pch/LibraryPrivate/BasePchSpiCommonLib/SpiCommon.c#L19
worproject/edk2-platforms	8e1779b538bcc1e6dc68d7df625394f933651d7a	Silicon/Intel/KabylakeSiliconPkg/Pch/Spi/Smm/PchSpi.c	31,32,94,98	PI2;pi2	https://github.com/worproject/edk2-platforms/blob/8e1779b538bcc1e6dc68d7df625394f933651d7a/Silicon/Intel/KabylakeSiliconPkg/Pch/Spi/Smm/PchSpi.c#L31
worproject/edk2-platforms	8e1779b538bcc1e6dc68d7df625394f933651d7a	Silicon/Intel/KabylakeSiliconPkg/Pch/Spi/Smm/PchSpi.h	20	pi2	https://github.com/worproject/edk2-platforms/blob/8e1779b538bcc1e6dc68d7df625394f933651d7a/Silicon/Intel/KabylakeSiliconPkg/Pch/Spi/Smm/PchSpi.h#L20
worproject/edk2-platforms	8e1779b538bcc1e6dc68d7df625394f933651d7a	Silicon/Intel/KabylakeSiliconPkg/Pch/Spi/Smm/PchSpiSmm.inf	44	pi2	https://github.com/worproject/edk2-platforms/blob/8e1779b538bcc1e6dc68d7df625394f933651d7a/Silicon/Intel/KabylakeSiliconPkg/Pch/Spi/Smm/PchSpiSmm.inf#L44
worproject/edk2-platforms	8e1779b538bcc1e6dc68d7df625394f933651d7a	Silicon/Intel/KabylakeSiliconPkg/SystemAgent/AcpiTables/Dmar/Dmar.h	3	pi2	https://github.com/worproject/edk2-platforms/blob/8e1779b538bcc1e6dc68d7df625394f933651d7a/Silicon/Intel/KabylakeSiliconPkg/SystemAgent/AcpiTables/Dmar/Dmar.h#L3
worproject/edk2-platforms	8e1779b538bcc1e6dc68d7df625394f933651d7a	Silicon/Intel/PurleyRefreshSiliconPkg/Include/Library/CpuPpmLib.h	168,169,170,192,193,194	PI2	https://github.com/worproject/edk2-platforms/blob/8e1779b538bcc1e6dc68d7df625394f933651d7a/Silicon/Intel/PurleyRefreshSiliconPkg/Include/Library/CpuPpmLib.h#L168
worproject/edk2-platforms	8e1779b538bcc1e6dc68d7df625394f933651d7a	Silicon/Intel/PurleyRefreshSiliconPkg/Library/BaseMemoryCoreLib/Core/Include/CpuHost.h	184	PI2	https://github.com/worproject/edk2-platforms/blob/8e1779b538bcc1e6dc68d7df625394f933651d7a/Silicon/Intel/PurleyRefreshSiliconPkg/Library/BaseMemoryCoreLib/Core/Include/CpuHost.h#L184
worproject/edk2-platforms	8e1779b538bcc1e6dc68d7df625394f933651d7a	Silicon/Intel/SimicsIch10Pkg/IncludePrivate/Library/PchSpiCommonLib.h	51,137,151,161,174,184,196,205,219,229,242,251,262,270,281,289,301,310,324,333,347,356,370,391	PI2	https://github.com/worproject/edk2-platforms/blob/8e1779b538bcc1e6dc68d7df625394f933651d7a/Silicon/Intel/SimicsIch10Pkg/IncludePrivate/Library/PchSpiCommonLib.h#L51
worproject/edk2-platforms	8e1779b538bcc1e6dc68d7df625394f933651d7a	Silicon/Intel/SimicsIch10Pkg/LibraryPrivate/BasePchSpiCommonLib/SpiCommon.c	17,233,247,273,286,312,324,349,363,404,417,457,468,492,503,527,539,592,606,650,664,708,722,993	PI2;pi2	https://github.com/worproject/edk2-platforms/blob/8e1779b538bcc1e6dc68d7df625394f933651d7a/Silicon/Intel/SimicsIch10Pkg/LibraryPrivate/BasePchSpiCommonLib/SpiCommon.c#L17
worproject/edk2-platforms	8e1779b538bcc1e6dc68d7df625394f933651d7a	Silicon/Intel/SimicsIch10Pkg/Spi/Smm/PchSpi.c	32,33,95,99	PI2;pi2	https://github.com/worproject/edk2-platforms/blob/8e1779b538bcc1e6dc68d7df625394f933651d7a/Silicon/Intel/SimicsIch10Pkg/Spi/Smm/PchSpi.c#L32
worproject/edk2-platforms	8e1779b538bcc1e6dc68d7df625394f933651d7a	Silicon/Intel/SimicsIch10Pkg/Spi/Smm/PchSpi.h	20	pi2	https://github.com/worproject/edk2-platforms/blob/8e1779b538bcc1e6dc68d7df625394f933651d7a/Silicon/Intel/SimicsIch10Pkg/Spi/Smm/PchSpi.h#L20
worproject/edk2-platforms	8e1779b538bcc1e6dc68d7df625394f933651d7a	Silicon/Intel/SimicsIch10Pkg/Spi/Smm/PchSpiSmm.inf	40	pi2	https://github.com/worproject/edk2-platforms/blob/8e1779b538bcc1e6dc68d7df625394f933651d7a/Silicon/Intel/SimicsIch10Pkg/Spi/Smm/PchSpiSmm.inf#L40
worproject/edk2-platforms	8e1779b538bcc1e6dc68d7df625394f933651d7a	Silicon/Intel/TigerlakeSiliconPkg/Fru/TglPch/Include/PchBdfAssignment.h	185,186	PI2	https://github.com/worproject/edk2-platforms/blob/8e1779b538bcc1e6dc68d7df625394f933651d7a/Silicon/Intel/TigerlakeSiliconPkg/Fru/TglPch/Include/PchBdfAssignment.h#L185
worproject/edk2-platforms	8e1779b538bcc1e6dc68d7df625394f933651d7a	Silicon/Intel/TigerlakeSiliconPkg/Fru/TglPch/Include/PchReservedResources.h	23	PI2	https://github.com/worproject/edk2-platforms/blob/8e1779b538bcc1e6dc68d7df625394f933651d7a/Silicon/Intel/TigerlakeSiliconPkg/Fru/TglPch/Include/PchReservedResources.h#L23
worproject/edk2-platforms	8e1779b538bcc1e6dc68d7df625394f933651d7a	Silicon/Intel/TigerlakeSiliconPkg/Include/Pins/GpioPinsVer2Lp.h	74	PI2	https://github.com/worproject/edk2-platforms/blob/8e1779b538bcc1e6dc68d7df625394f933651d7a/Silicon/Intel/TigerlakeSiliconPkg/Include/Pins/GpioPinsVer2Lp.h#L74
worproject/edk2-platforms	8e1779b538bcc1e6dc68d7df625394f933651d7a	Silicon/Intel/TigerlakeSiliconPkg/IpBlock/Gpio/IncludePrivate/Library/GpioPrivateLib.h	637,651,663,675	PI2	https://github.com/worproject/edk2-platforms/blob/8e1779b538bcc1e6dc68d7df625394f933651d7a/Silicon/Intel/TigerlakeSiliconPkg/IpBlock/Gpio/IncludePrivate/Library/GpioPrivateLib.h#L637
worproject/edk2-platforms	8e1779b538bcc1e6dc68d7df625394f933651d7a	Silicon/Intel/TigerlakeSiliconPkg/IpBlock/Gpio/LibraryPrivate/PeiDxeSmmGpioPrivateLib/GpioNamesVer2.c	34,55	PI2	https://github.com/worproject/edk2-platforms/blob/8e1779b538bcc1e6dc68d7df625394f933651d7a/Silicon/Intel/TigerlakeSiliconPkg/IpBlock/Gpio/LibraryPrivate/PeiDxeSmmGpioPrivateLib/GpioNamesVer2.c#L34
worproject/edk2-platforms	8e1779b538bcc1e6dc68d7df625394f933651d7a	Silicon/Intel/TigerlakeSiliconPkg/IpBlock/SerialIo/IncludePrivate/Register/SerialIoRegsVer2.h	79,81	PI2	https://github.com/worproject/edk2-platforms/blob/8e1779b538bcc1e6dc68d7df625394f933651d7a/Silicon/Intel/TigerlakeSiliconPkg/IpBlock/SerialIo/IncludePrivate/Register/SerialIoRegsVer2.h#L79
worproject/edk2-platforms	8e1779b538bcc1e6dc68d7df625394f933651d7a	Silicon/Intel/TigerlakeSiliconPkg/IpBlock/SerialIo/LibraryPrivate/PeiDxeSmmSerialIoPrivateLib/SerialIoPrivateLibSpiVer2.c	24	PI2	https://github.com/worproject/edk2-platforms/blob/8e1779b538bcc1e6dc68d7df625394f933651d7a/Silicon/Intel/TigerlakeSiliconPkg/IpBlock/SerialIo/LibraryPrivate/PeiDxeSmmSerialIoPrivateLib/SerialIoPrivateLibSpiVer2.c#L24
worproject/edk2-platforms	8e1779b538bcc1e6dc68d7df625394f933651d7a	Silicon/Intel/TigerlakeSiliconPkg/IpBlock/Spi/IncludePrivate/Library/SpiCommonLib.h	10,51,148,162,172,185,195,207,216,230,240,253,262,273,281,292,300,312,321,335,344,358	PI2;pi2	https://github.com/worproject/edk2-platforms/blob/8e1779b538bcc1e6dc68d7df625394f933651d7a/Silicon/Intel/TigerlakeSiliconPkg/IpBlock/Spi/IncludePrivate/Library/SpiCommonLib.h#L10
worproject/edk2-platforms	8e1779b538bcc1e6dc68d7df625394f933651d7a	Silicon/Intel/TigerlakeSiliconPkg/IpBlock/Spi/LibraryPrivate/BaseSpiCommonLib/SpiCommon.c	18,399,436,451,750,764,790,803,829,841,866,881,927,941,986,998,1027,1039,1068,1080,1132,1146,1190,1204	PI2;pi2	https://github.com/worproject/edk2-platforms/blob/8e1779b538bcc1e6dc68d7df625394f933651d7a/Silicon/Intel/TigerlakeSiliconPkg/IpBlock/Spi/LibraryPrivate/BaseSpiCommonLib/SpiCommon.c#L18
worproject/edk2-platforms	8e1779b538bcc1e6dc68d7df625394f933651d7a	Silicon/Intel/TigerlakeSiliconPkg/IpBlock/Spi/Smm/Spi.c	16,48,49,111,115	PI2;pi2	https://github.com/worproject/edk2-platforms/blob/8e1779b538bcc1e6dc68d7df625394f933651d7a/Silicon/Intel/TigerlakeSiliconPkg/IpBlock/Spi/Smm/Spi.c#L16
worproject/edk2-platforms	8e1779b538bcc1e6dc68d7df625394f933651d7a	Silicon/Intel/TigerlakeSiliconPkg/IpBlock/Spi/Smm/SpiSmm.inf	42	pi2	https://github.com/worproject/edk2-platforms/blob/8e1779b538bcc1e6dc68d7df625394f933651d7a/Silicon/Intel/TigerlakeSiliconPkg/IpBlock/Spi/Smm/SpiSmm.inf#L42
worproject/edk2-platforms	8e1779b538bcc1e6dc68d7df625394f933651d7a	Silicon/Intel/TigerlakeSiliconPkg/Pch/Library/BasePchPciBdfLib/PchPciBdfLib.c	706,744	PI2	https://github.com/worproject/edk2-platforms/blob/8e1779b538bcc1e6dc68d7df625394f933651d7a/Silicon/Intel/TigerlakeSiliconPkg/Pch/Library/BasePchPciBdfLib/PchPciBdfLib.c#L706
worproject/edk2-platforms	8e1779b538bcc1e6dc68d7df625394f933651d7a	Silicon/Intel/Vlv2DeviceRefCodePkg/AcpiTablesPCAT/Madt/Madt.h	16,30	pi2	https://github.com/worproject/edk2-platforms/blob/8e1779b538bcc1e6dc68d7df625394f933651d7a/Silicon/Intel/Vlv2DeviceRefCodePkg/AcpiTablesPCAT/Madt/Madt.h#L16
worproject/edk2-platforms	8e1779b538bcc1e6dc68d7df625394f933651d7a	Silicon/Marvell/Documentation/Drivers/EepromDriver.txt	23,42,43	pI2	https://github.com/worproject/edk2-platforms/blob/8e1779b538bcc1e6dc68d7df625394f933651d7a/Silicon/Marvell/Documentation/Drivers/EepromDriver.txt#L23
worproject/edk2-platforms	8e1779b538bcc1e6dc68d7df625394f933651d7a	Silicon/Marvell/Drivers/I2c/MvEepromDxe/MvEepromDxe.c	43,51,72,73	pI2	https://github.com/worproject/edk2-platforms/blob/8e1779b538bcc1e6dc68d7df625394f933651d7a/Silicon/Marvell/Drivers/I2c/MvEepromDxe/MvEepromDxe.c#L43
worproject/edk2-platforms	8e1779b538bcc1e6dc68d7df625394f933651d7a	Silicon/Marvell/Drivers/SmbiosPlatformDxe/SmbiosPlatformDxe.c	207	Cortex-A7	https://github.com/worproject/edk2-platforms/blob/8e1779b538bcc1e6dc68d7df625394f933651d7a/Silicon/Marvell/Drivers/SmbiosPlatformDxe/SmbiosPlatformDxe.c#L207
worproject/edk2-platforms	8e1779b538bcc1e6dc68d7df625394f933651d7a	Silicon/NXP/Drivers/I2cDxe/ComponentName.c	11,19,69,77,153,167,175,176,177	pI2	https://github.com/worproject/edk2-platforms/blob/8e1779b538bcc1e6dc68d7df625394f933651d7a/Silicon/NXP/Drivers/I2cDxe/ComponentName.c#L11
worproject/edk2-platforms	8e1779b538bcc1e6dc68d7df625394f933651d7a	Silicon/NXP/Drivers/I2cDxe/DriverBinding.c	36,96,102,126,133,137,138,139,140,171,172,230	pI2	https://github.com/worproject/edk2-platforms/blob/8e1779b538bcc1e6dc68d7df625394f933651d7a/Silicon/NXP/Drivers/I2cDxe/DriverBinding.c#L36
worproject/edk2-platforms	8e1779b538bcc1e6dc68d7df625394f933651d7a	Silicon/NXP/Drivers/I2cDxe/I2cDxe.c	115,164	pI2	https://github.com/worproject/edk2-platforms/blob/8e1779b538bcc1e6dc68d7df625394f933651d7a/Silicon/NXP/Drivers/I2cDxe/I2cDxe.c#L115
worproject/edk2-platforms	8e1779b538bcc1e6dc68d7df625394f933651d7a	Silicon/NXP/Drivers/I2cDxe/I2cDxe.h	23,41,47	pI2	https://github.com/worproject/edk2-platforms/blob/8e1779b538bcc1e6dc68d7df625394f933651d7a/Silicon/NXP/Drivers/I2cDxe/I2cDxe.h#L23
worproject/edk2-platforms	8e1779b538bcc1e6dc68d7df625394f933651d7a	Silicon/RaspberryPi/RpiSiliconPkg/Include/Rp1.h	39,136	PI2	https://github.com/worproject/edk2-platforms/blob/8e1779b538bcc1e6dc68d7df625394f933651d7a/Silicon/RaspberryPi/RpiSiliconPkg/Include/Rp1.h#L39
worproject/edk2-platforms	8e1779b538bcc1e6dc68d7df625394f933651d7a	Silicon/Socionext/SynQuacer/DeviceTree/SynQuacer.dtsi	361	armv7	https://github.com/worproject/edk2-platforms/blob/8e1779b538bcc1e6dc68d7df625394f933651d7a/Silicon/Socionext/SynQuacer/DeviceTree/SynQuacer.dtsi#L361
worproject/edk2-platforms	8e1779b538bcc1e6dc68d7df625394f933651d7a	Silicon/TexasInstruments/Omap35xxPkg/Include/Omap3530/Omap3530PadConfiguration.h	228,229,230,231,232	PI2	https://github.com/worproject/edk2-platforms/blob/8e1779b538bcc1e6dc68d7df625394f933651d7a/Silicon/TexasInstruments/Omap35xxPkg/Include/Omap3530/Omap3530PadConfiguration.h#L228
worproject/RaspberryPiPkg	bcd8eaed2a2f6869a3ac848f91f98b901326e742	AcpiTables/CSRT.aslc	4,17,35,44,55,64,71,75,99,100,140,143	2836;Pi2;RPi2	https://github.com/worproject/RaspberryPiPkg/blob/bcd8eaed2a2f6869a3ac848f91f98b901326e742/AcpiTables/CSRT.aslc#L4
worproject/RaspberryPiPkg	bcd8eaed2a2f6869a3ac848f91f98b901326e742	AcpiTables/DSDT.asl	491,492	Pi2	https://github.com/worproject/RaspberryPiPkg/blob/bcd8eaed2a2f6869a3ac848f91f98b901326e742/AcpiTables/DSDT.asl#L491
worproject/RaspberryPiPkg	bcd8eaed2a2f6869a3ac848f91f98b901326e742	AcpiTables/Madt.aslc	17	2836;BCM2836	https://github.com/worproject/RaspberryPiPkg/blob/bcd8eaed2a2f6869a3ac848f91f98b901326e742/AcpiTables/Madt.aslc#L17
worproject/RaspberryPiPkg	bcd8eaed2a2f6869a3ac848f91f98b901326e742	AcpiTables/PEP.asl	23,25	Pi2;RPi2	https://github.com/worproject/RaspberryPiPkg/blob/bcd8eaed2a2f6869a3ac848f91f98b901326e742/AcpiTables/PEP.asl#L23
worproject/RaspberryPiPkg	bcd8eaed2a2f6869a3ac848f91f98b901326e742	AcpiTables/pep.c	17,35,57	Pi2;RPi2	https://github.com/worproject/RaspberryPiPkg/blob/bcd8eaed2a2f6869a3ac848f91f98b901326e742/AcpiTables/pep.c#L17
worproject/RaspberryPiPkg	bcd8eaed2a2f6869a3ac848f91f98b901326e742	AcpiTables/pep.h	18,19	Pi2;RPi2	https://github.com/worproject/RaspberryPiPkg/blob/bcd8eaed2a2f6869a3ac848f91f98b901326e742/AcpiTables/pep.h#L18
worproject/RaspberryPiPkg	bcd8eaed2a2f6869a3ac848f91f98b901326e742	AcpiTables/Platform.h	2,22,23	Pi2;RPi2	https://github.com/worproject/RaspberryPiPkg/blob/bcd8eaed2a2f6869a3ac848f91f98b901326e742/AcpiTables/Platform.h#L2
worproject/RaspberryPiPkg	bcd8eaed2a2f6869a3ac848f91f98b901326e742	AcpiTables/Uart.asl	58	2836;BCM2836	https://github.com/worproject/RaspberryPiPkg/blob/bcd8eaed2a2f6869a3ac848f91f98b901326e742/AcpiTables/Uart.asl#L58
worproject/RaspberryPiPkg	bcd8eaed2a2f6869a3ac848f91f98b901326e742	Binary/leap422_unpatched.dts	49,276,554,606	2836;ARMv7;BCM2836;Pi2	https://github.com/worproject/RaspberryPiPkg/blob/bcd8eaed2a2f6869a3ac848f91f98b901326e742/Binary/leap422_unpatched.dts#L49
worproject/RaspberryPiPkg	bcd8eaed2a2f6869a3ac848f91f98b901326e742	Binary/leap422.dts	59,286,564,621	2836;ARMv7;BCM2836;Pi2	https://github.com/worproject/RaspberryPiPkg/blob/bcd8eaed2a2f6869a3ac848f91f98b901326e742/Binary/leap422.dts#L59
worproject/RaspberryPiPkg	bcd8eaed2a2f6869a3ac848f91f98b901326e742	Drivers/ArasanMmcHostDxe/ArasanMmcHostDxe.h	36,37	2836;BCM2836	https://github.com/worproject/RaspberryPiPkg/blob/bcd8eaed2a2f6869a3ac848f91f98b901326e742/Drivers/ArasanMmcHostDxe/ArasanMmcHostDxe.h#L36
worproject/RaspberryPiPkg	bcd8eaed2a2f6869a3ac848f91f98b901326e742	Drivers/Bcm2836InterruptDxe/Bcm2836InterruptDxe.c	21,65,91,120,192,245	2836;BCM2836	https://github.com/worproject/RaspberryPiPkg/blob/bcd8eaed2a2f6869a3ac848f91f98b901326e742/Drivers/Bcm2836InterruptDxe/Bcm2836InterruptDxe.c#L21
worproject/RaspberryPiPkg	bcd8eaed2a2f6869a3ac848f91f98b901326e742	Drivers/Bcm2836InterruptDxe/Bcm2836InterruptDxe.inf	18,25	2836;BCM2836	https://github.com/worproject/RaspberryPiPkg/blob/bcd8eaed2a2f6869a3ac848f91f98b901326e742/Drivers/Bcm2836InterruptDxe/Bcm2836InterruptDxe.inf#L18
worproject/RaspberryPiPkg	bcd8eaed2a2f6869a3ac848f91f98b901326e742	Drivers/DisplayDxe/DisplayDxe.c	21,22,155,156,242,252,254,314,320,327,329,335,341,343,352,555,568	Pi2	https://github.com/worproject/RaspberryPiPkg/blob/bcd8eaed2a2f6869a3ac848f91f98b901326e742/Drivers/DisplayDxe/DisplayDxe.c#L21
worproject/RaspberryPiPkg	bcd8eaed2a2f6869a3ac848f91f98b901326e742	Drivers/DwUsbHostDxe/DwUsbHostDxe.c	1571	2836;BCM2836	https://github.com/worproject/RaspberryPiPkg/blob/bcd8eaed2a2f6869a3ac848f91f98b901326e742/Drivers/DwUsbHostDxe/DwUsbHostDxe.c#L1571
worproject/RaspberryPiPkg	bcd8eaed2a2f6869a3ac848f91f98b901326e742	Drivers/DwUsbHostDxe/DwUsbHostDxe.h	24	2836;BCM2836	https://github.com/worproject/RaspberryPiPkg/blob/bcd8eaed2a2f6869a3ac848f91f98b901326e742/Drivers/DwUsbHostDxe/DwUsbHostDxe.h#L24
worproject/RaspberryPiPkg	bcd8eaed2a2f6869a3ac848f91f98b901326e742	Drivers/HypDxe/HypDxe.c	18,60,61,136,172,173,216	2836;BCM2836	https://github.com/worproject/RaspberryPiPkg/blob/bcd8eaed2a2f6869a3ac848f91f98b901326e742/Drivers/HypDxe/HypDxe.c#L18
worproject/RaspberryPiPkg	bcd8eaed2a2f6869a3ac848f91f98b901326e742	Drivers/RpiFirmwareDxe/RpiFirmwareDxe.c	28,64,65,69,89,107,123,134,142,152,706,1067	2836;BCM2836	https://github.com/worproject/RaspberryPiPkg/blob/bcd8eaed2a2f6869a3ac848f91f98b901326e742/Drivers/RpiFirmwareDxe/RpiFirmwareDxe.c#L28
worproject/RaspberryPiPkg	bcd8eaed2a2f6869a3ac848f91f98b901326e742	Drivers/SdHostDxe/SdHostDxe.c	34,36	2836;BCM2836	https://github.com/worproject/RaspberryPiPkg/blob/bcd8eaed2a2f6869a3ac848f91f98b901326e742/Drivers/SdHostDxe/SdHostDxe.c#L34
worproject/RaspberryPiPkg	bcd8eaed2a2f6869a3ac848f91f98b901326e742	Include/IndustryStandard/Bcm2836.h	35,36,39,44,47,48,49,50,51,52,55,56,57,58,59,61,62,64,67,68	2836;BCM2836	https://github.com/worproject/RaspberryPiPkg/blob/bcd8eaed2a2f6869a3ac848f91f98b901326e742/Include/IndustryStandard/Bcm2836.h#L35
worproject/RaspberryPiPkg	bcd8eaed2a2f6869a3ac848f91f98b901326e742	Include/IndustryStandard/Bcm2836MMCHS.h	15,16,199	2836;BCM2836	https://github.com/worproject/RaspberryPiPkg/blob/bcd8eaed2a2f6869a3ac848f91f98b901326e742/Include/IndustryStandard/Bcm2836MMCHS.h#L15
worproject/RaspberryPiPkg	bcd8eaed2a2f6869a3ac848f91f98b901326e742	Include/IndustryStandard/Bcm2836SdHost.h	16,17,19,92	2836;BCM2836	https://github.com/worproject/RaspberryPiPkg/blob/bcd8eaed2a2f6869a3ac848f91f98b901326e742/Include/IndustryStandard/Bcm2836SdHost.h#L16
worproject/RaspberryPiPkg	bcd8eaed2a2f6869a3ac848f91f98b901326e742	Include/IndustryStandard/Bcm2837Gpio.h	19	2836;BCM2836	https://github.com/worproject/RaspberryPiPkg/blob/bcd8eaed2a2f6869a3ac848f91f98b901326e742/Include/IndustryStandard/Bcm2837Gpio.h#L19
worproject/RaspberryPiPkg	bcd8eaed2a2f6869a3ac848f91f98b901326e742	Library/GpioLib/GpioLib.c	22	2836;BCM2836	https://github.com/worproject/RaspberryPiPkg/blob/bcd8eaed2a2f6869a3ac848f91f98b901326e742/Library/GpioLib/GpioLib.c#L22
worproject/RaspberryPiPkg	bcd8eaed2a2f6869a3ac848f91f98b901326e742	Library/RaspberryPiPlatformLib/AARCH64/RaspberryPiHelper.S	17,24,25,27,35,49,52,53,55,57	2836;BCM2836	https://github.com/worproject/RaspberryPiPkg/blob/bcd8eaed2a2f6869a3ac848f91f98b901326e742/Library/RaspberryPiPlatformLib/AARCH64/RaspberryPiHelper.S#L17
worproject/RaspberryPiPkg	bcd8eaed2a2f6869a3ac848f91f98b901326e742	Library/RaspberryPiPlatformLib/ARM/RaspberryPiHelper.S	17,24,25,28,36,51,54,55,57,59	2836;BCM2836	https://github.com/worproject/RaspberryPiPkg/blob/bcd8eaed2a2f6869a3ac848f91f98b901326e742/Library/RaspberryPiPlatformLib/ARM/RaspberryPiHelper.S#L17
worproject/RaspberryPiPkg	bcd8eaed2a2f6869a3ac848f91f98b901326e742	Library/RaspberryPiPlatformLib/RaspberryPiMem.c	18,70,71,72	2836;BCM2836	https://github.com/worproject/RaspberryPiPkg/blob/bcd8eaed2a2f6869a3ac848f91f98b901326e742/Library/RaspberryPiPlatformLib/RaspberryPiMem.c#L18
worproject/RaspberryPiPkg	bcd8eaed2a2f6869a3ac848f91f98b901326e742	RaspberryPiPkg.dsc	567	2836;BCM2836	https://github.com/worproject/RaspberryPiPkg/blob/bcd8eaed2a2f6869a3ac848f91f98b901326e742/RaspberryPiPkg.dsc#L567
worproject/RaspberryPiPkg	bcd8eaed2a2f6869a3ac848f91f98b901326e742	RaspberryPiPkg.fdf	222	2836;BCM2836	https://github.com/worproject/RaspberryPiPkg/blob/bcd8eaed2a2f6869a3ac848f91f98b901326e742/RaspberryPiPkg.fdf#L222
worproject/Rockchip-Windows-Drivers	e00e70dabe17c3e150ea2b06b5a2b640bf0552b6	drivers/i2c/rk3xi2c/rk3xi2c.vcxproj	103	pi2	https://github.com/worproject/Rockchip-Windows-Drivers/blob/e00e70dabe17c3e150ea2b06b5a2b640bf0552b6/drivers/i2c/rk3xi2c/rk3xi2c.vcxproj#L103
worproject/Rockchip-Windows-Drivers	e00e70dabe17c3e150ea2b06b5a2b640bf0552b6	drivers/i2c/rk3xi2c/rk3xi2c.vcxproj.Filters	30	pi2	https://github.com/worproject/Rockchip-Windows-Drivers/blob/e00e70dabe17c3e150ea2b06b5a2b640bf0552b6/drivers/i2c/rk3xi2c/rk3xi2c.vcxproj.Filters#L30
worproject/Rockchip-Windows-Drivers	e00e70dabe17c3e150ea2b06b5a2b640bf0552b6	drivers/sd/dwcsdhc/README.md	20	bcm2836	https://github.com/worproject/Rockchip-Windows-Drivers/blob/e00e70dabe17c3e150ea2b06b5a2b640bf0552b6/drivers/sd/dwcsdhc/README.md#L20
worproject/RPi-UEFI-Arm32	5bfd48d674e6c7efea6e31f9eb97b9da90c20263	AppPkg/Applications/Python/Python-2.7.2/Lib/test/decimaltestdata/ddDivide.decTest	658,783,804	2836	https://github.com/worproject/RPi-UEFI-Arm32/blob/5bfd48d674e6c7efea6e31f9eb97b9da90c20263/AppPkg/Applications/Python/Python-2.7.2/Lib/test/decimaltestdata/ddDivide.decTest#L658
worproject/RPi-UEFI-Arm32	5bfd48d674e6c7efea6e31f9eb97b9da90c20263	AppPkg/Applications/Python/Python-2.7.2/Lib/test/decimaltestdata/ddFMA.decTest	522	2836	https://github.com/worproject/RPi-UEFI-Arm32/blob/5bfd48d674e6c7efea6e31f9eb97b9da90c20263/AppPkg/Applications/Python/Python-2.7.2/Lib/test/decimaltestdata/ddFMA.decTest#L522
worproject/RPi-UEFI-Arm32	5bfd48d674e6c7efea6e31f9eb97b9da90c20263	AppPkg/Applications/Python/Python-2.7.2/Lib/test/decimaltestdata/dqFMA.decTest	540	2836	https://github.com/worproject/RPi-UEFI-Arm32/blob/5bfd48d674e6c7efea6e31f9eb97b9da90c20263/AppPkg/Applications/Python/Python-2.7.2/Lib/test/decimaltestdata/dqFMA.decTest#L540
worproject/RPi-UEFI-Arm32	5bfd48d674e6c7efea6e31f9eb97b9da90c20263	AppPkg/Applications/Python/Python-2.7.2/Lib/test/decimaltestdata/fma.decTest	691	2836	https://github.com/worproject/RPi-UEFI-Arm32/blob/5bfd48d674e6c7efea6e31f9eb97b9da90c20263/AppPkg/Applications/Python/Python-2.7.2/Lib/test/decimaltestdata/fma.decTest#L691
worproject/RPi-UEFI-Arm32	5bfd48d674e6c7efea6e31f9eb97b9da90c20263	AppPkg/Applications/Python/Python-2.7.2/Lib/test/decimaltestdata/power.decTest	1324	2836	https://github.com/worproject/RPi-UEFI-Arm32/blob/5bfd48d674e6c7efea6e31f9eb97b9da90c20263/AppPkg/Applications/Python/Python-2.7.2/Lib/test/decimaltestdata/power.decTest#L1324
worproject/RPi-UEFI-Arm32	5bfd48d674e6c7efea6e31f9eb97b9da90c20263	AppPkg/Applications/Python/Python-2.7.2/Lib/test/decimaltestdata/powersqrt.decTest	869	2836	https://github.com/worproject/RPi-UEFI-Arm32/blob/5bfd48d674e6c7efea6e31f9eb97b9da90c20263/AppPkg/Applications/Python/Python-2.7.2/Lib/test/decimaltestdata/powersqrt.decTest#L869
worproject/RPi-UEFI-Arm32	5bfd48d674e6c7efea6e31f9eb97b9da90c20263	AppPkg/Applications/Python/Python-2.7.2/Lib/test/decimaltestdata/randomBound32.decTest	124,1182,1183,1184,1185,1186,1187,1188,1189,1692,1693,1694,1695,1696,1698,1699,1904	2836	https://github.com/worproject/RPi-UEFI-Arm32/blob/5bfd48d674e6c7efea6e31f9eb97b9da90c20263/AppPkg/Applications/Python/Python-2.7.2/Lib/test/decimaltestdata/randomBound32.decTest#L124
worproject/RPi-UEFI-Arm32	5bfd48d674e6c7efea6e31f9eb97b9da90c20263	AppPkg/Applications/Python/Python-2.7.2/Lib/test/decimaltestdata/randoms.decTest	147,1118,1119,1120,1121,1122,1123,1124,1125,3896	2836	https://github.com/worproject/RPi-UEFI-Arm32/blob/5bfd48d674e6c7efea6e31f9eb97b9da90c20263/AppPkg/Applications/Python/Python-2.7.2/Lib/test/decimaltestdata/randoms.decTest#L147
worproject/RPi-UEFI-Arm32	5bfd48d674e6c7efea6e31f9eb97b9da90c20263	AppPkg/Applications/Python/Python-2.7.2/Lib/test/decimaltestdata/squareroot.decTest	860	2836	https://github.com/worproject/RPi-UEFI-Arm32/blob/5bfd48d674e6c7efea6e31f9eb97b9da90c20263/AppPkg/Applications/Python/Python-2.7.2/Lib/test/decimaltestdata/squareroot.decTest#L860
worproject/RPi-UEFI-Arm32	5bfd48d674e6c7efea6e31f9eb97b9da90c20263	AppPkg/Applications/Python/Python-2.7.2/Lib/test/floating_points.txt	462,1017	2836	https://github.com/worproject/RPi-UEFI-Arm32/blob/5bfd48d674e6c7efea6e31f9eb97b9da90c20263/AppPkg/Applications/Python/Python-2.7.2/Lib/test/floating_points.txt#L462
worproject/RPi-UEFI-Arm32	5bfd48d674e6c7efea6e31f9eb97b9da90c20263	AppPkg/Applications/Python/Python-2.7.2/Lib/test/test_exceptions.py	171,181,187	Pi2	https://github.com/worproject/RPi-UEFI-Arm32/blob/5bfd48d674e6c7efea6e31f9eb97b9da90c20263/AppPkg/Applications/Python/Python-2.7.2/Lib/test/test_exceptions.py#L171
worproject/RPi-UEFI-Arm32	5bfd48d674e6c7efea6e31f9eb97b9da90c20263	AppPkg/Applications/Python/Python-2.7.2/Lib/test/test_sys.py	650	Pi2	https://github.com/worproject/RPi-UEFI-Arm32/blob/5bfd48d674e6c7efea6e31f9eb97b9da90c20263/AppPkg/Applications/Python/Python-2.7.2/Lib/test/test_sys.py#L650
worproject/RPi-UEFI-Arm32	5bfd48d674e6c7efea6e31f9eb97b9da90c20263	AppPkg/Applications/Python/Python-2.7.2/Modules/cjkcodecs/mappings_cn.h	12,131,262,336,431,1037,1038,1296,1925,2951,3019,3420,3538,3985	2836	https://github.com/worproject/RPi-UEFI-Arm32/blob/5bfd48d674e6c7efea6e31f9eb97b9da90c20263/AppPkg/Applications/Python/Python-2.7.2/Modules/cjkcodecs/mappings_cn.h#L12
worproject/RPi-UEFI-Arm32	5bfd48d674e6c7efea6e31f9eb97b9da90c20263	AppPkg/Applications/Python/Python-2.7.2/Modules/cjkcodecs/mappings_hk.h	13,282,312	2836	https://github.com/worproject/RPi-UEFI-Arm32/blob/5bfd48d674e6c7efea6e31f9eb97b9da90c20263/AppPkg/Applications/Python/Python-2.7.2/Modules/cjkcodecs/mappings_hk.h#L13
worproject/RPi-UEFI-Arm32	5bfd48d674e6c7efea6e31f9eb97b9da90c20263	AppPkg/Applications/Python/Python-2.7.2/Modules/cjkcodecs/mappings_jp.h	68,128,375,377,785,882,1500,1628,1798,2967,3137,4199	2836	https://github.com/worproject/RPi-UEFI-Arm32/blob/5bfd48d674e6c7efea6e31f9eb97b9da90c20263/AppPkg/Applications/Python/Python-2.7.2/Modules/cjkcodecs/mappings_jp.h#L68
worproject/RPi-UEFI-Arm32	5bfd48d674e6c7efea6e31f9eb97b9da90c20263	AppPkg/Applications/Python/Python-2.7.2/Modules/cjkcodecs/mappings_kr.h	507,558,608,617,618,1236,1592,2337,2901	2836	https://github.com/worproject/RPi-UEFI-Arm32/blob/5bfd48d674e6c7efea6e31f9eb97b9da90c20263/AppPkg/Applications/Python/Python-2.7.2/Modules/cjkcodecs/mappings_kr.h#L507
worproject/RPi-UEFI-Arm32	5bfd48d674e6c7efea6e31f9eb97b9da90c20263	AppPkg/Applications/Python/Python-2.7.2/Modules/cjkcodecs/mappings_tw.h	254,289,326,774,775,776,829,1320,1426,2414	2836	https://github.com/worproject/RPi-UEFI-Arm32/blob/5bfd48d674e6c7efea6e31f9eb97b9da90c20263/AppPkg/Applications/Python/Python-2.7.2/Modules/cjkcodecs/mappings_tw.h#L254
worproject/RPi-UEFI-Arm32	5bfd48d674e6c7efea6e31f9eb97b9da90c20263	AppPkg/Applications/Python/Python-2.7.2/Modules/unicodedata_db.h	2973,3038,3475	2836	https://github.com/worproject/RPi-UEFI-Arm32/blob/5bfd48d674e6c7efea6e31f9eb97b9da90c20263/AppPkg/Applications/Python/Python-2.7.2/Modules/unicodedata_db.h#L2973
worproject/RPi-UEFI-Arm32	5bfd48d674e6c7efea6e31f9eb97b9da90c20263	AppPkg/Applications/Python/Python-2.7.2/Modules/unicodename_db.h	4436,4523,12968,12969,14430,15455,15780,16186	2836	https://github.com/worproject/RPi-UEFI-Arm32/blob/5bfd48d674e6c7efea6e31f9eb97b9da90c20263/AppPkg/Applications/Python/Python-2.7.2/Modules/unicodename_db.h#L4436
worproject/RPi-UEFI-Arm32	5bfd48d674e6c7efea6e31f9eb97b9da90c20263	ArmPkg/ArmPkg.dsc	33,34,86,160,161	ARMv7	https://github.com/worproject/RPi-UEFI-Arm32/blob/5bfd48d674e6c7efea6e31f9eb97b9da90c20263/ArmPkg/ArmPkg.dsc#L33
worproject/RPi-UEFI-Arm32	5bfd48d674e6c7efea6e31f9eb97b9da90c20263	ArmPkg/Drivers/ArmCpuLib/ArmCortexA8Lib/ArmCortexA8Lib.c	20	ARMv7	https://github.com/worproject/RPi-UEFI-Arm32/blob/5bfd48d674e6c7efea6e31f9eb97b9da90c20263/ArmPkg/Drivers/ArmCpuLib/ArmCortexA8Lib/ArmCortexA8Lib.c#L20
worproject/RPi-UEFI-Arm32	5bfd48d674e6c7efea6e31f9eb97b9da90c20263	ArmPkg/Drivers/ArmGic/GicV3/Arm/ArmGicV3.asm	14	ARMv7	https://github.com/worproject/RPi-UEFI-Arm32/blob/5bfd48d674e6c7efea6e31f9eb97b9da90c20263/ArmPkg/Drivers/ArmGic/GicV3/Arm/ArmGicV3.asm#L14
worproject/RPi-UEFI-Arm32	5bfd48d674e6c7efea6e31f9eb97b9da90c20263	ArmPkg/Drivers/ArmGic/GicV3/Arm/ArmGicV3.S	17	ARMv7	https://github.com/worproject/RPi-UEFI-Arm32/blob/5bfd48d674e6c7efea6e31f9eb97b9da90c20263/ArmPkg/Drivers/ArmGic/GicV3/Arm/ArmGicV3.S#L17
worproject/RPi-UEFI-Arm32	5bfd48d674e6c7efea6e31f9eb97b9da90c20263	ArmPkg/Drivers/CpuDxe/ArmV6/Exception.c	18,19	ARMv7	https://github.com/worproject/RPi-UEFI-Arm32/blob/5bfd48d674e6c7efea6e31f9eb97b9da90c20263/ArmPkg/Drivers/CpuDxe/ArmV6/Exception.c#L18
worproject/RPi-UEFI-Arm32	5bfd48d674e6c7efea6e31f9eb97b9da90c20263	ArmPkg/Drivers/CpuDxe/ArmV6/Mmu.c	470,595	ARMv7	https://github.com/worproject/RPi-UEFI-Arm32/blob/5bfd48d674e6c7efea6e31f9eb97b9da90c20263/ArmPkg/Drivers/CpuDxe/ArmV6/Mmu.c#L470
worproject/RPi-UEFI-Arm32	5bfd48d674e6c7efea6e31f9eb97b9da90c20263	ArmPkg/Include/Chipset/ArmCortexA15.h	18	ARMv7	https://github.com/worproject/RPi-UEFI-Arm32/blob/5bfd48d674e6c7efea6e31f9eb97b9da90c20263/ArmPkg/Include/Chipset/ArmCortexA15.h#L18
worproject/RPi-UEFI-Arm32	5bfd48d674e6c7efea6e31f9eb97b9da90c20263	ArmPkg/Include/Chipset/ArmCortexA9.h	18	ARMv7	https://github.com/worproject/RPi-UEFI-Arm32/blob/5bfd48d674e6c7efea6e31f9eb97b9da90c20263/ArmPkg/Include/Chipset/ArmCortexA9.h#L18
worproject/RPi-UEFI-Arm32	5bfd48d674e6c7efea6e31f9eb97b9da90c20263	ArmPkg/Include/Chipset/ArmV7.h	20	ARMv7	https://github.com/worproject/RPi-UEFI-Arm32/blob/5bfd48d674e6c7efea6e31f9eb97b9da90c20263/ArmPkg/Include/Chipset/ArmV7.h#L20
worproject/RPi-UEFI-Arm32	5bfd48d674e6c7efea6e31f9eb97b9da90c20263	ArmPkg/Include/Chipset/ArmV7Mmu.h	15,16	ARMv7	https://github.com/worproject/RPi-UEFI-Arm32/blob/5bfd48d674e6c7efea6e31f9eb97b9da90c20263/ArmPkg/Include/Chipset/ArmV7Mmu.h#L15
worproject/RPi-UEFI-Arm32	5bfd48d674e6c7efea6e31f9eb97b9da90c20263	ArmPkg/Include/Library/ArmLib.h	26	ARMv7	https://github.com/worproject/RPi-UEFI-Arm32/blob/5bfd48d674e6c7efea6e31f9eb97b9da90c20263/ArmPkg/Include/Library/ArmLib.h#L26
worproject/RPi-UEFI-Arm32	5bfd48d674e6c7efea6e31f9eb97b9da90c20263	ArmPkg/Library/ArmArchTimerLib/ArmArchTimerLib.c	47	ARMv7	https://github.com/worproject/RPi-UEFI-Arm32/blob/5bfd48d674e6c7efea6e31f9eb97b9da90c20263/ArmPkg/Library/ArmArchTimerLib/ArmArchTimerLib.c#L47
worproject/RPi-UEFI-Arm32	5bfd48d674e6c7efea6e31f9eb97b9da90c20263	ArmPkg/Library/ArmLib/ArmV7/ArmV7ArchTimer.c	16,22	ARMv7	https://github.com/worproject/RPi-UEFI-Arm32/blob/5bfd48d674e6c7efea6e31f9eb97b9da90c20263/ArmPkg/Library/ArmLib/ArmV7/ArmV7ArchTimer.c#L16
worproject/RPi-UEFI-Arm32	5bfd48d674e6c7efea6e31f9eb97b9da90c20263	ArmPkg/Library/ArmLib/ArmV7/ArmV7ArchTimerSupport.asm	36	ARMv7	https://github.com/worproject/RPi-UEFI-Arm32/blob/5bfd48d674e6c7efea6e31f9eb97b9da90c20263/ArmPkg/Library/ArmLib/ArmV7/ArmV7ArchTimerSupport.asm#L36
worproject/RPi-UEFI-Arm32	5bfd48d674e6c7efea6e31f9eb97b9da90c20263	ArmPkg/Library/ArmLib/ArmV7/ArmV7Lib.c	16,20,193,202,213,222,238,248,258,268	ARMv7	https://github.com/worproject/RPi-UEFI-Arm32/blob/5bfd48d674e6c7efea6e31f9eb97b9da90c20263/ArmPkg/Library/ArmLib/ArmV7/ArmV7Lib.c#L16
worproject/RPi-UEFI-Arm32	5bfd48d674e6c7efea6e31f9eb97b9da90c20263	ArmPkg/Library/ArmLib/ArmV7/ArmV7Lib.h	22,27	ARMv7	https://github.com/worproject/RPi-UEFI-Arm32/blob/5bfd48d674e6c7efea6e31f9eb97b9da90c20263/ArmPkg/Library/ArmLib/ArmV7/ArmV7Lib.h#L22
worproject/RPi-UEFI-Arm32	5bfd48d674e6c7efea6e31f9eb97b9da90c20263	ArmPkg/Library/ArmLib/ArmV7/ArmV7Lib.inf	18,32,33,35,36,38,39,40	ARMv7	https://github.com/worproject/RPi-UEFI-Arm32/blob/5bfd48d674e6c7efea6e31f9eb97b9da90c20263/ArmPkg/Library/ArmLib/ArmV7/ArmV7Lib.inf#L18
worproject/RPi-UEFI-Arm32	5bfd48d674e6c7efea6e31f9eb97b9da90c20263	ArmPkg/Library/ArmLib/ArmV7/ArmV7LibPrePi.inf	18,32,33,35,36,38,39,40	ARMv7	https://github.com/worproject/RPi-UEFI-Arm32/blob/5bfd48d674e6c7efea6e31f9eb97b9da90c20263/ArmPkg/Library/ArmLib/ArmV7/ArmV7LibPrePi.inf#L18
worproject/RPi-UEFI-Arm32	5bfd48d674e6c7efea6e31f9eb97b9da90c20263	ArmPkg/Library/ArmLib/ArmV7/ArmV7LibSec.inf	16,30,31,33,35,36,37	ARMv7	https://github.com/worproject/RPi-UEFI-Arm32/blob/5bfd48d674e6c7efea6e31f9eb97b9da90c20263/ArmPkg/Library/ArmLib/ArmV7/ArmV7LibSec.inf#L16
worproject/RPi-UEFI-Arm32	5bfd48d674e6c7efea6e31f9eb97b9da90c20263	ArmPkg/Library/ArmLib/ArmV7/ArmV7Mmu.c	2,18,24	ARMv7	https://github.com/worproject/RPi-UEFI-Arm32/blob/5bfd48d674e6c7efea6e31f9eb97b9da90c20263/ArmPkg/Library/ArmLib/ArmV7/ArmV7Mmu.c#L2
worproject/RPi-UEFI-Arm32	5bfd48d674e6c7efea6e31f9eb97b9da90c20263	ArmPkg/Library/ArmLib/ArmV7/ArmV7Support.asm	37,38,53,216,265	ARMv7	https://github.com/worproject/RPi-UEFI-Arm32/blob/5bfd48d674e6c7efea6e31f9eb97b9da90c20263/ArmPkg/Library/ArmLib/ArmV7/ArmV7Support.asm#L37
worproject/RPi-UEFI-Arm32	5bfd48d674e6c7efea6e31f9eb97b9da90c20263	ArmPkg/Library/ArmLib/ArmV7/ArmV7Support.S	40,41,218,271	ARMv7	https://github.com/worproject/RPi-UEFI-Arm32/blob/5bfd48d674e6c7efea6e31f9eb97b9da90c20263/ArmPkg/Library/ArmLib/ArmV7/ArmV7Support.S#L40
worproject/RPi-UEFI-Arm32	5bfd48d674e6c7efea6e31f9eb97b9da90c20263	ArmPkg/Library/BaseMemoryLibVstm/BaseMemoryLibVstm.inf	6	ARMv7	https://github.com/worproject/RPi-UEFI-Arm32/blob/5bfd48d674e6c7efea6e31f9eb97b9da90c20263/ArmPkg/Library/BaseMemoryLibVstm/BaseMemoryLibVstm.inf#L6
worproject/RPi-UEFI-Arm32	5bfd48d674e6c7efea6e31f9eb97b9da90c20263	ArmPkg/Library/SemihostLib/Arm/GccSemihost.S	25,26	ARMv7	https://github.com/worproject/RPi-UEFI-Arm32/blob/5bfd48d674e6c7efea6e31f9eb97b9da90c20263/ArmPkg/Library/SemihostLib/Arm/GccSemihost.S#L25
worproject/RPi-UEFI-Arm32	5bfd48d674e6c7efea6e31f9eb97b9da90c20263	ArmPlatformPkg/APMXGenePkg/Drivers/SnpDxe/ethernet/apm_enet_csr.h	621,622,623,624,625,626,627,628,629,630,631,632,633,634,635,636,637,638,639,640,641,642,643,644,645,646,647,648,649,650,651,652,653,654,655,656,5566,5567,5568,5569,5570,5571,5572,5573,5576,5577,5578,5579,5580,5581,5582,5583,5585,5586,5587,5588,5589,5590,5591,5593,5594,5595,5596,5597,5598,5599,5602,5603,5604,5605,5606,5607,5608,5609,5612,5613,5614,5615,5616,5617,5618,5619,5621,5622,5623,5624,5625,5626,5627,5629,5630,5631,5632,5633,5634,5635,5638,5639,5640,5641,5642,5643,5644,5645,5648,5649,5650,5651,5652,5653,5654,5655,5657,5658,5659,5660,5661,5662,5663,5665,5666,5667,5668,5669,5670,5671,5674,5692,5718,5728,5738,5829,5925,5941,5950,5959,5982,5998,6033	Pi2	https://github.com/worproject/RPi-UEFI-Arm32/blob/5bfd48d674e6c7efea6e31f9eb97b9da90c20263/ArmPlatformPkg/APMXGenePkg/Drivers/SnpDxe/ethernet/apm_enet_csr.h#L621
worproject/RPi-UEFI-Arm32	5bfd48d674e6c7efea6e31f9eb97b9da90c20263	ArmPlatformPkg/APMXGenePkg/Drivers/SnpDxe/ethernet/apm_enet_misc.c	253,900,903,926	Pi2	https://github.com/worproject/RPi-UEFI-Arm32/blob/5bfd48d674e6c7efea6e31f9eb97b9da90c20263/ArmPlatformPkg/APMXGenePkg/Drivers/SnpDxe/ethernet/apm_enet_misc.c#L253
worproject/RPi-UEFI-Arm32	5bfd48d674e6c7efea6e31f9eb97b9da90c20263	ArmPlatformPkg/APMXGenePkg/Include/APMXGeneSlimPROCSR.h	13300,13380	Pi2	https://github.com/worproject/RPi-UEFI-Arm32/blob/5bfd48d674e6c7efea6e31f9eb97b9da90c20263/ArmPlatformPkg/APMXGenePkg/Include/APMXGeneSlimPROCSR.h#L13300
worproject/RPi-UEFI-Arm32	5bfd48d674e6c7efea6e31f9eb97b9da90c20263	ArmPlatformPkg/APMXGenePkg/Include/ipp_csr.h	13926,14018	Pi2	https://github.com/worproject/RPi-UEFI-Arm32/blob/5bfd48d674e6c7efea6e31f9eb97b9da90c20263/ArmPlatformPkg/APMXGenePkg/Include/ipp_csr.h#L13926
worproject/RPi-UEFI-Arm32	5bfd48d674e6c7efea6e31f9eb97b9da90c20263	ArmPlatformPkg/APMXGenePkg/Modules/ArmPkg/Library/ArmArchTimerLib/ArmArchTimerLib.c	47	ARMv7	https://github.com/worproject/RPi-UEFI-Arm32/blob/5bfd48d674e6c7efea6e31f9eb97b9da90c20263/ArmPlatformPkg/APMXGenePkg/Modules/ArmPkg/Library/ArmArchTimerLib/ArmArchTimerLib.c#L47
worproject/RPi-UEFI-Arm32	5bfd48d674e6c7efea6e31f9eb97b9da90c20263	ArmPlatformPkg/APMXGenePkg/Modules/ArmPlatformPkg/Library/EblCmdLib/Arm/EblCmdMmu.c	18	ARMv7	https://github.com/worproject/RPi-UEFI-Arm32/blob/5bfd48d674e6c7efea6e31f9eb97b9da90c20263/ArmPlatformPkg/APMXGenePkg/Modules/ArmPlatformPkg/Library/EblCmdLib/Arm/EblCmdMmu.c#L18
worproject/RPi-UEFI-Arm32	5bfd48d674e6c7efea6e31f9eb97b9da90c20263	ArmPlatformPkg/APMXGenePkg/Sec/Helper.S	130	ARMv7	https://github.com/worproject/RPi-UEFI-Arm32/blob/5bfd48d674e6c7efea6e31f9eb97b9da90c20263/ArmPlatformPkg/APMXGenePkg/Sec/Helper.S#L130
worproject/RPi-UEFI-Arm32	5bfd48d674e6c7efea6e31f9eb97b9da90c20263	ArmPlatformPkg/ArmJunoPkg/ArmJuno.dsc	58	ARMv7	https://github.com/worproject/RPi-UEFI-Arm32/blob/5bfd48d674e6c7efea6e31f9eb97b9da90c20263/ArmPlatformPkg/ArmJunoPkg/ArmJuno.dsc#L58
worproject/RPi-UEFI-Arm32	5bfd48d674e6c7efea6e31f9eb97b9da90c20263	ArmPlatformPkg/ArmPlatformPkg-2ndstage.dsc	118,191,193	ARMv7	https://github.com/worproject/RPi-UEFI-Arm32/blob/5bfd48d674e6c7efea6e31f9eb97b9da90c20263/ArmPlatformPkg/ArmPlatformPkg-2ndstage.dsc#L118
worproject/RPi-UEFI-Arm32	5bfd48d674e6c7efea6e31f9eb97b9da90c20263	ArmPlatformPkg/ArmPlatformPkg.dsc	119,139,225,227	ARMv7	https://github.com/worproject/RPi-UEFI-Arm32/blob/5bfd48d674e6c7efea6e31f9eb97b9da90c20263/ArmPlatformPkg/ArmPlatformPkg.dsc#L119
worproject/RPi-UEFI-Arm32	5bfd48d674e6c7efea6e31f9eb97b9da90c20263	ArmPlatformPkg/ArmRealViewEbPkg/ArmRealViewEb-RTSM-A8.dsc	33,38,47,154	ARMv7	https://github.com/worproject/RPi-UEFI-Arm32/blob/5bfd48d674e6c7efea6e31f9eb97b9da90c20263/ArmPlatformPkg/ArmRealViewEbPkg/ArmRealViewEb-RTSM-A8.dsc#L33
worproject/RPi-UEFI-Arm32	5bfd48d674e6c7efea6e31f9eb97b9da90c20263	ArmPlatformPkg/ArmRealViewEbPkg/ArmRealViewEb-RTSM-A9x2.dsc	33,38,47,157	ARMv7	https://github.com/worproject/RPi-UEFI-Arm32/blob/5bfd48d674e6c7efea6e31f9eb97b9da90c20263/ArmPlatformPkg/ArmRealViewEbPkg/ArmRealViewEb-RTSM-A9x2.dsc#L33
worproject/RPi-UEFI-Arm32	5bfd48d674e6c7efea6e31f9eb97b9da90c20263	ArmPlatformPkg/ArmVExpressPkg/ArmVExpress-CTA15-A7.dsc	38,217	ARMv7	https://github.com/worproject/RPi-UEFI-Arm32/blob/5bfd48d674e6c7efea6e31f9eb97b9da90c20263/ArmPlatformPkg/ArmVExpressPkg/ArmVExpress-CTA15-A7.dsc#L38
worproject/RPi-UEFI-Arm32	5bfd48d674e6c7efea6e31f9eb97b9da90c20263	ArmPlatformPkg/ArmVExpressPkg/ArmVExpress-CTA9x4.dsc	47,66,227	ARMv7	https://github.com/worproject/RPi-UEFI-Arm32/blob/5bfd48d674e6c7efea6e31f9eb97b9da90c20263/ArmPlatformPkg/ArmVExpressPkg/ArmVExpress-CTA9x4.dsc#L47
worproject/RPi-UEFI-Arm32	5bfd48d674e6c7efea6e31f9eb97b9da90c20263	ArmPlatformPkg/ArmVExpressPkg/ArmVExpress-RTSM-A15_MPCore.dsc	37,54,194	ARMv7	https://github.com/worproject/RPi-UEFI-Arm32/blob/5bfd48d674e6c7efea6e31f9eb97b9da90c20263/ArmPlatformPkg/ArmVExpressPkg/ArmVExpress-RTSM-A15_MPCore.dsc#L37
worproject/RPi-UEFI-Arm32	5bfd48d674e6c7efea6e31f9eb97b9da90c20263	ArmPlatformPkg/ArmVExpressPkg/ArmVExpress-RTSM-A15.dsc	37,54,192	ARMv7	https://github.com/worproject/RPi-UEFI-Arm32/blob/5bfd48d674e6c7efea6e31f9eb97b9da90c20263/ArmPlatformPkg/ArmVExpressPkg/ArmVExpress-RTSM-A15.dsc#L37
worproject/RPi-UEFI-Arm32	5bfd48d674e6c7efea6e31f9eb97b9da90c20263	ArmPlatformPkg/ArmVExpressPkg/ArmVExpress-RTSM-A9x4.dsc	37,53,65,204	ARMv7	https://github.com/worproject/RPi-UEFI-Arm32/blob/5bfd48d674e6c7efea6e31f9eb97b9da90c20263/ArmPlatformPkg/ArmVExpressPkg/ArmVExpress-RTSM-A9x4.dsc#L37
worproject/RPi-UEFI-Arm32	5bfd48d674e6c7efea6e31f9eb97b9da90c20263	ArmPlatformPkg/ArmVExpressPkg/dts/fvp-base-gicv2-psci.dts	114	ARMv7	https://github.com/worproject/RPi-UEFI-Arm32/blob/5bfd48d674e6c7efea6e31f9eb97b9da90c20263/ArmPlatformPkg/ArmVExpressPkg/dts/fvp-base-gicv2-psci.dts#L114
worproject/RPi-UEFI-Arm32	5bfd48d674e6c7efea6e31f9eb97b9da90c20263	ArmPlatformPkg/ArmVExpressPkg/dts/fvp-foundation-gicv2-psci.dts	86	ARMv7	https://github.com/worproject/RPi-UEFI-Arm32/blob/5bfd48d674e6c7efea6e31f9eb97b9da90c20263/ArmPlatformPkg/ArmVExpressPkg/dts/fvp-foundation-gicv2-psci.dts#L86
worproject/RPi-UEFI-Arm32	5bfd48d674e6c7efea6e31f9eb97b9da90c20263	ArmPlatformPkg/ArmVirtualizationPkg/ArmVirtualizationQemu.dsc	42,72	ARMv7	https://github.com/worproject/RPi-UEFI-Arm32/blob/5bfd48d674e6c7efea6e31f9eb97b9da90c20263/ArmPlatformPkg/ArmVirtualizationPkg/ArmVirtualizationQemu.dsc#L42
worproject/RPi-UEFI-Arm32	5bfd48d674e6c7efea6e31f9eb97b9da90c20263	ArmPlatformPkg/ArmVirtualizationPkg/VirtFdtDxe/VirtFdtDxe.c	61	ARMv7	https://github.com/worproject/RPi-UEFI-Arm32/blob/5bfd48d674e6c7efea6e31f9eb97b9da90c20263/ArmPlatformPkg/ArmVirtualizationPkg/VirtFdtDxe/VirtFdtDxe.c#L61
worproject/RPi-UEFI-Arm32	5bfd48d674e6c7efea6e31f9eb97b9da90c20263	ArmPlatformPkg/Library/EblCmdLib/Arm/EblCmdMmu.c	18	ARMv7	https://github.com/worproject/RPi-UEFI-Arm32/blob/5bfd48d674e6c7efea6e31f9eb97b9da90c20263/ArmPlatformPkg/Library/EblCmdLib/Arm/EblCmdMmu.c#L18
worproject/RPi-UEFI-Arm32	5bfd48d674e6c7efea6e31f9eb97b9da90c20263	ArmPlatformPkg/PrePi/Arm/ModuleEntryPoint.asm	19	ARMv7	https://github.com/worproject/RPi-UEFI-Arm32/blob/5bfd48d674e6c7efea6e31f9eb97b9da90c20263/ArmPlatformPkg/PrePi/Arm/ModuleEntryPoint.asm#L19
worproject/RPi-UEFI-Arm32	5bfd48d674e6c7efea6e31f9eb97b9da90c20263	ArmPlatformPkg/PrePi/Arm/ModuleEntryPoint.S	20	ARMv7	https://github.com/worproject/RPi-UEFI-Arm32/blob/5bfd48d674e6c7efea6e31f9eb97b9da90c20263/ArmPlatformPkg/PrePi/Arm/ModuleEntryPoint.S#L20
worproject/RPi-UEFI-Arm32	5bfd48d674e6c7efea6e31f9eb97b9da90c20263	ArmPlatformPkg/Sec/AArch64/Helper.S	59	ARMv7	https://github.com/worproject/RPi-UEFI-Arm32/blob/5bfd48d674e6c7efea6e31f9eb97b9da90c20263/ArmPlatformPkg/Sec/AArch64/Helper.S#L59
worproject/RPi-UEFI-Arm32	5bfd48d674e6c7efea6e31f9eb97b9da90c20263	ArmPlatformPkg/Sec/Arm/Arch.c	15	ARMv7	https://github.com/worproject/RPi-UEFI-Arm32/blob/5bfd48d674e6c7efea6e31f9eb97b9da90c20263/ArmPlatformPkg/Sec/Arm/Arch.c#L15
worproject/RPi-UEFI-Arm32	5bfd48d674e6c7efea6e31f9eb97b9da90c20263	BaseTools/Conf/tools_def.template	4230,4236,4327,4333,4450,4456,4573,4579,6356,6357,6358,6713,6807	ARMv7	https://github.com/worproject/RPi-UEFI-Arm32/blob/5bfd48d674e6c7efea6e31f9eb97b9da90c20263/BaseTools/Conf/tools_def.template#L4230
worproject/RPi-UEFI-Arm32	5bfd48d674e6c7efea6e31f9eb97b9da90c20263	BaseTools/Source/C/GenFw/GenFw.c	38	Pi2	https://github.com/worproject/RPi-UEFI-Arm32/blob/5bfd48d674e6c7efea6e31f9eb97b9da90c20263/BaseTools/Source/C/GenFw/GenFw.c#L38
worproject/RPi-UEFI-Arm32	5bfd48d674e6c7efea6e31f9eb97b9da90c20263	BeagleBoardPkg/BeagleBoardPkg.dsc	34,131,214,216	ARMv7	https://github.com/worproject/RPi-UEFI-Arm32/blob/5bfd48d674e6c7efea6e31f9eb97b9da90c20263/BeagleBoardPkg/BeagleBoardPkg.dsc#L34
worproject/RPi-UEFI-Arm32	5bfd48d674e6c7efea6e31f9eb97b9da90c20263	BeagleBoardPkg/Library/BeagleBoardLib/PadConfiguration.c	234,235,236,237,238	Pi2	https://github.com/worproject/RPi-UEFI-Arm32/blob/5bfd48d674e6c7efea6e31f9eb97b9da90c20263/BeagleBoardPkg/Library/BeagleBoardLib/PadConfiguration.c#L234
worproject/RPi-UEFI-Arm32	5bfd48d674e6c7efea6e31f9eb97b9da90c20263	BeagleBoardPkg/Sec/PadConfiguration.c	237,238,239,240,241	Pi2	https://github.com/worproject/RPi-UEFI-Arm32/blob/5bfd48d674e6c7efea6e31f9eb97b9da90c20263/BeagleBoardPkg/Sec/PadConfiguration.c#L237
worproject/RPi-UEFI-Arm32	5bfd48d674e6c7efea6e31f9eb97b9da90c20263	BuildPi2Board.bat	22,24	Pi2	https://github.com/worproject/RPi-UEFI-Arm32/blob/5bfd48d674e6c7efea6e31f9eb97b9da90c20263/BuildPi2Board.bat#L22
worproject/RPi-UEFI-Arm32	5bfd48d674e6c7efea6e31f9eb97b9da90c20263	BuildPi2Pi3Board.bat	22,25	Pi2	https://github.com/worproject/RPi-UEFI-Arm32/blob/5bfd48d674e6c7efea6e31f9eb97b9da90c20263/BuildPi2Pi3Board.bat#L22
worproject/RPi-UEFI-Arm32	5bfd48d674e6c7efea6e31f9eb97b9da90c20263	DuetPkg/DxeIpl/HobGeneration.c	275	Pi2	https://github.com/worproject/RPi-UEFI-Arm32/blob/5bfd48d674e6c7efea6e31f9eb97b9da90c20263/DuetPkg/DxeIpl/HobGeneration.c#L275
worproject/RPi-UEFI-Arm32	5bfd48d674e6c7efea6e31f9eb97b9da90c20263	DuetPkg/DxeIpl/HobGeneration.h	81	Pi2	https://github.com/worproject/RPi-UEFI-Arm32/blob/5bfd48d674e6c7efea6e31f9eb97b9da90c20263/DuetPkg/DxeIpl/HobGeneration.h#L81
worproject/RPi-UEFI-Arm32	5bfd48d674e6c7efea6e31f9eb97b9da90c20263	DuetPkg/DxeIpl/LegacyTable.c	194,196,197,343	Pi2	https://github.com/worproject/RPi-UEFI-Arm32/blob/5bfd48d674e6c7efea6e31f9eb97b9da90c20263/DuetPkg/DxeIpl/LegacyTable.c#L194
worproject/RPi-UEFI-Arm32	5bfd48d674e6c7efea6e31f9eb97b9da90c20263	DuetPkg/Library/DuetBdsLib/BdsPlatform.c	31,1413	Pi2	https://github.com/worproject/RPi-UEFI-Arm32/blob/5bfd48d674e6c7efea6e31f9eb97b9da90c20263/DuetPkg/Library/DuetBdsLib/BdsPlatform.c#L31
worproject/RPi-UEFI-Arm32	5bfd48d674e6c7efea6e31f9eb97b9da90c20263	DuetPkg/Library/DuetBdsLib/PlatformBds.inf	56	Pi2	https://github.com/worproject/RPi-UEFI-Arm32/blob/5bfd48d674e6c7efea6e31f9eb97b9da90c20263/DuetPkg/Library/DuetBdsLib/PlatformBds.inf#L56
worproject/RPi-UEFI-Arm32	5bfd48d674e6c7efea6e31f9eb97b9da90c20263	EdkCompatibilityPkg/Compatibility/PciCfg2OnPciCfgThunk/PciCfg2OnPciCfgThunk.c	2,56	Pi2	https://github.com/worproject/RPi-UEFI-Arm32/blob/5bfd48d674e6c7efea6e31f9eb97b9da90c20263/EdkCompatibilityPkg/Compatibility/PciCfg2OnPciCfgThunk/PciCfg2OnPciCfgThunk.c#L2
worproject/RPi-UEFI-Arm32	5bfd48d674e6c7efea6e31f9eb97b9da90c20263	EdkCompatibilityPkg/Compatibility/PciCfg2OnPciCfgThunk/PciCfg2OnPciCfgThunk.inf	2,54	Pi2	https://github.com/worproject/RPi-UEFI-Arm32/blob/5bfd48d674e6c7efea6e31f9eb97b9da90c20263/EdkCompatibilityPkg/Compatibility/PciCfg2OnPciCfgThunk/PciCfg2OnPciCfgThunk.inf#L2
worproject/RPi-UEFI-Arm32	5bfd48d674e6c7efea6e31f9eb97b9da90c20263	EdkCompatibilityPkg/Compatibility/PciCfgOnPciCfg2Thunk/PciCfgOnPciCfg2Thunk.c	2,7	Pi2	https://github.com/worproject/RPi-UEFI-Arm32/blob/5bfd48d674e6c7efea6e31f9eb97b9da90c20263/EdkCompatibilityPkg/Compatibility/PciCfgOnPciCfg2Thunk/PciCfgOnPciCfg2Thunk.c#L2
worproject/RPi-UEFI-Arm32	5bfd48d674e6c7efea6e31f9eb97b9da90c20263	EdkCompatibilityPkg/Compatibility/PciCfgOnPciCfg2Thunk/PciCfgOnPciCfg2Thunk.inf	2,7	Pi2	https://github.com/worproject/RPi-UEFI-Arm32/blob/5bfd48d674e6c7efea6e31f9eb97b9da90c20263/EdkCompatibilityPkg/Compatibility/PciCfgOnPciCfg2Thunk/PciCfgOnPciCfg2Thunk.inf#L2
worproject/RPi-UEFI-Arm32	5bfd48d674e6c7efea6e31f9eb97b9da90c20263	EdkCompatibilityPkg/Foundation/Efi/Guid/Acpi/Acpi.c	29,31	Pi2	https://github.com/worproject/RPi-UEFI-Arm32/blob/5bfd48d674e6c7efea6e31f9eb97b9da90c20263/EdkCompatibilityPkg/Foundation/Efi/Guid/Acpi/Acpi.c#L29
worproject/RPi-UEFI-Arm32	5bfd48d674e6c7efea6e31f9eb97b9da90c20263	EdkCompatibilityPkg/Foundation/Efi/Guid/Acpi/Acpi.h	42	Pi2	https://github.com/worproject/RPi-UEFI-Arm32/blob/5bfd48d674e6c7efea6e31f9eb97b9da90c20263/EdkCompatibilityPkg/Foundation/Efi/Guid/Acpi/Acpi.h#L42
worproject/RPi-UEFI-Arm32	5bfd48d674e6c7efea6e31f9eb97b9da90c20263	EdkCompatibilityPkg/Foundation/Include/IndustryStandard/Acpi.h	28	Pi2	https://github.com/worproject/RPi-UEFI-Arm32/blob/5bfd48d674e6c7efea6e31f9eb97b9da90c20263/EdkCompatibilityPkg/Foundation/Include/IndustryStandard/Acpi.h#L28
worproject/RPi-UEFI-Arm32	5bfd48d674e6c7efea6e31f9eb97b9da90c20263	EdkCompatibilityPkg/Foundation/Include/IndustryStandard/Acpi2_0.h	14	Pi2	https://github.com/worproject/RPi-UEFI-Arm32/blob/5bfd48d674e6c7efea6e31f9eb97b9da90c20263/EdkCompatibilityPkg/Foundation/Include/IndustryStandard/Acpi2_0.h#L14
worproject/RPi-UEFI-Arm32	5bfd48d674e6c7efea6e31f9eb97b9da90c20263	EdkCompatibilityPkg/Foundation/Include/IndustryStandard/AlertStandardFormatTable.h	26	Pi2	https://github.com/worproject/RPi-UEFI-Arm32/blob/5bfd48d674e6c7efea6e31f9eb97b9da90c20263/EdkCompatibilityPkg/Foundation/Include/IndustryStandard/AlertStandardFormatTable.h#L26
worproject/RPi-UEFI-Arm32	5bfd48d674e6c7efea6e31f9eb97b9da90c20263	EdkCompatibilityPkg/Foundation/Include/IndustryStandard/HighPrecisionEventTimerTable.h	29	Pi2	https://github.com/worproject/RPi-UEFI-Arm32/blob/5bfd48d674e6c7efea6e31f9eb97b9da90c20263/EdkCompatibilityPkg/Foundation/Include/IndustryStandard/HighPrecisionEventTimerTable.h#L29
worproject/RPi-UEFI-Arm32	5bfd48d674e6c7efea6e31f9eb97b9da90c20263	EdkCompatibilityPkg/Foundation/Include/IndustryStandard/ServerProcessorManagementInterfaceTable.h	26	Pi2	https://github.com/worproject/RPi-UEFI-Arm32/blob/5bfd48d674e6c7efea6e31f9eb97b9da90c20263/EdkCompatibilityPkg/Foundation/Include/IndustryStandard/ServerProcessorManagementInterfaceTable.h#L26
worproject/RPi-UEFI-Arm32	5bfd48d674e6c7efea6e31f9eb97b9da90c20263	EdkCompatibilityPkg/Foundation/Include/IndustryStandard/WatchdogDescriptionTable.h	29	Pi2	https://github.com/worproject/RPi-UEFI-Arm32/blob/5bfd48d674e6c7efea6e31f9eb97b9da90c20263/EdkCompatibilityPkg/Foundation/Include/IndustryStandard/WatchdogDescriptionTable.h#L29
worproject/RPi-UEFI-Arm32	5bfd48d674e6c7efea6e31f9eb97b9da90c20263	EdkShellPkg/ShellR33.patch	390,392,393,600,602,603,4719,4721,4722	Pi2	https://github.com/worproject/RPi-UEFI-Arm32/blob/5bfd48d674e6c7efea6e31f9eb97b9da90c20263/EdkShellPkg/ShellR33.patch#L390
worproject/RPi-UEFI-Arm32	5bfd48d674e6c7efea6e31f9eb97b9da90c20263	EdkShellPkg/ShellR64.patch	3828,3834,3863,3865,3866,4124,4130,4161,4163,4164,6851,6857,6888,6890,6891	Pi2	https://github.com/worproject/RPi-UEFI-Arm32/blob/5bfd48d674e6c7efea6e31f9eb97b9da90c20263/EdkShellPkg/ShellR64.patch#L3828
worproject/RPi-UEFI-Arm32	5bfd48d674e6c7efea6e31f9eb97b9da90c20263	EmbeddedPkg/EmbeddedPkg.dsc	136	ARMv7	https://github.com/worproject/RPi-UEFI-Arm32/blob/5bfd48d674e6c7efea6e31f9eb97b9da90c20263/EmbeddedPkg/EmbeddedPkg.dsc#L136
worproject/RPi-UEFI-Arm32	5bfd48d674e6c7efea6e31f9eb97b9da90c20263	EmbeddedPkg/Library/GdbDebugAgent/gdbnotes.txt	1	ARMv7	https://github.com/worproject/RPi-UEFI-Arm32/blob/5bfd48d674e6c7efea6e31f9eb97b9da90c20263/EmbeddedPkg/Library/GdbDebugAgent/gdbnotes.txt#L1
worproject/RPi-UEFI-Arm32	5bfd48d674e6c7efea6e31f9eb97b9da90c20263	HisiPkg/D01BoardPkg/D01BoardPkg.dsc	38,63,71,73,222	ARMv7	https://github.com/worproject/RPi-UEFI-Arm32/blob/5bfd48d674e6c7efea6e31f9eb97b9da90c20263/HisiPkg/D01BoardPkg/D01BoardPkg.dsc#L38
worproject/RPi-UEFI-Arm32	5bfd48d674e6c7efea6e31f9eb97b9da90c20263	HisiPkg/D01BoardPkg/Sec/Sec/Arm/Arch.c	15	ARMv7	https://github.com/worproject/RPi-UEFI-Arm32/blob/5bfd48d674e6c7efea6e31f9eb97b9da90c20263/HisiPkg/D01BoardPkg/Sec/Sec/Arm/Arch.c#L15
worproject/RPi-UEFI-Arm32	5bfd48d674e6c7efea6e31f9eb97b9da90c20263	IntelFrameworkModulePkg/Csm/LegacyBiosDxe/LegacyBiosDxe.inf	111,115	Pi2	https://github.com/worproject/RPi-UEFI-Arm32/blob/5bfd48d674e6c7efea6e31f9eb97b9da90c20263/IntelFrameworkModulePkg/Csm/LegacyBiosDxe/LegacyBiosDxe.inf#L111
worproject/RPi-UEFI-Arm32	5bfd48d674e6c7efea6e31f9eb97b9da90c20263	IntelFrameworkModulePkg/Csm/LegacyBiosDxe/LegacyBootSupport.c	979	Pi2	https://github.com/worproject/RPi-UEFI-Arm32/blob/5bfd48d674e6c7efea6e31f9eb97b9da90c20263/IntelFrameworkModulePkg/Csm/LegacyBiosDxe/LegacyBootSupport.c#L979
worproject/RPi-UEFI-Arm32	5bfd48d674e6c7efea6e31f9eb97b9da90c20263	IntelFrameworkModulePkg/Universal/Acpi/AcpiS3SaveDxe/AcpiS3Save.c	297	Pi2	https://github.com/worproject/RPi-UEFI-Arm32/blob/5bfd48d674e6c7efea6e31f9eb97b9da90c20263/IntelFrameworkModulePkg/Universal/Acpi/AcpiS3SaveDxe/AcpiS3Save.c#L297
worproject/RPi-UEFI-Arm32	5bfd48d674e6c7efea6e31f9eb97b9da90c20263	IntelFrameworkModulePkg/Universal/Acpi/AcpiS3SaveDxe/AcpiS3SaveDxe.inf	58	Pi2	https://github.com/worproject/RPi-UEFI-Arm32/blob/5bfd48d674e6c7efea6e31f9eb97b9da90c20263/IntelFrameworkModulePkg/Universal/Acpi/AcpiS3SaveDxe/AcpiS3SaveDxe.inf#L58
worproject/RPi-UEFI-Arm32	5bfd48d674e6c7efea6e31f9eb97b9da90c20263	MdeModulePkg/Core/Pei/PeiMain.inf	95	Pi2	https://github.com/worproject/RPi-UEFI-Arm32/blob/5bfd48d674e6c7efea6e31f9eb97b9da90c20263/MdeModulePkg/Core/Pei/PeiMain.inf#L95
worproject/RPi-UEFI-Arm32	5bfd48d674e6c7efea6e31f9eb97b9da90c20263	MdeModulePkg/Universal/Network/IScsiDxe/IScsiDxe.inf	111	Pi2	https://github.com/worproject/RPi-UEFI-Arm32/blob/5bfd48d674e6c7efea6e31f9eb97b9da90c20263/MdeModulePkg/Universal/Network/IScsiDxe/IScsiDxe.inf#L111
worproject/RPi-UEFI-Arm32	5bfd48d674e6c7efea6e31f9eb97b9da90c20263	MdeModulePkg/Universal/Network/IScsiDxe/IScsiIbft.c	453	Pi2	https://github.com/worproject/RPi-UEFI-Arm32/blob/5bfd48d674e6c7efea6e31f9eb97b9da90c20263/MdeModulePkg/Universal/Network/IScsiDxe/IScsiIbft.c#L453
worproject/RPi-UEFI-Arm32	5bfd48d674e6c7efea6e31f9eb97b9da90c20263	MdePkg/Include/Guid/Acpi.h	44	Pi2	https://github.com/worproject/RPi-UEFI-Arm32/blob/5bfd48d674e6c7efea6e31f9eb97b9da90c20263/MdePkg/Include/Guid/Acpi.h#L44
worproject/RPi-UEFI-Arm32	5bfd48d674e6c7efea6e31f9eb97b9da90c20263	MdePkg/Include/IndustryStandard/Acpi30.h	17	Pi2	https://github.com/worproject/RPi-UEFI-Arm32/blob/5bfd48d674e6c7efea6e31f9eb97b9da90c20263/MdePkg/Include/IndustryStandard/Acpi30.h#L17
worproject/RPi-UEFI-Arm32	5bfd48d674e6c7efea6e31f9eb97b9da90c20263	MdePkg/Library/BaseCpuLib/Arm/CpuSleep.asm	3,9	ARMv7	https://github.com/worproject/RPi-UEFI-Arm32/blob/5bfd48d674e6c7efea6e31f9eb97b9da90c20263/MdePkg/Library/BaseCpuLib/Arm/CpuSleep.asm#L3
worproject/RPi-UEFI-Arm32	5bfd48d674e6c7efea6e31f9eb97b9da90c20263	MdePkg/Library/BaseCpuLib/Arm/CpuSleep.S	3,9	ARMv7	https://github.com/worproject/RPi-UEFI-Arm32/blob/5bfd48d674e6c7efea6e31f9eb97b9da90c20263/MdePkg/Library/BaseCpuLib/Arm/CpuSleep.S#L3
worproject/RPi-UEFI-Arm32	5bfd48d674e6c7efea6e31f9eb97b9da90c20263	MdePkg/Library/BaseLib/AArch64/CpuBreakpoint.S	36	ARMv7	https://github.com/worproject/RPi-UEFI-Arm32/blob/5bfd48d674e6c7efea6e31f9eb97b9da90c20263/MdePkg/Library/BaseLib/AArch64/CpuBreakpoint.S#L36
worproject/RPi-UEFI-Arm32	5bfd48d674e6c7efea6e31f9eb97b9da90c20263	MdePkg/MdePkg.dec	294	Pi2	https://github.com/worproject/RPi-UEFI-Arm32/blob/5bfd48d674e6c7efea6e31f9eb97b9da90c20263/MdePkg/MdePkg.dec#L294
worproject/RPi-UEFI-Arm32	5bfd48d674e6c7efea6e31f9eb97b9da90c20263	NetworkPkg/IScsiDxe/IScsiDxe.inf	116	Pi2	https://github.com/worproject/RPi-UEFI-Arm32/blob/5bfd48d674e6c7efea6e31f9eb97b9da90c20263/NetworkPkg/IScsiDxe/IScsiDxe.inf#L116
worproject/RPi-UEFI-Arm32	5bfd48d674e6c7efea6e31f9eb97b9da90c20263	NetworkPkg/IScsiDxe/IScsiIbft.c	473	Pi2	https://github.com/worproject/RPi-UEFI-Arm32/blob/5bfd48d674e6c7efea6e31f9eb97b9da90c20263/NetworkPkg/IScsiDxe/IScsiIbft.c#L473
worproject/RPi-UEFI-Arm32	5bfd48d674e6c7efea6e31f9eb97b9da90c20263	Omap35xxPkg/Include/Omap3530/Omap3530PadConfiguration.h	234,235,236,237,238	Pi2	https://github.com/worproject/RPi-UEFI-Arm32/blob/5bfd48d674e6c7efea6e31f9eb97b9da90c20263/Omap35xxPkg/Include/Omap3530/Omap3530PadConfiguration.h#L234
worproject/RPi-UEFI-Arm32	5bfd48d674e6c7efea6e31f9eb97b9da90c20263	Omap35xxPkg/Omap35xxPkg.dsc	36,92,93,94,96,97	ARMv7	https://github.com/worproject/RPi-UEFI-Arm32/blob/5bfd48d674e6c7efea6e31f9eb97b9da90c20263/Omap35xxPkg/Omap35xxPkg.dsc#L36
worproject/RPi-UEFI-Arm32	5bfd48d674e6c7efea6e31f9eb97b9da90c20263	Omap44xxPkg/Omap44xxPkg.dsc	36,91,92,93,95,96	ARMv7	https://github.com/worproject/RPi-UEFI-Arm32/blob/5bfd48d674e6c7efea6e31f9eb97b9da90c20263/Omap44xxPkg/Omap44xxPkg.dsc#L36
worproject/RPi-UEFI-Arm32	5bfd48d674e6c7efea6e31f9eb97b9da90c20263	OvmfPkg/AcpiS3SaveDxe/AcpiS3Save.c	283	Pi2	https://github.com/worproject/RPi-UEFI-Arm32/blob/5bfd48d674e6c7efea6e31f9eb97b9da90c20263/OvmfPkg/AcpiS3SaveDxe/AcpiS3Save.c#L283
worproject/RPi-UEFI-Arm32	5bfd48d674e6c7efea6e31f9eb97b9da90c20263	OvmfPkg/AcpiS3SaveDxe/AcpiS3SaveDxe.inf	59	Pi2	https://github.com/worproject/RPi-UEFI-Arm32/blob/5bfd48d674e6c7efea6e31f9eb97b9da90c20263/OvmfPkg/AcpiS3SaveDxe/AcpiS3SaveDxe.inf#L59
worproject/RPi-UEFI-Arm32	5bfd48d674e6c7efea6e31f9eb97b9da90c20263	PandaBoardPkg/Library/PandaBoardLib/Clock.c	215	Pi2	https://github.com/worproject/RPi-UEFI-Arm32/blob/5bfd48d674e6c7efea6e31f9eb97b9da90c20263/PandaBoardPkg/Library/PandaBoardLib/Clock.c#L215
worproject/RPi-UEFI-Arm32	5bfd48d674e6c7efea6e31f9eb97b9da90c20263	PandaBoardPkg/PandaBoardPkg.dsc	34,139,225,227	ARMv7	https://github.com/worproject/RPi-UEFI-Arm32/blob/5bfd48d674e6c7efea6e31f9eb97b9da90c20263/PandaBoardPkg/PandaBoardPkg.dsc#L34
worproject/RPi-UEFI-Arm32	5bfd48d674e6c7efea6e31f9eb97b9da90c20263	Pi2BoardPkg/AcpiTables/Common/CSRT.aslc	4,17,35,44,55,64,71,75,99,100,140,143	2836;Pi2;RPi2	https://github.com/worproject/RPi-UEFI-Arm32/blob/5bfd48d674e6c7efea6e31f9eb97b9da90c20263/Pi2BoardPkg/AcpiTables/Common/CSRT.aslc#L4
worproject/RPi-UEFI-Arm32	5bfd48d674e6c7efea6e31f9eb97b9da90c20263	Pi2BoardPkg/AcpiTables/Common/DSDT.asl	401,402	Pi2	https://github.com/worproject/RPi-UEFI-Arm32/blob/5bfd48d674e6c7efea6e31f9eb97b9da90c20263/Pi2BoardPkg/AcpiTables/Common/DSDT.asl#L401
worproject/RPi-UEFI-Arm32	5bfd48d674e6c7efea6e31f9eb97b9da90c20263	Pi2BoardPkg/AcpiTables/Common/Madt.aslc	17,18	2836;BCM2836;Pi2	https://github.com/worproject/RPi-UEFI-Arm32/blob/5bfd48d674e6c7efea6e31f9eb97b9da90c20263/Pi2BoardPkg/AcpiTables/Common/Madt.aslc#L17
worproject/RPi-UEFI-Arm32	5bfd48d674e6c7efea6e31f9eb97b9da90c20263	Pi2BoardPkg/AcpiTables/Common/PEP.asl	15,17	Pi2;RPi2	https://github.com/worproject/RPi-UEFI-Arm32/blob/5bfd48d674e6c7efea6e31f9eb97b9da90c20263/Pi2BoardPkg/AcpiTables/Common/PEP.asl#L15
worproject/RPi-UEFI-Arm32	5bfd48d674e6c7efea6e31f9eb97b9da90c20263	Pi2BoardPkg/AcpiTables/Common/pep.h	2,5,6	Pi2;RPi2	https://github.com/worproject/RPi-UEFI-Arm32/blob/5bfd48d674e6c7efea6e31f9eb97b9da90c20263/Pi2BoardPkg/AcpiTables/Common/pep.h#L2
worproject/RPi-UEFI-Arm32	5bfd48d674e6c7efea6e31f9eb97b9da90c20263	Pi2BoardPkg/AcpiTables/Common/pepd.source.cxx	65,84,107	Pi2;RPi2	https://github.com/worproject/RPi-UEFI-Arm32/blob/5bfd48d674e6c7efea6e31f9eb97b9da90c20263/Pi2BoardPkg/AcpiTables/Common/pepd.source.cxx#L65
worproject/RPi-UEFI-Arm32	5bfd48d674e6c7efea6e31f9eb97b9da90c20263	Pi2BoardPkg/AcpiTables/Common/Platform.h	2,22,23	Pi2;RPi2	https://github.com/worproject/RPi-UEFI-Arm32/blob/5bfd48d674e6c7efea6e31f9eb97b9da90c20263/Pi2BoardPkg/AcpiTables/Common/Platform.h#L2
worproject/RPi-UEFI-Arm32	5bfd48d674e6c7efea6e31f9eb97b9da90c20263	Pi2BoardPkg/AcpiTables/Uart.asl	38,74,79	2836;BCM2836;Pi2	https://github.com/worproject/RPi-UEFI-Arm32/blob/5bfd48d674e6c7efea6e31f9eb97b9da90c20263/Pi2BoardPkg/AcpiTables/Uart.asl#L38
worproject/RPi-UEFI-Arm32	5bfd48d674e6c7efea6e31f9eb97b9da90c20263	Pi2BoardPkg/Drivers/ArasanMmcHostDxe/ArasanMmcHostDxe.h	36	2836;BCM2836	https://github.com/worproject/RPi-UEFI-Arm32/blob/5bfd48d674e6c7efea6e31f9eb97b9da90c20263/Pi2BoardPkg/Drivers/ArasanMmcHostDxe/ArasanMmcHostDxe.h#L36
worproject/RPi-UEFI-Arm32	5bfd48d674e6c7efea6e31f9eb97b9da90c20263	Pi2BoardPkg/Drivers/ArasanMmcHostDxe/ArasanMmcHostDxe.inf	28,47,48	Pi2	https://github.com/worproject/RPi-UEFI-Arm32/blob/5bfd48d674e6c7efea6e31f9eb97b9da90c20263/Pi2BoardPkg/Drivers/ArasanMmcHostDxe/ArasanMmcHostDxe.inf#L28
worproject/RPi-UEFI-Arm32	5bfd48d674e6c7efea6e31f9eb97b9da90c20263	Pi2BoardPkg/Drivers/DisplayDxe/DisplayDxe.c	61,62,64,65,275,276,279,280,287,292,293,294,297,298,299,306,311,312,313,316,317,318,326,327,330,331,334,335,336,419,439,447	Pi2	https://github.com/worproject/RPi-UEFI-Arm32/blob/5bfd48d674e6c7efea6e31f9eb97b9da90c20263/Pi2BoardPkg/Drivers/DisplayDxe/DisplayDxe.c#L61
worproject/RPi-UEFI-Arm32	5bfd48d674e6c7efea6e31f9eb97b9da90c20263	Pi2BoardPkg/Drivers/DisplayDxe/DisplayDxe.inf	40	Pi2	https://github.com/worproject/RPi-UEFI-Arm32/blob/5bfd48d674e6c7efea6e31f9eb97b9da90c20263/Pi2BoardPkg/Drivers/DisplayDxe/DisplayDxe.inf#L40
worproject/RPi-UEFI-Arm32	5bfd48d674e6c7efea6e31f9eb97b9da90c20263	Pi2BoardPkg/Drivers/InterruptDxe/InterruptDxe.c	3,31,168	2836;BCM2836;Pi2;RPi2	https://github.com/worproject/RPi-UEFI-Arm32/blob/5bfd48d674e6c7efea6e31f9eb97b9da90c20263/Pi2BoardPkg/Drivers/InterruptDxe/InterruptDxe.c#L3
worproject/RPi-UEFI-Arm32	5bfd48d674e6c7efea6e31f9eb97b9da90c20263	Pi2BoardPkg/Drivers/InterruptDxe/InterruptDxe.inf	19,34	2836;BCM2836;Pi2	https://github.com/worproject/RPi-UEFI-Arm32/blob/5bfd48d674e6c7efea6e31f9eb97b9da90c20263/Pi2BoardPkg/Drivers/InterruptDxe/InterruptDxe.inf#L19
worproject/RPi-UEFI-Arm32	5bfd48d674e6c7efea6e31f9eb97b9da90c20263	Pi2BoardPkg/Drivers/PlatformSmbiosDxe/PlatformSmbiosDxe.c	145,148,180,676,677	Pi2;RPi2;Raspberry Pi 2	https://github.com/worproject/RPi-UEFI-Arm32/blob/5bfd48d674e6c7efea6e31f9eb97b9da90c20263/Pi2BoardPkg/Drivers/PlatformSmbiosDxe/PlatformSmbiosDxe.c#L145
worproject/RPi-UEFI-Arm32	5bfd48d674e6c7efea6e31f9eb97b9da90c20263	Pi2BoardPkg/Drivers/PlatformSmbiosDxe/PlatformSmbiosDxe.inf	43	Pi2	https://github.com/worproject/RPi-UEFI-Arm32/blob/5bfd48d674e6c7efea6e31f9eb97b9da90c20263/Pi2BoardPkg/Drivers/PlatformSmbiosDxe/PlatformSmbiosDxe.inf#L43
worproject/RPi-UEFI-Arm32	5bfd48d674e6c7efea6e31f9eb97b9da90c20263	Pi2BoardPkg/Drivers/SdHostDxe/SdHostDxe.c	33,34	2836;BCM2836	https://github.com/worproject/RPi-UEFI-Arm32/blob/5bfd48d674e6c7efea6e31f9eb97b9da90c20263/Pi2BoardPkg/Drivers/SdHostDxe/SdHostDxe.c#L33
worproject/RPi-UEFI-Arm32	5bfd48d674e6c7efea6e31f9eb97b9da90c20263	Pi2BoardPkg/Drivers/SdHostDxe/SdHostDxe.inf	28	Pi2	https://github.com/worproject/RPi-UEFI-Arm32/blob/5bfd48d674e6c7efea6e31f9eb97b9da90c20263/Pi2BoardPkg/Drivers/SdHostDxe/SdHostDxe.inf#L28
worproject/RPi-UEFI-Arm32	5bfd48d674e6c7efea6e31f9eb97b9da90c20263	Pi2BoardPkg/Include/Bcm2836.h	15,16,21,22,23,24,25,26,27,29	2836;BCM2836	https://github.com/worproject/RPi-UEFI-Arm32/blob/5bfd48d674e6c7efea6e31f9eb97b9da90c20263/Pi2BoardPkg/Include/Bcm2836.h#L15
worproject/RPi-UEFI-Arm32	5bfd48d674e6c7efea6e31f9eb97b9da90c20263	Pi2BoardPkg/Include/Bcm2836Gpio.h	15,16,46	2836;BCM2836	https://github.com/worproject/RPi-UEFI-Arm32/blob/5bfd48d674e6c7efea6e31f9eb97b9da90c20263/Pi2BoardPkg/Include/Bcm2836Gpio.h#L15
worproject/RPi-UEFI-Arm32	5bfd48d674e6c7efea6e31f9eb97b9da90c20263	Pi2BoardPkg/Include/Bcm2836Interrupt.h	15,16,19,41	2836;BCM2836	https://github.com/worproject/RPi-UEFI-Arm32/blob/5bfd48d674e6c7efea6e31f9eb97b9da90c20263/Pi2BoardPkg/Include/Bcm2836Interrupt.h#L15
worproject/RPi-UEFI-Arm32	5bfd48d674e6c7efea6e31f9eb97b9da90c20263	Pi2BoardPkg/Include/Bcm2836Mailbox.h	15,16,167	2836;BCM2836	https://github.com/worproject/RPi-UEFI-Arm32/blob/5bfd48d674e6c7efea6e31f9eb97b9da90c20263/Pi2BoardPkg/Include/Bcm2836Mailbox.h#L15
worproject/RPi-UEFI-Arm32	5bfd48d674e6c7efea6e31f9eb97b9da90c20263	Pi2BoardPkg/Include/Bcm2836MMCHS.h	15,16,211	2836;BCM2836	https://github.com/worproject/RPi-UEFI-Arm32/blob/5bfd48d674e6c7efea6e31f9eb97b9da90c20263/Pi2BoardPkg/Include/Bcm2836MMCHS.h#L15
worproject/RPi-UEFI-Arm32	5bfd48d674e6c7efea6e31f9eb97b9da90c20263	Pi2BoardPkg/Include/Bcm2836Prcm.h	15,16,33	2836;BCM2836	https://github.com/worproject/RPi-UEFI-Arm32/blob/5bfd48d674e6c7efea6e31f9eb97b9da90c20263/Pi2BoardPkg/Include/Bcm2836Prcm.h#L15
worproject/RPi-UEFI-Arm32	5bfd48d674e6c7efea6e31f9eb97b9da90c20263	Pi2BoardPkg/Include/Bcm2836SdHost.h	15,16,88	2836;BCM2836	https://github.com/worproject/RPi-UEFI-Arm32/blob/5bfd48d674e6c7efea6e31f9eb97b9da90c20263/Pi2BoardPkg/Include/Bcm2836SdHost.h#L15
worproject/RPi-UEFI-Arm32	5bfd48d674e6c7efea6e31f9eb97b9da90c20263	Pi2BoardPkg/Include/Bcm2836Timer.h	15,16,20	2836;BCM2836	https://github.com/worproject/RPi-UEFI-Arm32/blob/5bfd48d674e6c7efea6e31f9eb97b9da90c20263/Pi2BoardPkg/Include/Bcm2836Timer.h#L15
worproject/RPi-UEFI-Arm32	5bfd48d674e6c7efea6e31f9eb97b9da90c20263	Pi2BoardPkg/Include/Bcm2836Uart.h	15,16,30,32	2836;BCM2836;Pi2	https://github.com/worproject/RPi-UEFI-Arm32/blob/5bfd48d674e6c7efea6e31f9eb97b9da90c20263/Pi2BoardPkg/Include/Bcm2836Uart.h#L15
worproject/RPi-UEFI-Arm32	5bfd48d674e6c7efea6e31f9eb97b9da90c20263	Pi2BoardPkg/Include/BcmMailbox.h	17	2836;BCM2836	https://github.com/worproject/RPi-UEFI-Arm32/blob/5bfd48d674e6c7efea6e31f9eb97b9da90c20263/Pi2BoardPkg/Include/BcmMailbox.h#L17
worproject/RPi-UEFI-Arm32	5bfd48d674e6c7efea6e31f9eb97b9da90c20263	Pi2BoardPkg/Include/Pi2Board.h	3,17,18,39,50,56	Pi2;RPi2	https://github.com/worproject/RPi-UEFI-Arm32/blob/5bfd48d674e6c7efea6e31f9eb97b9da90c20263/Pi2BoardPkg/Include/Pi2Board.h#L3
worproject/RPi-UEFI-Arm32	5bfd48d674e6c7efea6e31f9eb97b9da90c20263	Pi2BoardPkg/Library/BcmGicLib/BcmGic.c	95	Pi2	https://github.com/worproject/RPi-UEFI-Arm32/blob/5bfd48d674e6c7efea6e31f9eb97b9da90c20263/Pi2BoardPkg/Library/BcmGicLib/BcmGic.c#L95
worproject/RPi-UEFI-Arm32	5bfd48d674e6c7efea6e31f9eb97b9da90c20263	Pi2BoardPkg/Library/BcmLedLib/BcmLedLib.c	18	2836;BCM2836	https://github.com/worproject/RPi-UEFI-Arm32/blob/5bfd48d674e6c7efea6e31f9eb97b9da90c20263/Pi2BoardPkg/Library/BcmLedLib/BcmLedLib.c#L18
worproject/RPi-UEFI-Arm32	5bfd48d674e6c7efea6e31f9eb97b9da90c20263	Pi2BoardPkg/Library/BcmLedLib/BcmLedLib.inf	29	Pi2	https://github.com/worproject/RPi-UEFI-Arm32/blob/5bfd48d674e6c7efea6e31f9eb97b9da90c20263/Pi2BoardPkg/Library/BcmLedLib/BcmLedLib.inf#L29
worproject/RPi-UEFI-Arm32	5bfd48d674e6c7efea6e31f9eb97b9da90c20263	Pi2BoardPkg/Library/BcmMailboxLib/BcmMailbox.c	18,19	2836;BCM2836	https://github.com/worproject/RPi-UEFI-Arm32/blob/5bfd48d674e6c7efea6e31f9eb97b9da90c20263/Pi2BoardPkg/Library/BcmMailboxLib/BcmMailbox.c#L18
worproject/RPi-UEFI-Arm32	5bfd48d674e6c7efea6e31f9eb97b9da90c20263	Pi2BoardPkg/Library/BcmMailboxLib/BcmMailboxLib.inf	28	Pi2	https://github.com/worproject/RPi-UEFI-Arm32/blob/5bfd48d674e6c7efea6e31f9eb97b9da90c20263/Pi2BoardPkg/Library/BcmMailboxLib/BcmMailboxLib.inf#L28
worproject/RPi-UEFI-Arm32	5bfd48d674e6c7efea6e31f9eb97b9da90c20263	Pi2BoardPkg/Library/Pi2BoardLib/Arm/HypExceptionSupport.S	1,48	ARMv7	https://github.com/worproject/RPi-UEFI-Arm32/blob/5bfd48d674e6c7efea6e31f9eb97b9da90c20263/Pi2BoardPkg/Library/Pi2BoardLib/Arm/HypExceptionSupport.S#L1
worproject/RPi-UEFI-Arm32	5bfd48d674e6c7efea6e31f9eb97b9da90c20263	Pi2BoardPkg/Library/Pi2BoardLib/Arm/Pi2BoardHelper.S	93	Pi2	https://github.com/worproject/RPi-UEFI-Arm32/blob/5bfd48d674e6c7efea6e31f9eb97b9da90c20263/Pi2BoardPkg/Library/Pi2BoardLib/Arm/Pi2BoardHelper.S#L93
worproject/RPi-UEFI-Arm32	5bfd48d674e6c7efea6e31f9eb97b9da90c20263	Pi2BoardPkg/Library/Pi2BoardLib/Pi2Board.c	24,25,29,38,258,268,269	2836;BCM2836;Pi2	https://github.com/worproject/RPi-UEFI-Arm32/blob/5bfd48d674e6c7efea6e31f9eb97b9da90c20263/Pi2BoardPkg/Library/Pi2BoardLib/Pi2Board.c#L24
worproject/RPi-UEFI-Arm32	5bfd48d674e6c7efea6e31f9eb97b9da90c20263	Pi2BoardPkg/Library/Pi2BoardLib/Pi2BoardLib.inf	17,29,40,41,44,61,62,63,67	Pi2	https://github.com/worproject/RPi-UEFI-Arm32/blob/5bfd48d674e6c7efea6e31f9eb97b9da90c20263/Pi2BoardPkg/Library/Pi2BoardLib/Pi2BoardLib.inf#L17
worproject/RPi-UEFI-Arm32	5bfd48d674e6c7efea6e31f9eb97b9da90c20263	Pi2BoardPkg/Library/Pi2BoardLib/Pi2BoardMem.c	23	Pi2	https://github.com/worproject/RPi-UEFI-Arm32/blob/5bfd48d674e6c7efea6e31f9eb97b9da90c20263/Pi2BoardPkg/Library/Pi2BoardLib/Pi2BoardMem.c#L23
worproject/RPi-UEFI-Arm32	5bfd48d674e6c7efea6e31f9eb97b9da90c20263	Pi2BoardPkg/Library/Pi2PcdLib/Pi2PcdLib.c	21	Pi2	https://github.com/worproject/RPi-UEFI-Arm32/blob/5bfd48d674e6c7efea6e31f9eb97b9da90c20263/Pi2BoardPkg/Library/Pi2PcdLib/Pi2PcdLib.c#L21
worproject/RPi-UEFI-Arm32	5bfd48d674e6c7efea6e31f9eb97b9da90c20263	Pi2BoardPkg/Library/Pi2PcdLib/Pi2PcdLib.inf	14,21,28,36,43	Pi2;Raspberry Pi 2	https://github.com/worproject/RPi-UEFI-Arm32/blob/5bfd48d674e6c7efea6e31f9eb97b9da90c20263/Pi2BoardPkg/Library/Pi2PcdLib/Pi2PcdLib.inf#L14
worproject/RPi-UEFI-Arm32	5bfd48d674e6c7efea6e31f9eb97b9da90c20263	Pi2BoardPkg/Library/ResetSystemLib/ResetSystemLib.c	30	2836;BCM2836	https://github.com/worproject/RPi-UEFI-Arm32/blob/5bfd48d674e6c7efea6e31f9eb97b9da90c20263/Pi2BoardPkg/Library/ResetSystemLib/ResetSystemLib.c#L30
worproject/RPi-UEFI-Arm32	5bfd48d674e6c7efea6e31f9eb97b9da90c20263	Pi2BoardPkg/Library/ResetSystemLib/ResetSystemLib.inf	31	Pi2	https://github.com/worproject/RPi-UEFI-Arm32/blob/5bfd48d674e6c7efea6e31f9eb97b9da90c20263/Pi2BoardPkg/Library/ResetSystemLib/ResetSystemLib.inf#L31
worproject/RPi-UEFI-Arm32	5bfd48d674e6c7efea6e31f9eb97b9da90c20263	Pi2BoardPkg/Library/SecLib/Arm/ModuleEntryPoint.S	16,17,19	2836;ARMv7;BCM2836	https://github.com/worproject/RPi-UEFI-Arm32/blob/5bfd48d674e6c7efea6e31f9eb97b9da90c20263/Pi2BoardPkg/Library/SecLib/Arm/ModuleEntryPoint.S#L16
worproject/RPi-UEFI-Arm32	5bfd48d674e6c7efea6e31f9eb97b9da90c20263	Pi2BoardPkg/Library/SecLib/SecLib.c	27,28	2836;BCM2836;Pi2	https://github.com/worproject/RPi-UEFI-Arm32/blob/5bfd48d674e6c7efea6e31f9eb97b9da90c20263/Pi2BoardPkg/Library/SecLib/SecLib.c#L27
worproject/RPi-UEFI-Arm32	5bfd48d674e6c7efea6e31f9eb97b9da90c20263	Pi2BoardPkg/Library/SecLib/SecLib.inf	17,28,49,50,51,52	Pi2	https://github.com/worproject/RPi-UEFI-Arm32/blob/5bfd48d674e6c7efea6e31f9eb97b9da90c20263/Pi2BoardPkg/Library/SecLib/SecLib.inf#L17
worproject/RPi-UEFI-Arm32	5bfd48d674e6c7efea6e31f9eb97b9da90c20263	Pi2BoardPkg/Pi2BoardPkg.dec	2,18,40,43,44,56,57,58,60,61,62,64,67	Pi2	https://github.com/worproject/RPi-UEFI-Arm32/blob/5bfd48d674e6c7efea6e31f9eb97b9da90c20263/Pi2BoardPkg/Pi2BoardPkg.dec#L2
worproject/RPi-UEFI-Arm32	5bfd48d674e6c7efea6e31f9eb97b9da90c20263	Pi2BoardPkg/Pi2BoardPkg.dsc	2,22,26,30,36,37,44,66,114,122,123,137,138,155,214,216,262,269,272,352,369,370,417,440,443,446,461,504,521,528,530,532,534,539,544,571,575,590,592,596,606,647,648,653,659,666,675,677,680,686	2836;ARMv7;BCM2836;Pi2	https://github.com/worproject/RPi-UEFI-Arm32/blob/5bfd48d674e6c7efea6e31f9eb97b9da90c20263/Pi2BoardPkg/Pi2BoardPkg.dsc#L2
worproject/RPi-UEFI-Arm32	5bfd48d674e6c7efea6e31f9eb97b9da90c20263	Pi2BoardPkg/Pi2BoardPkg.fdf	1,29,147,148,157,159,162,168,174,181,199	2836;BCM2836;Pi2	https://github.com/worproject/RPi-UEFI-Arm32/blob/5bfd48d674e6c7efea6e31f9eb97b9da90c20263/Pi2BoardPkg/Pi2BoardPkg.fdf#L1
worproject/RPi-UEFI-Arm32	5bfd48d674e6c7efea6e31f9eb97b9da90c20263	Pi2BoardPkg/Scripts/Lauterbach/pi2.cmm	2,13,15,76	Pi2	https://github.com/worproject/RPi-UEFI-Arm32/blob/5bfd48d674e6c7efea6e31f9eb97b9da90c20263/Pi2BoardPkg/Scripts/Lauterbach/pi2.cmm#L2
worproject/RPi-UEFI-Arm32	5bfd48d674e6c7efea6e31f9eb97b9da90c20263	Pi3BoardPkg/AcpiTables/AcpiTables.inf	32,33,34,35,36,37	Pi2	https://github.com/worproject/RPi-UEFI-Arm32/blob/5bfd48d674e6c7efea6e31f9eb97b9da90c20263/Pi3BoardPkg/AcpiTables/AcpiTables.inf#L32
worproject/RPi-UEFI-Arm32	5bfd48d674e6c7efea6e31f9eb97b9da90c20263	Pi3BoardPkg/AcpiTables/AcpiTablesWithDTpm.inf	32,33,34,35,36,37,38,39	Pi2	https://github.com/worproject/RPi-UEFI-Arm32/blob/5bfd48d674e6c7efea6e31f9eb97b9da90c20263/Pi3BoardPkg/AcpiTables/AcpiTablesWithDTpm.inf#L32
worproject/RPi-UEFI-Arm32	5bfd48d674e6c7efea6e31f9eb97b9da90c20263	Pi3BoardPkg/AcpiTables/AcpiTablesWithSTpm.inf	32,33,34,35,36,37,38,39	Pi2	https://github.com/worproject/RPi-UEFI-Arm32/blob/5bfd48d674e6c7efea6e31f9eb97b9da90c20263/Pi3BoardPkg/AcpiTables/AcpiTablesWithSTpm.inf#L32
worproject/RPi-UEFI-Arm32	5bfd48d674e6c7efea6e31f9eb97b9da90c20263	Pi3BoardPkg/AcpiTables/Uart.asl	33	2836;BCM2836	https://github.com/worproject/RPi-UEFI-Arm32/blob/5bfd48d674e6c7efea6e31f9eb97b9da90c20263/Pi3BoardPkg/AcpiTables/Uart.asl#L33
worproject/RPi-UEFI-Arm32	5bfd48d674e6c7efea6e31f9eb97b9da90c20263	Pi3BoardPkg/Drivers/PlatformSmbiosDxe/PlatformSmbiosDxe.inf	43	Pi2	https://github.com/worproject/RPi-UEFI-Arm32/blob/5bfd48d674e6c7efea6e31f9eb97b9da90c20263/Pi3BoardPkg/Drivers/PlatformSmbiosDxe/PlatformSmbiosDxe.inf#L43
worproject/RPi-UEFI-Arm32	5bfd48d674e6c7efea6e31f9eb97b9da90c20263	Pi3BoardPkg/Drivers/SdHostDxe/SdHostDxe.c	33,34	2836;BCM2836	https://github.com/worproject/RPi-UEFI-Arm32/blob/5bfd48d674e6c7efea6e31f9eb97b9da90c20263/Pi3BoardPkg/Drivers/SdHostDxe/SdHostDxe.c#L33
worproject/RPi-UEFI-Arm32	5bfd48d674e6c7efea6e31f9eb97b9da90c20263	Pi3BoardPkg/Drivers/SdHostDxe/SdHostDxe.inf	28	Pi2	https://github.com/worproject/RPi-UEFI-Arm32/blob/5bfd48d674e6c7efea6e31f9eb97b9da90c20263/Pi3BoardPkg/Drivers/SdHostDxe/SdHostDxe.inf#L28
worproject/RPi-UEFI-Arm32	5bfd48d674e6c7efea6e31f9eb97b9da90c20263	Pi3BoardPkg/Library/BcmGpioVirtLedLib/BcmGpioVirtLedLib.inf	29	Pi2	https://github.com/worproject/RPi-UEFI-Arm32/blob/5bfd48d674e6c7efea6e31f9eb97b9da90c20263/Pi3BoardPkg/Library/BcmGpioVirtLedLib/BcmGpioVirtLedLib.inf#L29
worproject/RPi-UEFI-Arm32	5bfd48d674e6c7efea6e31f9eb97b9da90c20263	Pi3BoardPkg/Library/SecLib/Arm/ModuleEntryPoint.S	16,17,19	2836;ARMv7;BCM2836	https://github.com/worproject/RPi-UEFI-Arm32/blob/5bfd48d674e6c7efea6e31f9eb97b9da90c20263/Pi3BoardPkg/Library/SecLib/Arm/ModuleEntryPoint.S#L16
worproject/RPi-UEFI-Arm32	5bfd48d674e6c7efea6e31f9eb97b9da90c20263	Pi3BoardPkg/Library/SecLib/SecLib.c	27,28	2836;BCM2836;Pi2	https://github.com/worproject/RPi-UEFI-Arm32/blob/5bfd48d674e6c7efea6e31f9eb97b9da90c20263/Pi3BoardPkg/Library/SecLib/SecLib.c#L27
worproject/RPi-UEFI-Arm32	5bfd48d674e6c7efea6e31f9eb97b9da90c20263	Pi3BoardPkg/Library/SecLib/SecLib.inf	28,49,50,51,52	Pi2	https://github.com/worproject/RPi-UEFI-Arm32/blob/5bfd48d674e6c7efea6e31f9eb97b9da90c20263/Pi3BoardPkg/Library/SecLib/SecLib.inf#L28
worproject/RPi-UEFI-Arm32	5bfd48d674e6c7efea6e31f9eb97b9da90c20263	Pi3BoardPkg/Library/SerialPortLib/SerialPortLib.c	25	2836;BCM2836	https://github.com/worproject/RPi-UEFI-Arm32/blob/5bfd48d674e6c7efea6e31f9eb97b9da90c20263/Pi3BoardPkg/Library/SerialPortLib/SerialPortLib.c#L25
worproject/RPi-UEFI-Arm32	5bfd48d674e6c7efea6e31f9eb97b9da90c20263	Pi3BoardPkg/Library/SerialPortLib/SerialPortLib.inf	41	Pi2	https://github.com/worproject/RPi-UEFI-Arm32/blob/5bfd48d674e6c7efea6e31f9eb97b9da90c20263/Pi3BoardPkg/Library/SerialPortLib/SerialPortLib.inf#L41
worproject/RPi-UEFI-Arm32	5bfd48d674e6c7efea6e31f9eb97b9da90c20263	Pi3BoardPkg/Pi3BoardPkg.dec	37	Pi2	https://github.com/worproject/RPi-UEFI-Arm32/blob/5bfd48d674e6c7efea6e31f9eb97b9da90c20263/Pi3BoardPkg/Pi3BoardPkg.dec#L37
worproject/RPi-UEFI-Arm32	5bfd48d674e6c7efea6e31f9eb97b9da90c20263	Pi3BoardPkg/Pi3BoardPkg.dsc	36,37,45,67,114,124,138,156,215,217,367,368,415,444,459,502,519,526,528,530,532,537,542,569,573,591,593,597,607,654,660,667	2836;ARMv7;BCM2836;Pi2	https://github.com/worproject/RPi-UEFI-Arm32/blob/5bfd48d674e6c7efea6e31f9eb97b9da90c20263/Pi3BoardPkg/Pi3BoardPkg.dsc#L36
worproject/RPi-UEFI-Arm32	5bfd48d674e6c7efea6e31f9eb97b9da90c20263	Pi3BoardPkg/Pi3BoardPkg.fdf	168,174,181	2836;BCM2836;Pi2	https://github.com/worproject/RPi-UEFI-Arm32/blob/5bfd48d674e6c7efea6e31f9eb97b9da90c20263/Pi3BoardPkg/Pi3BoardPkg.fdf#L168
worproject/RPi-UEFI-Arm32	5bfd48d674e6c7efea6e31f9eb97b9da90c20263	Pi3BoardPkg/Scripts/BuildPiBoard.cmd	30,32,39,41,49,51,64,66,67,73,75,77,98	Pi2	https://github.com/worproject/RPi-UEFI-Arm32/blob/5bfd48d674e6c7efea6e31f9eb97b9da90c20263/Pi3BoardPkg/Scripts/BuildPiBoard.cmd#L30
worproject/RPi-UEFI-Arm32	5bfd48d674e6c7efea6e31f9eb97b9da90c20263	Pi3BoardPkg/Scripts/BuildPostProcess.cmd	22,24,34,56,58,59,71,74,112,114,115,137,144,169	Pi2	https://github.com/worproject/RPi-UEFI-Arm32/blob/5bfd48d674e6c7efea6e31f9eb97b9da90c20263/Pi3BoardPkg/Scripts/BuildPostProcess.cmd#L22
worproject/RPi-UEFI-Arm32	5bfd48d674e6c7efea6e31f9eb97b9da90c20263	Pi3BoardPkg/Scripts/DeployPiBootImage.bat	32,34,71	Pi2	https://github.com/worproject/RPi-UEFI-Arm32/blob/5bfd48d674e6c7efea6e31f9eb97b9da90c20263/Pi3BoardPkg/Scripts/DeployPiBootImage.bat#L32
worproject/RPi-UEFI-Arm32	5bfd48d674e6c7efea6e31f9eb97b9da90c20263	Pi3BoardPkg/Scripts/startup_build.cmd	51	ARMv7	https://github.com/worproject/RPi-UEFI-Arm32/blob/5bfd48d674e6c7efea6e31f9eb97b9da90c20263/Pi3BoardPkg/Scripts/startup_build.cmd#L51
worproject/RPi-UEFI-Arm32	5bfd48d674e6c7efea6e31f9eb97b9da90c20263	Pi3BoardPkg/Scripts/startup.S	12,13,21,32	Cortex-A7;Pi2	https://github.com/worproject/RPi-UEFI-Arm32/blob/5bfd48d674e6c7efea6e31f9eb97b9da90c20263/Pi3BoardPkg/Scripts/startup.S#L12
worproject/RPi-UEFI-Arm32	5bfd48d674e6c7efea6e31f9eb97b9da90c20263	README.md	1,15,17,18,20	Pi2	https://github.com/worproject/RPi-UEFI-Arm32/blob/5bfd48d674e6c7efea6e31f9eb97b9da90c20263/README.md#L1
worproject/RPi-UEFI-Arm32	5bfd48d674e6c7efea6e31f9eb97b9da90c20263	ShellPkg/Library/UefiShellCommandLib/ConsistMapping.c	350,357,358,362	Pi2	https://github.com/worproject/RPi-UEFI-Arm32/blob/5bfd48d674e6c7efea6e31f9eb97b9da90c20263/ShellPkg/Library/UefiShellCommandLib/ConsistMapping.c#L350
worproject/RPi-UEFI-Arm32	5bfd48d674e6c7efea6e31f9eb97b9da90c20263	ShellPkg/Library/UefiShellDebug1CommandsLib/Dmem.c	110,173,179,180,212	Pi2	https://github.com/worproject/RPi-UEFI-Arm32/blob/5bfd48d674e6c7efea6e31f9eb97b9da90c20263/ShellPkg/Library/UefiShellDebug1CommandsLib/Dmem.c#L110
worproject/RPi-UEFI-Arm32	5bfd48d674e6c7efea6e31f9eb97b9da90c20263	ShellPkg/Library/UefiShellDebug1CommandsLib/UefiShellDebug1CommandsLib.inf	135	Pi2	https://github.com/worproject/RPi-UEFI-Arm32/blob/5bfd48d674e6c7efea6e31f9eb97b9da90c20263/ShellPkg/Library/UefiShellDebug1CommandsLib/UefiShellDebug1CommandsLib.inf#L135
worproject/RPi-UEFI-Arm32	5bfd48d674e6c7efea6e31f9eb97b9da90c20263	StdLib/Include/Arm/machine/types.h	68	ARMv7	https://github.com/worproject/RPi-UEFI-Arm32/blob/5bfd48d674e6c7efea6e31f9eb97b9da90c20263/StdLib/Include/Arm/machine/types.h#L68
worproject/RPi-UEFI-Arm32	5bfd48d674e6c7efea6e31f9eb97b9da90c20263	StdLib/Include/Ipf/machine/efi.h	40	Pi2	https://github.com/worproject/RPi-UEFI-Arm32/blob/5bfd48d674e6c7efea6e31f9eb97b9da90c20263/StdLib/Include/Ipf/machine/efi.h#L40
worproject/RPi-UEFI-Arm32	5bfd48d674e6c7efea6e31f9eb97b9da90c20263	StdLib/LibC/StdLib/Rand.c	42,57	2836	https://github.com/worproject/RPi-UEFI-Arm32/blob/5bfd48d674e6c7efea6e31f9eb97b9da90c20263/StdLib/LibC/StdLib/Rand.c#L42
worproject/RPi-UEFI-Arm32	5bfd48d674e6c7efea6e31f9eb97b9da90c20263	TexasInstrumentsPkg/BeagleBoneBlackPkg/BeagleBoneBlackPkg.dsc	114,138,189,191	ARMv7	https://github.com/worproject/RPi-UEFI-Arm32/blob/5bfd48d674e6c7efea6e31f9eb97b9da90c20263/TexasInstrumentsPkg/BeagleBoneBlackPkg/BeagleBoneBlackPkg.dsc#L114
worproject/RPi-Windows-Drivers	b19eb98bd8a354349d47b0801360f72d0a9ac04a	README.md	41,47,66,72	2836;BCM2836	https://github.com/worproject/RPi-Windows-Drivers/blob/b19eb98bd8a354349d47b0801360f72d0a9ac04a/README.md#L41
